CustomerID,Exited
105000,0.4325798871909223
105001,0.041720170129251055
105002,0.6440835916704837
105003,0.17007913282836273
105004,0.05118177079218854
105005,0.047248342140102706
105006,0.28121782780699034
105007,0.36724229828913724
105008,0.23215277824581895
105009,0.2151782682332925
105010,0.20500687399809425
105011,0.09102300104107927
105012,0.05380647359347724
105013,0.3023946957570532
105014,0.030871830812502023
105015,0.7382273345733532
105016,0.029884047481444666
105017,0.02341920985434659
105018,0.030219157620079963
105019,0.310858917291506
105020,0.2844802251957057
105021,0.05229690719284851
105022,0.21787565574552753
105023,0.11941809644621183
105024,0.021775944509695597
105025,0.25178071293305343
105026,0.12337187615504468
105027,0.31193364303300825
105028,0.12567734652356466
105029,0.13838091350872145
105030,0.19590566508983245
105031,0.11251979229875048
105032,0.5035711696081078
105033,0.2838077542233702
105034,0.07485151410241846
105035,0.19070249449234997
105036,0.033175527051803155
105037,0.8455033809160479
105038,0.024288023935427627
105039,0.22049209946709286
105040,0.13776106416786593
105041,0.10275564737121648
105042,0.3698830998604656
105043,0.42740081058570395
105044,0.03512316247473445
105045,0.028948042500172813
105046,0.11967297330361772
105047,0.19431176166824043
105048,0.9389174776092036
105049,0.06816586522887141
105050,0.32455655091146146
105051,0.31728559555950336
105052,0.01633062729514628
105053,0.07767457938179825
105054,0.5547865147733274
105055,0.26151752550538554
105056,0.07024489890107868
105057,0.16430852617720204
105058,0.04040398450229141
105059,0.07444116256608924
105060,0.11964088962600489
105061,0.0296637079934669
105062,0.36893743344838437
105063,0.5449298857574556
105064,0.23791681839792203
105065,0.20245410868379127
105066,0.1476095338554303
105067,0.8799154548944125
105068,0.03449428223449788
105069,0.056541625212588514
105070,0.8104198638203133
105071,0.03628892872710203
105072,0.04788334964424681
105073,0.44215971376828334
105074,0.06122831551760328
105075,0.034689566760228954
105076,0.2907982810506193
105077,0.1656619617070163
105078,0.32432444411494504
105079,0.034300701705793656
105080,0.4845878497542778
105081,0.26864509675767506
105082,0.746449271851503
105083,0.3135372212853963
105084,0.051531490270477286
105085,0.06274414476830367
105086,0.04799019284237479
105087,0.34976672999588443
105088,0.2216003591612256
105089,0.08452677230250746
105090,0.3543716969750553
105091,0.7832626969952555
105092,0.13818891316530238
105093,0.0668319241593613
105094,0.06635590417281817
105095,0.017296395832826217
105096,0.2508146007678956
105097,0.2848213086184856
105098,0.28268923201903734
105099,0.10051797765397247
105100,0.4401008414628509
105101,0.037472891108425596
105102,0.04601623240115691
105103,0.054273619534011976
105104,0.14435309782631575
105105,0.07416605990212015
105106,0.09470611255482891
105107,0.14507242563063877
105108,0.18300210613640328
105109,0.034906811807634004
105110,0.9227824332162788
105111,0.09471671442394537
105112,0.06781643601809241
105113,0.09604484576700949
105114,0.7569776080201069
105115,0.8658879083286679
105116,0.4969182880648119
105117,0.046685932275052675
105118,0.043923228942709835
105119,0.032619808625887925
105120,0.2773561486044049
105121,0.23403042260029844
105122,0.19951334629769585
105123,0.03179132827452244
105124,0.09631572981186404
105125,0.07646788014334598
105126,0.3978778674987815
105127,0.15965935260645184
105128,0.017570973129256623
105129,0.026914550828923838
105130,0.04229923857372888
105131,0.21422205787319484
105132,0.054480678170051026
105133,0.08365214222072437
105134,0.09396752947393572
105135,0.9128572260121388
105136,0.16240752206598283
105137,0.04963283757982875
105138,0.10166097765931616
105139,0.02655235268699048
105140,0.21759129590824738
105141,0.016101418628068798
105142,0.2283697627717735
105143,0.07957843776079855
105144,0.13623374515984352
105145,0.14129166102983295
105146,0.7788387541007553
105147,0.325584148092392
105148,0.032220595484734944
105149,0.8264393072765541
105150,0.021694249868772233
105151,0.3090913836483651
105152,0.1411426858461928
105153,0.5510870580242261
105154,0.6984667269070572
105155,0.023106406223957345
105156,0.14645097898962403
105157,0.10128865960888066
105158,0.044996645192979454
105159,0.027902365968056085
105160,0.08445671808488141
105161,0.8582606563409683
105162,0.7099482161638729
105163,0.058218190536505544
105164,0.13235220515765037
105165,0.06918960227455066
105166,0.03558819910198715
105167,0.9020455757352053
105168,0.0594562507906071
105169,0.10126600525085144
105170,0.7805037310492852
105171,0.3010557621544938
105172,0.03894155603282119
105173,0.3015242910475536
105174,0.025066228355946858
105175,0.02007510391947742
105176,0.040851543291110876
105177,0.22843293645710303
105178,0.2812912143131051
105179,0.07124945486074676
105180,0.03727214556085647
105181,0.2623526658448213
105182,0.027262951671282086
105183,0.03579146641175149
105184,0.054388332849455205
105185,0.44591368346830007
105186,0.02405790715242618
105187,0.24295673379849048
105188,0.027406426697125206
105189,0.13433637223257602
105190,0.038034496400128875
105191,0.15595309428950002
105192,0.030491339878396875
105193,0.030682298153489797
105194,0.0871211469381723
105195,0.32841410705506535
105196,0.20459698094222784
105197,0.03620573229360097
105198,0.2097250245061804
105199,0.17795899938138754
105200,0.04725276378585068
105201,0.2094341678224571
105202,0.19027665517203193
105203,0.10376368211949351
105204,0.22024932546072315
105205,0.7044555479700709
105206,0.12176358282035883
105207,0.27662961492933236
105208,0.034179596366803934
105209,0.21425213726235054
105210,0.9461330077601648
105211,0.021935747441996833
105212,0.04798131425732948
105213,0.11659279880184677
105214,0.9518197016188503
105215,0.816111027864021
105216,0.03832272426317267
105217,0.08552682189851292
105218,0.4737746266887643
105219,0.053972432197373514
105220,0.03528212912599188
105221,0.04494132752926378
105222,0.11063707766118236
105223,0.2980640734219901
105224,0.9258932197978653
105225,0.5327486392781634
105226,0.04981854924317564
105227,0.08459020783866347
105228,0.19886117557459235
105229,0.1479193592795329
105230,0.12777778197475514
105231,0.038253954770163315
105232,0.029536887623208375
105233,0.18509367136993615
105234,0.04166921919559982
105235,0.16383682434814928
105236,0.3398525102803266
105237,0.19474708540947838
105238,0.0525112590372262
105239,0.43961925428735776
105240,0.15397388325188163
105241,0.08035221396027559
105242,0.13763650331345617
105243,0.8463333911049079
105244,0.9544410097124032
105245,0.09891816059537353
105246,0.047424915310431644
105247,0.5143413534208877
105248,0.07298565012667053
105249,0.21724609284714835
105250,0.13427243662280253
105251,0.015884746059203963
105252,0.7436628626709422
105253,0.04551771683568651
105254,0.020234701712075517
105255,0.03807516519462309
105256,0.04871585362405714
105257,0.10029036330293215
105258,0.0676043223908703
105259,0.0759314095579692
105260,0.03240513910312042
105261,0.07219315228232324
105262,0.12309281018470014
105263,0.04958435851042913
105264,0.04617930195726627
105265,0.07298590617056601
105266,0.05962788344228845
105267,0.11289997305029015
105268,0.6802793953762778
105269,0.24501765415255058
105270,0.3909073849682048
105271,0.01688064863788824
105272,0.04050289713544748
105273,0.10013411925792098
105274,0.09359989211346315
105275,0.050401434505140785
105276,0.49224554584540714
105277,0.3319053240666641
105278,0.01898556173074506
105279,0.02888831484654386
105280,0.8524278520373834
105281,0.12281814239131444
105282,0.2615596375714284
105283,0.7516031326835949
105284,0.034745552901716194
105285,0.01542275039906404
105286,0.03248870162707868
105287,0.7101913140370449
105288,0.044459766452514156
105289,0.48583532155295217
105290,0.028837050305767244
105291,0.09569708163465881
105292,0.04247278045818325
105293,0.08948522029372842
105294,0.1786643167497474
105295,0.030167693982624446
105296,0.02456250580327845
105297,0.019567766736425754
105298,0.02696883027231873
105299,0.35820185850077246
105300,0.10291634635909525
105301,0.08368053913245711
105302,0.05416391754574854
105303,0.2858086509030607
105304,0.07142848387214447
105305,0.6834983226398471
105306,0.08362968944793693
105307,0.019088522598908718
105308,0.06366481028901201
105309,0.7796866281006285
105310,0.07898480461805174
105311,0.015923884566641403
105312,0.019132235773257806
105313,0.42815045544173447
105314,0.016281765516441015
105315,0.5660966541040104
105316,0.34689732783645855
105317,0.06626179570267297
105318,0.8294355912576331
105319,0.527739507182572
105320,0.025990939025462238
105321,0.2187591164437235
105322,0.12864069690768137
105323,0.05273483799559105
105324,0.047661445712041346
105325,0.08793877857279465
105326,0.10187776280576905
105327,0.3145442968068386
105328,0.04970105547166264
105329,0.3054182095031804
105330,0.022823875450501654
105331,0.20638013293133742
105332,0.02516153919540547
105333,0.07894372990913416
105334,0.10517377924747898
105335,0.03809156463079501
105336,0.08153123524578189
105337,0.08560439326360343
105338,0.2399922520603129
105339,0.1341804576478881
105340,0.11480362161869047
105341,0.06929856007718478
105342,0.03603856625447089
105343,0.11390081283715006
105344,0.08305772370925552
105345,0.057620139065121645
105346,0.06086628452482633
105347,0.31928667151050255
105348,0.2057730714470697
105349,0.8605576600222105
105350,0.05088778716040779
105351,0.21290884524473772
105352,0.2266804202892847
105353,0.07933165194599771
105354,0.020663496783685543
105355,0.04659176593794125
105356,0.043838212856518226
105357,0.14873789766423834
105358,0.038972687580040945
105359,0.11359953325309555
105360,0.025422922978007176
105361,0.5155157205539257
105362,0.21709697886936544
105363,0.11523388886487985
105364,0.6036655918984056
105365,0.5976799782159946
105366,0.0823593797783659
105367,0.14846831839981767
105368,0.5404201611060913
105369,0.026300005331468514
105370,0.2251818484313985
105371,0.05218978398372097
105372,0.01663184550186324
105373,0.03563731357006662
105374,0.0421017210142169
105375,0.2131149045709312
105376,0.06020100756087508
105377,0.032851239461581146
105378,0.19104024566120975
105379,0.1365194384393393
105380,0.15844906304000858
105381,0.21042993016863717
105382,0.036352590932594755
105383,0.341582611011674
105384,0.10102266741026157
105385,0.25108551129346746
105386,0.1640738218244606
105387,0.07735883163565395
105388,0.09199518613401317
105389,0.07612542245210704
105390,0.18064779246770446
105391,0.5308582054310228
105392,0.17959644821802367
105393,0.2923360159884344
105394,0.1294436503916403
105395,0.03532616808440955
105396,0.5288686582004001
105397,0.04079219094210297
105398,0.016885278438653926
105399,0.080026645389675
105400,0.21440243207742557
105401,0.0689539396761401
105402,0.07599958957198677
105403,0.23200352360906
105404,0.202267336114645
105405,0.09634293248200669
105406,0.05237978566217971
105407,0.37866690691449856
105408,0.018087590412065747
105409,0.23289194757028706
105410,0.8577684269690913
105411,0.7785177726856031
105412,0.029483178942557278
105413,0.5426842132386154
105414,0.29447917039747756
105415,0.03834214983967575
105416,0.021429412147553402
105417,0.04965447049281201
105418,0.2612254303669196
105419,0.02799131283084124
105420,0.016233979697743296
105421,0.06805148466111778
105422,0.032859142315533524
105423,0.031176541540909306
105424,0.5111760063626616
105425,0.06962524228434579
105426,0.04326873796813827
105427,0.4373081147389597
105428,0.11773036908513591
105429,0.5502966476857089
105430,0.09393409292079041
105431,0.18999976248702943
105432,0.4408355363307934
105433,0.028587069923075456
105434,0.03296419649367312
105435,0.02814545189299441
105436,0.44198704672320716
105437,0.40009633404308115
105438,0.11952072350718114
105439,0.08698660853319393
105440,0.09325922990861261
105441,0.06695789889339344
105442,0.045505833111357516
105443,0.04018181757819204
105444,0.6499926829029447
105445,0.0811151947069217
105446,0.027118730610132587
105447,0.09131704321562015
105448,0.07667180693409653
105449,0.34343168075400016
105450,0.0648017857424423
105451,0.01953744560790977
105452,0.05157075049312858
105453,0.06633835756691536
105454,0.0378530681304
105455,0.18578907118670573
105456,0.05170701995130979
105457,0.03451097377450325
105458,0.02139118999500913
105459,0.753523022766322
105460,0.03246842777771935
105461,0.050110876399159024
105462,0.44466736204104956
105463,0.017091979145895463
105464,0.1447099374028968
105465,0.1632520756378023
105466,0.492054808342629
105467,0.16383366381005082
105468,0.09972692394512549
105469,0.030009756435876264
105470,0.8964285462456737
105471,0.08753225517482018
105472,0.7904735312116136
105473,0.3312362588473992
105474,0.3268806911325616
105475,0.016925811258352907
105476,0.039181553117295806
105477,0.07312116347975177
105478,0.6890830477714402
105479,0.15879520226299296
105480,0.1022648799555574
105481,0.02775968930450538
105482,0.030430192042028223
105483,0.04385225405869086
105484,0.44865679282392834
105485,0.4093238921376415
105486,0.016595747460762627
105487,0.043694548119166635
105488,0.19692216030538073
105489,0.05087501688356002
105490,0.02200859158617789
105491,0.019786497512046506
105492,0.15815586265868625
105493,0.02800816727007303
105494,0.028531090494502146
105495,0.026665500898998676
105496,0.02356270908616688
105497,0.8446467680001004
105498,0.016517839645962464
105499,0.08705081768113626
105500,0.1803979549181403
105501,0.07103345038784428
105502,0.1611095767453601
105503,0.058026172966006415
105504,0.3022368999276479
105505,0.14985016318543276
105506,0.01831690068067078
105507,0.4721191867149882
105508,0.8220768261837144
105509,0.21402047909156577
105510,0.06414695109545009
105511,0.21466982621162234
105512,0.07585627394100312
105513,0.11050579091282793
105514,0.42326763261737543
105515,0.017843886662035346
105516,0.7421509003039826
105517,0.12435782804765928
105518,0.35577270005870276
105519,0.02339863869704438
105520,0.08443924902878115
105521,0.26511197390236535
105522,0.11018224189786913
105523,0.1142332783640595
105524,0.38541594056833484
105525,0.020940299295198073
105526,0.14251123761532383
105527,0.033756638788181886
105528,0.13913252130328252
105529,0.16457120128737368
105530,0.05581698136616102
105531,0.017294879899929855
105532,0.06004237211557517
105533,0.45914510237427525
105534,0.02755132404704558
105535,0.032476124222178104
105536,0.1688763772875796
105537,0.05907240406734997
105538,0.0172990658300034
105539,0.037669761202399836
105540,0.2524849474469668
105541,0.12973985288153037
105542,0.06409297357779042
105543,0.1405291147797165
105544,0.935268212101881
105545,0.3212754138248817
105546,0.018453743001950147
105547,0.18937747516071843
105548,0.07950153879339879
105549,0.060634165001526644
105550,0.522930071418055
105551,0.15438236226250196
105552,0.0505934936894322
105553,0.19807654021274634
105554,0.04244057831493271
105555,0.020723990484075777
105556,0.12420406295732606
105557,0.16756795373920388
105558,0.18553156769903717
105559,0.0689263341330429
105560,0.06272428982837969
105561,0.196082156011514
105562,0.1384059257227479
105563,0.01996120992968112
105564,0.10909733161072903
105565,0.05101796167873831
105566,0.01949446771824003
105567,0.1756849407494259
105568,0.13372195465781242
105569,0.12834239779799156
105570,0.23941365081058902
105571,0.9214331114666785
105572,0.1352383892337378
105573,0.8578635008359634
105574,0.02897172407334733
105575,0.4347508202764977
105576,0.04028870822970259
105577,0.0490077810189324
105578,0.019154588012298843
105579,0.06849526720924168
105580,0.45090708183238876
105581,0.09521614179520474
105582,0.34220199471045004
105583,0.44098108186634827
105584,0.03870633195418693
105585,0.21087417851043266
105586,0.05508429284092002
105587,0.02739438386020723
105588,0.05401230588363549
105589,0.0631734923230093
105590,0.018060920272445914
105591,0.027055209224512763
105592,0.16203797209727538
105593,0.05790991509731415
105594,0.05278335393939046
105595,0.11547516392975862
105596,0.032841380467252566
105597,0.07676815802767888
105598,0.016042480873462408
105599,0.10516493021802803
105600,0.8986720438175286
105601,0.03435963575153144
105602,0.13514052317173111
105603,0.0749467460768258
105604,0.02850548041909429
105605,0.19933297261390562
105606,0.059900725214077695
105607,0.13845578295003055
105608,0.05245294438211037
105609,0.1881009757461458
105610,0.21320335896583326
105611,0.18184635041887207
105612,0.4328294333039946
105613,0.14349521968621773
105614,0.03950508013576192
105615,0.84408210563786
105616,0.5162164256545575
105617,0.7934137924295686
105618,0.24124018682603685
105619,0.42569183526354476
105620,0.027425117521260915
105621,0.10210135329290031
105622,0.5031751104610649
105623,0.03800688863530697
105624,0.03984051215814067
105625,0.2425848314462226
105626,0.0223715575687238
105627,0.030422612918622
105628,0.06044717504556873
105629,0.10542342498073119
105630,0.05492351424787248
105631,0.1553649037354098
105632,0.18977720142313179
105633,0.04352521012405347
105634,0.37786175470157174
105635,0.03381673863732151
105636,0.029399261968436143
105637,0.0924913518279656
105638,0.436826461665678
105639,0.14729827893520372
105640,0.04509776965847248
105641,0.8434740075261994
105642,0.8757930046022151
105643,0.11874876449148247
105644,0.19193220604284675
105645,0.8624304707314657
105646,0.2162483613199846
105647,0.03941559098350643
105648,0.23965034241423405
105649,0.0455017349903298
105650,0.052506119673388425
105651,0.06046214087407119
105652,0.01842325116085474
105653,0.648083040593778
105654,0.055177473498325226
105655,0.03884570568988893
105656,0.2575774515904745
105657,0.032582647135712225
105658,0.038399858337808485
105659,0.04067975871519864
105660,0.2363529076043557
105661,0.1885838945306148
105662,0.036056252438964854
105663,0.028077560437077004
105664,0.01804530918345247
105665,0.12153600653737683
105666,0.10069137164029945
105667,0.5551491265343117
105668,0.5745882162796918
105669,0.052397423864119254
105670,0.8665862339516568
105671,0.03050792580735382
105672,0.18893231677704844
105673,0.05172538991108906
105674,0.2650790271112057
105675,0.08325792587886201
105676,0.20017725556181595
105677,0.14339434459533604
105678,0.03427373809301655
105679,0.04952147747318751
105680,0.24671379362894513
105681,0.3085721672428158
105682,0.3706906662398038
105683,0.9405217949978117
105684,0.0539682101225523
105685,0.15344559063595303
105686,0.027667030324858784
105687,0.027987521594571917
105688,0.3578184973045024
105689,0.10598809090329878
105690,0.9140431750200195
105691,0.6907457180492023
105692,0.32983513080274635
105693,0.38872335988775175
105694,0.08407244933664486
105695,0.05629735521472574
105696,0.10038022071567983
105697,0.302095265785494
105698,0.2395262827533842
105699,0.13725151354780704
105700,0.04501063647524339
105701,0.14251008790070474
105702,0.2042887832796061
105703,0.18438852840488798
105704,0.06870422483590895
105705,0.15496094748028413
105706,0.5254421263480523
105707,0.09687828827290827
105708,0.03248593079608306
105709,0.17031348462527787
105710,0.2437717941156805
105711,0.2883678034873919
105712,0.27617310151252145
105713,0.21459589423632444
105714,0.07578702967266308
105715,0.27190550198357866
105716,0.1590629537809486
105717,0.8278486456365727
105718,0.8408891430212019
105719,0.03182501930353992
105720,0.0665935252775111
105721,0.24942177186264428
105722,0.11753568778607529
105723,0.06884682584503661
105724,0.07633546844935282
105725,0.5564890371194677
105726,0.19148225816082654
105727,0.039442442198978064
105728,0.04691308329021002
105729,0.10221570998882032
105730,0.12453958852876737
105731,0.045831941011215606
105732,0.13030603079048841
105733,0.21262541769042534
105734,0.09988897542029951
105735,0.2768263316936195
105736,0.2835413228635202
105737,0.31656593720319653
105738,0.11323953549401938
105739,0.12021150811252419
105740,0.17623497192829585
105741,0.02812467168801012
105742,0.13150718322850086
105743,0.09018876112544642
105744,0.02023663530246533
105745,0.4548781794100674
105746,0.7457694068972608
105747,0.06477567293033601
105748,0.38834502895244244
105749,0.1823010266932423
105750,0.08583321922094612
105751,0.06468743391187289
105752,0.03967321568785895
105753,0.8965762580884427
105754,0.1909028204002672
105755,0.8222203879055411
105756,0.26214270327553135
105757,0.025529598409691844
105758,0.23678637427738689
105759,0.017520953057848114
105760,0.029600587808409094
105761,0.08214967942219804
105762,0.042644931336961206
105763,0.22651296324233
105764,0.32534636284027646
105765,0.2162188099535712
105766,0.9314718185091713
105767,0.016557032969319926
105768,0.0444059006387339
105769,0.12063008549010176
105770,0.9259394337552825
105771,0.21531620617183214
105772,0.07596750849290845
105773,0.44480282307006885
105774,0.7089296227375831
105775,0.10422646965061308
105776,0.13245659585076525
105777,0.2394750681178247
105778,0.13911654008311392
105779,0.725731823708427
105780,0.05158532623210682
105781,0.44704470328787277
105782,0.02008800133217198
105783,0.06212990651368021
105784,0.03264975132545242
105785,0.018670824682614502
105786,0.08760385894607396
105787,0.026960351081659423
105788,0.8682676219169279
105789,0.03110435005269454
105790,0.01994906372799647
105791,0.07282468321772947
105792,0.9103423252081027
105793,0.049321537981020847
105794,0.4199597396110838
105795,0.07331096668952874
105796,0.03207499860130353
105797,0.30473013046201425
105798,0.21260885133163845
105799,0.030468975814488583
105800,0.4849471734183563
105801,0.027803873503635782
105802,0.098711932157081
105803,0.023930853901509227
105804,0.025655008445451752
105805,0.46950949337414194
105806,0.09056510238512186
105807,0.11286739705548528
105808,0.03600922963748784
105809,0.026521464983116794
105810,0.17144018062011196
105811,0.325198325671652
105812,0.07924142082163267
105813,0.09434351674345602
105814,0.2794531253684793
105815,0.7676047007461003
105816,0.021708998222339848
105817,0.13026046637128066
105818,0.07797992189119303
105819,0.11071904546347532
105820,0.06148520361804068
105821,0.01626598747235176
105822,0.1421970815763908
105823,0.6621532222202058
105824,0.3616150570616742
105825,0.05020636002991391
105826,0.04938071392684509
105827,0.14002039901127827
105828,0.24838991163424648
105829,0.11733962843745807
105830,0.017582544325722756
105831,0.028349502826538673
105832,0.04047726921751785
105833,0.09841470522721076
105834,0.13985839525288457
105835,0.10232777914683608
105836,0.13554398856179864
105837,0.2357461507297722
105838,0.026030829026233052
105839,0.8531199632170171
105840,0.09090638837468965
105841,0.1362573928340678
105842,0.6378409359088874
105843,0.539589537335485
105844,0.016156188983759086
105845,0.07580994059482245
105846,0.21744519803306267
105847,0.10278406504167596
105848,0.5986125583477221
105849,0.5797326968123538
105850,0.1478914833742373
105851,0.11078540965822019
105852,0.12643983112348076
105853,0.022404664217398573
105854,0.2189473281324953
105855,0.1407029041737915
105856,0.09240033223207751
105857,0.38129562107088666
105858,0.09411742488808025
105859,0.05108907193672358
105860,0.3019300365991965
105861,0.077773019549313
105862,0.0297906282268273
105863,0.034733675945810935
105864,0.24063538442583296
105865,0.3265108435261422
105866,0.057023528391104604
105867,0.046491404645759446
105868,0.17266769165665508
105869,0.6351765456775279
105870,0.20835285361235212
105871,0.056516123118986884
105872,0.030025667365491417
105873,0.07902349559814582
105874,0.07329256996472243
105875,0.408715008641675
105876,0.1618916601100781
105877,0.30467389341749346
105878,0.09633247018197705
105879,0.025777105608086017
105880,0.17023107721695474
105881,0.03583815389612199
105882,0.09608671990512199
105883,0.43444887289712064
105884,0.3415278104900302
105885,0.19401446770523711
105886,0.17948334847457106
105887,0.5454397549424387
105888,0.24841215904220543
105889,0.02818769804985555
105890,0.8685324656863677
105891,0.5071668724279994
105892,0.36603469306637126
105893,0.03400186932280345
105894,0.028819192563130508
105895,0.1883460434368053
105896,0.555191508343268
105897,0.38492083775560676
105898,0.1125249601998434
105899,0.08021611749275269
105900,0.17602884578238892
105901,0.06512225043778734
105902,0.027813565143484455
105903,0.3666975938229774
105904,0.036445279616272384
105905,0.12329729712904457
105906,0.044497266144536765
105907,0.09176099407803527
105908,0.18553832368786757
105909,0.0597189677712075
105910,0.879335295322679
105911,0.04282903726917301
105912,0.09241096335464628
105913,0.05698063392979321
105914,0.10798433635008144
105915,0.1488824790892491
105916,0.1982177701237239
105917,0.571940907999086
105918,0.01650303455241764
105919,0.1911345034324386
105920,0.1218866658323332
105921,0.03648098657212807
105922,0.13014798966934035
105923,0.14726606963319266
105924,0.1586079318076893
105925,0.0647888776326059
105926,0.13744601352812788
105927,0.17792413714791858
105928,0.4756589059504755
105929,0.18399871051587333
105930,0.017043797480287694
105931,0.055484748623643595
105932,0.05216287409174463
105933,0.09880142368150223
105934,0.06602182492572642
105935,0.11255789364344307
105936,0.2641224101264434
105937,0.03596612015854579
105938,0.16447876453482133
105939,0.09417338131178098
105940,0.21213497562372685
105941,0.19980141318990588
105942,0.021867512488147518
105943,0.8603975205680722
105944,0.02056384824921332
105945,0.40638781087985987
105946,0.03948286389617556
105947,0.18256444356006057
105948,0.1841200803672022
105949,0.40639670944302664
105950,0.14637195992089583
105951,0.20407607040282466
105952,0.17138569103703388
105953,0.11588557856525876
105954,0.45196835747993425
105955,0.12268604954556277
105956,0.03589744758770873
105957,0.047628828224270066
105958,0.1453219234032917
105959,0.03337378357036611
105960,0.10854676058225213
105961,0.21674588279312337
105962,0.2833424668504641
105963,0.1512051098005392
105964,0.1581730774106756
105965,0.20177383238123764
105966,0.06733496089707133
105967,0.45995352057831335
105968,0.3880226560153465
105969,0.03080888101413716
105970,0.911402013046845
105971,0.3568705455721458
105972,0.035027513068376134
105973,0.18607449740693224
105974,0.2713921208588091
105975,0.02420271994768705
105976,0.09076422357125752
105977,0.016385158394668763
105978,0.09010157011066108
105979,0.18533309870278336
105980,0.34423321406312724
105981,0.24293205797226827
105982,0.14551161113139346
105983,0.6736531083914693
105984,0.14634541834503
105985,0.04912306940909982
105986,0.03800066243888243
105987,0.0693595358536193
105988,0.10438841159700858
105989,0.03840516007397874
105990,0.9497190163066203
105991,0.8052115962392435
105992,0.34703975745404614
105993,0.08963439413744351
105994,0.5737893037183692
105995,0.19195400668067567
105996,0.07800087959087265
105997,0.02753223178100058
105998,0.24323691535264932
105999,0.2541380860176852
106000,0.39415540549797107
106001,0.038311044979609264
106002,0.09916096364688758
106003,0.05421352436762818
106004,0.17632576209208195
106005,0.08158323541947354
106006,0.02945988543283095
106007,0.03111115754168411
106008,0.640469775609895
106009,0.9434458873917679
106010,0.19663714694045667
106011,0.16907126834358255
106012,0.04314281812406001
106013,0.014871939173966233
106014,0.07084191414237402
106015,0.27791524264324297
106016,0.020246200839061278
106017,0.2959583389675379
106018,0.02742121054950199
106019,0.2551054700836492
106020,0.2941541057990662
106021,0.05101523275809174
106022,0.3223237183113058
106023,0.35133711841056964
106024,0.17153566522938957
106025,0.10304234431203757
106026,0.04839493950197022
106027,0.024863140137658085
106028,0.204944883114179
106029,0.023492243702132435
106030,0.04001902476606957
106031,0.04790074493956017
106032,0.8931506528135497
106033,0.20233415093481064
106034,0.10871965906758907
106035,0.0741750143877489
106036,0.14850044155336922
106037,0.04068548181916279
106038,0.08573864663515472
106039,0.10986787812706814
106040,0.09042277465251884
106041,0.025534965248769637
106042,0.8199153506708636
106043,0.21033061401032968
106044,0.8515841790662654
106045,0.7856970419362841
106046,0.0814728755613033
106047,0.0417249922270792
106048,0.03853631544830596
106049,0.26191541832859827
106050,0.19539970061186204
106051,0.14121369880014978
106052,0.8381417626321556
106053,0.1559794360886492
106054,0.036873652876356515
106055,0.07433866893700773
106056,0.1007474677659642
106057,0.2510195093461543
106058,0.9042861084812573
106059,0.8550449237829157
106060,0.06808817289170538
106061,0.06746240654842937
106062,0.2636629338693327
106063,0.4677691677230315
106064,0.28921887909265764
106065,0.9652609554032263
106066,0.4060601444689701
106067,0.14290405466878955
106068,0.3445140014560738
106069,0.7624022908143316
106070,0.026887632471891965
106071,0.11970138898507836
106072,0.028103007907810063
106073,0.13946948030980458
106074,0.017281930172099422
106075,0.052036283812705926
106076,0.4228558063992318
106077,0.18556889510147803
106078,0.11028595241494667
106079,0.1888229229796535
106080,0.11547921451939469
106081,0.15488914454562602
106082,0.17455845990343405
106083,0.10899040908237002
106084,0.12552975007235398
106085,0.020193809716296272
106086,0.36613789207405634
106087,0.3705648133406458
106088,0.05698951508137122
106089,0.14718647478910823
106090,0.12550154265392213
106091,0.0287426906938377
106092,0.07323197414272654
106093,0.2929998532016279
106094,0.051522154722167805
106095,0.17522607705942997
106096,0.10803339844425833
106097,0.1760771332299009
106098,0.17444468962561202
106099,0.2755976968494481
106100,0.061151393581614207
106101,0.6193712520357935
106102,0.1167303132699372
106103,0.22492534737916992
106104,0.06320497497909841
106105,0.07342342229811696
106106,0.11747586718021928
106107,0.06876790617261054
106108,0.03157453373043391
106109,0.06266327906072248
106110,0.1771570358578493
106111,0.21659578269326318
106112,0.07890746130505016
106113,0.01926425889252152
106114,0.10102778173763548
106115,0.06015392161297082
106116,0.017681522243759108
106117,0.08973834915756296
106118,0.11766879187737503
106119,0.23427018406050257
106120,0.32970191729846404
106121,0.18134003697371612
106122,0.017729290882586825
106123,0.06385279407645851
106124,0.12522391004287356
106125,0.23267150685897503
106126,0.9325622541823522
106127,0.8177250581375578
106128,0.4983026065351978
106129,0.18780415984562093
106130,0.29020444696608205
106131,0.07558205410034659
106132,0.10294933403199891
106133,0.040738418523657685
106134,0.18469336364729452
106135,0.0358701597143918
106136,0.06912468364087068
106137,0.24027550907815343
106138,0.038531342540317634
106139,0.2032941194745846
106140,0.1472279399550554
106141,0.07671437691443797
106142,0.8442872482015797
106143,0.12605599244235466
106144,0.09476138193406283
106145,0.7382731935150412
106146,0.5320390218806776
106147,0.04880067449530189
106148,0.03104834064933072
106149,0.06394594809576136
106150,0.1613045097092779
106151,0.032653307144953764
106152,0.4939624874086421
106153,0.06510172005405865
106154,0.0417258918055733
106155,0.29321605316312044
106156,0.07684554281675388
106157,0.08142839050438015
106158,0.05446692888583212
106159,0.08191031945299135
106160,0.23508333128892536
106161,0.5681927769182458
106162,0.06051944097226553
106163,0.08562324718202328
106164,0.8013762716960073
106165,0.026804684339321892
106166,0.026053907540222465
106167,0.015454428936721209
106168,0.3349361349561111
106169,0.1786343042540328
106170,0.017959206662353178
106171,0.06777760500240224
106172,0.03248634485956284
106173,0.31107995218976914
106174,0.13838488956513467
106175,0.05384543295569507
106176,0.8252525797957059
106177,0.09461225896052496
106178,0.06175265951602696
106179,0.5335679968767362
106180,0.04097698434643902
106181,0.23233595831008516
106182,0.19668180357559065
106183,0.022840581505734404
106184,0.19467428403522122
106185,0.04216851885711924
106186,0.8049013750532782
106187,0.6434474651994481
106188,0.029730958061426515
106189,0.11879171679779202
106190,0.36044019878429906
106191,0.9046653936637145
106192,0.05032387619452559
106193,0.9018749535719905
106194,0.3889121061667128
106195,0.14574931097085483
106196,0.4012139521114245
106197,0.3020767888031134
106198,0.024923188558164156
106199,0.01839185923168633
106200,0.26094508457103943
106201,0.4625130348817767
106202,0.2516084271402736
106203,0.039258308395291173
106204,0.050609806906926506
106205,0.04541619122549733
106206,0.3319103123021613
106207,0.49750326120016064
106208,0.024564615279661226
106209,0.11612545292986268
106210,0.01872331576320708
106211,0.31989460909040335
106212,0.503350629714972
106213,0.5767219345190066
106214,0.04566904042247825
106215,0.18279164922656252
106216,0.40558619150020475
106217,0.05513136850934231
106218,0.04373142497497687
106219,0.02045678747121407
106220,0.020954870381264586
106221,0.19500709971413274
106222,0.0658413183046057
106223,0.0813463199444216
106224,0.5466799586489809
106225,0.15574923396875945
106226,0.038532978016310365
106227,0.21954796697999354
106228,0.8042912044137901
106229,0.14399479107674046
106230,0.050417745378884826
106231,0.16090401959134962
106232,0.0725916821988636
106233,0.02950976012413871
106234,0.1827988148191614
106235,0.050478357070073726
106236,0.4279331922067569
106237,0.018332755591363364
106238,0.03169117724022209
106239,0.13056927648900915
106240,0.10457911675498427
106241,0.06133917338438003
106242,0.11828867501072773
106243,0.0648161186608288
106244,0.19573208137700898
106245,0.055876375866445435
106246,0.3997887040199896
106247,0.3247920434234445
106248,0.2584544546360175
106249,0.04483560256962923
106250,0.08152652028686623
106251,0.0178445338897908
106252,0.5251867493840049
106253,0.035399325288653014
106254,0.07951865227255232
106255,0.7484890995008722
106256,0.9190621842602943
106257,0.17730543083434416
106258,0.3406074411650073
106259,0.1158444581498086
106260,0.230800542498005
106261,0.08819595539509953
106262,0.5263083226377058
106263,0.0453565200448263
106264,0.2929799818790009
106265,0.06541859458799774
106266,0.06711295972609245
106267,0.45110553339610593
106268,0.07305341639019268
106269,0.028178967091906506
106270,0.142996582048186
106271,0.048873193095373746
106272,0.5267420890826874
106273,0.09586505208837873
106274,0.06748344902790912
106275,0.4667661601500248
106276,0.04088161513402099
106277,0.07563264411313479
106278,0.04848881865209541
106279,0.0701206900082383
106280,0.7835315277970325
106281,0.5666361203356357
106282,0.13370604784899673
106283,0.05849230973884639
106284,0.3722341614153984
106285,0.1420837456101413
106286,0.10383544305467246
106287,0.17729003125098955
106288,0.07181860568650003
106289,0.18487529543252715
106290,0.0982002584221381
106291,0.02983191112839976
106292,0.08195589005403515
106293,0.21504790360050027
106294,0.27966590027750954
106295,0.17334918511330139
106296,0.19843483132591258
106297,0.0397035900858108
106298,0.24372180781848066
106299,0.024438246481928466
106300,0.13119056259141834
106301,0.017458746511140197
106302,0.041006033827262915
106303,0.029380694720429444
106304,0.04564765684142922
106305,0.14878643369972755
106306,0.20660444967610175
106307,0.6131149257950633
106308,0.126250291455347
106309,0.36075155719077223
106310,0.4955700153016809
106311,0.2709010376562917
106312,0.10766139781718738
106313,0.019851401279364647
106314,0.1500199075668468
106315,0.12472898956845069
106316,0.17498221881513473
106317,0.16375797070292591
106318,0.04179559178820144
106319,0.4331092435547545
106320,0.02996793809408804
106321,0.24216182528841068
106322,0.8163639320059637
106323,0.16461458622809202
106324,0.7650988809736021
106325,0.03372402844806683
106326,0.016287451373786684
106327,0.44689251158946613
106328,0.1278053144995817
106329,0.03184658436988676
106330,0.23068922853765603
106331,0.3336393025942209
106332,0.1667952274989093
106333,0.06128238357719098
106334,0.05053747667719681
106335,0.01692348263058818
106336,0.29264719181072274
106337,0.2608192534801516
106338,0.17080823032569226
106339,0.02994808843662943
106340,0.7780571982403909
106341,0.38426143344091285
106342,0.06602325203486123
106343,0.11449972033211131
106344,0.2112538619722386
106345,0.081849082029077
106346,0.047746261821421776
106347,0.021060917843581335
106348,0.07755662288660212
106349,0.5103549777970116
106350,0.02104478223222096
106351,0.0405162568063454
106352,0.02434050577362826
106353,0.2885320223514482
106354,0.051908549270273975
106355,0.5998537881050511
106356,0.04092770098437795
106357,0.11384780179860415
106358,0.055583417459318614
106359,0.49814940316173234
106360,0.10035203214511108
106361,0.16803369868472867
106362,0.025951309424728897
106363,0.022694196127732765
106364,0.3698717359685411
106365,0.12917586668913725
106366,0.27974797140848673
106367,0.0680466950331156
106368,0.05656169266698174
106369,0.05745550362526771
106370,0.04998937778620428
106371,0.01712223989280431
106372,0.037583454494229854
106373,0.5632447047811779
106374,0.1945871212411886
106375,0.03545164645911572
106376,0.027375393330208508
106377,0.243953195598552
106378,0.12242920473891684
106379,0.47153816470784665
106380,0.11630202033078718
106381,0.021863816299298282
106382,0.1972692354455326
106383,0.06230471037481028
106384,0.17678543762487658
106385,0.03690125334580837
106386,0.09539876072641931
106387,0.0508484084842061
106388,0.33747266527521763
106389,0.14814691911668304
106390,0.2416861164146713
106391,0.03889327781658229
106392,0.02043681356039948
106393,0.0289437825647546
106394,0.038564569658106736
106395,0.050716096512062984
106396,0.2664658441889426
106397,0.052370035042133736
106398,0.17164648500842936
106399,0.06358581808459614
106400,0.5433420773063166
106401,0.12619250775232307
106402,0.020590483086820176
106403,0.8006981274537213
106404,0.18193547793515213
106405,0.05803834505640497
106406,0.20884845298204774
106407,0.13855543377730117
106408,0.45670099710849127
106409,0.037399038379602664
106410,0.017894778908908844
106411,0.3000928558990492
106412,0.12323436807458144
106413,0.06196990720489988
106414,0.0848851464136793
106415,0.03599419236564936
106416,0.13209171742152975
106417,0.19905992150132631
106418,0.30779794931398674
106419,0.04794550331591608
106420,0.10747487610958611
106421,0.38602928620135796
106422,0.049554032401218084
106423,0.16217472476524283
106424,0.08489500687072514
106425,0.18901968277565387
106426,0.18487350857424592
106427,0.16715803674287802
106428,0.04071086231047529
106429,0.053228913725313125
106430,0.3832350043765957
106431,0.16404278136086253
106432,0.0342680914086804
106433,0.2552856612165665
106434,0.03463507652887318
106435,0.11965649524802623
106436,0.1886647692407389
106437,0.101465020943284
106438,0.47782939013241743
106439,0.07904825882093697
106440,0.03111886145288948
106441,0.07379525177781596
106442,0.7829987106307075
106443,0.12143846830857166
106444,0.08779725959211707
106445,0.10454774314756472
106446,0.05752769821799618
106447,0.04502261495128894
106448,0.07319387743077582
106449,0.1989037794147265
106450,0.1936793575428428
106451,0.10426102984482377
106452,0.19201900747974235
106453,0.020598857047373232
106454,0.10046161466860799
106455,0.026366711491005695
106456,0.1773905322210805
106457,0.04039725711275681
106458,0.12109589130175519
106459,0.016328221163785482
106460,0.03226536835107294
106461,0.07676719804985835
106462,0.32869186411104034
106463,0.041025380081710194
106464,0.20212005759940546
106465,0.04884206889006619
106466,0.017181276671444704
106467,0.11300708021216462
106468,0.04415405349211197
106469,0.07791340209775907
106470,0.22170128603924416
106471,0.10480971824844156
106472,0.05311979307276087
106473,0.23825840194799477
106474,0.10402310794470332
106475,0.10811308491608446
106476,0.8532098942406734
106477,0.04099082090824397
106478,0.12680803078020114
106479,0.02150379955555675
106480,0.2784582628081178
106481,0.38657446677716534
106482,0.09515512367251297
106483,0.10835379955010793
106484,0.2273436673977306
106485,0.06526250646081201
106486,0.01908730213825965
106487,0.12453251945156703
106488,0.038317229502770694
106489,0.834004405576631
106490,0.8468571784615995
106491,0.06596079484141949
106492,0.04060420776520561
106493,0.0915419285067848
106494,0.04297214962972237
106495,0.11727397533624587
106496,0.08341320930034146
106497,0.051731170360082006
106498,0.35768242814921364
106499,0.44815589797336536
106500,0.03167425644805585
106501,0.6781420421695639
106502,0.026512221142355564
106503,0.30080505403283253
106504,0.2735184659617373
106505,0.11180093816359424
106506,0.07766848037618616
106507,0.5034895897356654
106508,0.0317650633705725
106509,0.05561657549034554
106510,0.0263700225562996
106511,0.26127052144370133
106512,0.06971155139585315
106513,0.37467486208003026
106514,0.15128655118376577
106515,0.36203884549789184
106516,0.04395395695384333
106517,0.11615924292202864
106518,0.06912188524841316
106519,0.898489159019681
106520,0.37465786762500775
106521,0.04251688402483127
106522,0.8863946299486896
106523,0.3733980063018403
106524,0.042019182657465376
106525,0.08119578192075946
106526,0.3300738652401324
106527,0.04876308041333492
106528,0.10161339989685893
106529,0.12939444523173835
106530,0.5556603622337924
106531,0.7239061664566058
106532,0.08492897926874202
106533,0.4080014446201655
106534,0.07361644836087965
106535,0.35352637357486866
106536,0.8881290399766025
106537,0.23120971343860872
106538,0.5525004720105576
106539,0.103948795155136
106540,0.02651220365829386
106541,0.046483636552266755
106542,0.5182208946924785
106543,0.11221093189835718
106544,0.039735564723005504
106545,0.11418913333752147
106546,0.0359285708294669
106547,0.054092535626623986
106548,0.09934657420902417
106549,0.032804093271194414
106550,0.08457765004267948
106551,0.028316278455178038
106552,0.46170240662958045
106553,0.10478671086231166
106554,0.03183936728776065
106555,0.1702708884367722
106556,0.6146187361534968
106557,0.030221544501960126
106558,0.02799573853361856
106559,0.10223643664162152
106560,0.11423701444750534
106561,0.017613575176417286
106562,0.018466569512867705
106563,0.13888279985080632
106564,0.08401181698732549
106565,0.16161614822995587
106566,0.3452661607364321
106567,0.17815205721891703
106568,0.11787177808012211
106569,0.03650290205259112
106570,0.07768475324307572
106571,0.041847965608273426
106572,0.22386695141913981
106573,0.08959843666730788
106574,0.5974461868354478
106575,0.5860332939366668
106576,0.450756279766106
106577,0.027235977767000964
106578,0.053417346113844626
106579,0.08364303498381838
106580,0.10212147928618638
106581,0.1824496479675991
106582,0.045966363520307404
106583,0.11508026870279825
106584,0.026908480261428256
106585,0.0690188867237414
106586,0.30570503322942383
106587,0.7656840931878343
106588,0.21367031294592195
106589,0.9117255754143153
106590,0.017699268532377
106591,0.38005238629386623
106592,0.07854758996742518
106593,0.038829769322444654
106594,0.10290848128213899
106595,0.4683912235245364
106596,0.02963609206342781
106597,0.10719561720204294
106598,0.05424770659345945
106599,0.04184240566157921
106600,0.20194015524220787
106601,0.06365899616455523
106602,0.03319028821835142
106603,0.08395484219508714
106604,0.04831476830918184
106605,0.14905425762057553
106606,0.6388290341874822
106607,0.10704522434681783
106608,0.01894122388152555
106609,0.06561117231365737
106610,0.10429640038685276
106611,0.02614825170503451
106612,0.05131746487051452
106613,0.07192363847949713
106614,0.39622081819343574
106615,0.0836414043910896
106616,0.02141522786576667
106617,0.03356613267594279
106618,0.1391382102985504
106619,0.038849328835858364
106620,0.25513804762539116
106621,0.16023194011051492
106622,0.17344111818571825
106623,0.15877158529887264
106624,0.09107108192897359
106625,0.12259589931860894
106626,0.10853543342797846
106627,0.1497051969136058
106628,0.21486854883679177
106629,0.034285324713558975
106630,0.08084825059159718
106631,0.49060946908998804
106632,0.05143716599123535
106633,0.3807812073978969
106634,0.18101646020139148
106635,0.16683776230699465
106636,0.052901068722853495
106637,0.09833114696067101
106638,0.3059187730143196
106639,0.37556634643116976
106640,0.02699170170514438
106641,0.4712982293421565
106642,0.8192571333867089
106643,0.1491132700725059
106644,0.01987071505924868
106645,0.8821079581601987
106646,0.023322873740808533
106647,0.7702111382967969
106648,0.08147584748116278
106649,0.07247291604896992
106650,0.7412006307700687
106651,0.9275716704916466
106652,0.017104412075027668
106653,0.016730463882843646
106654,0.09730131795142957
106655,0.11224240240801676
106656,0.9279189280418321
106657,0.06346183412554547
106658,0.04797429649737069
106659,0.16706403173724096
106660,0.14437750031060537
106661,0.5265196833984737
106662,0.03542505588531118
106663,0.2891246173423113
106664,0.08956865407099569
106665,0.9753567634841358
106666,0.06179711632955091
106667,0.1460814505493093
106668,0.061049997235438476
106669,0.5726796558317919
106670,0.018142121394840446
106671,0.03502062362532996
106672,0.5553203816712154
106673,0.02108359822499002
106674,0.024542896034798346
106675,0.01976687378589958
106676,0.06970775517435962
106677,0.5565207229074715
106678,0.08219916519125557
106679,0.242929115040877
106680,0.029785447677153715
106681,0.5893851074130498
106682,0.22162041158821422
106683,0.060224578759377104
106684,0.1641713715500279
106685,0.07518431517473119
106686,0.052431916073754276
106687,0.1994905747125326
106688,0.07349853698846867
106689,0.060061376672298085
106690,0.21418153370567314
106691,0.09989905512383547
106692,0.028114559162337825
106693,0.06508290184609378
106694,0.5376315357119719
106695,0.0566351992515899
106696,0.04970003611180202
106697,0.03458230433550167
106698,0.09465983017652409
106699,0.12402078692262149
106700,0.880948246367604
106701,0.08083233788412808
106702,0.9169577594194462
106703,0.028488347254874025
106704,0.18353683463181084
106705,0.4849064582371797
106706,0.1896328945667795
106707,0.57776705660006
106708,0.10385951821138048
106709,0.9159546383291527
106710,0.09657433034522382
106711,0.052105578897576596
106712,0.12069783194048803
106713,0.021122544830231325
106714,0.43366557362049707
106715,0.038742595891733164
106716,0.03785049883164516
106717,0.016333842689492842
106718,0.2048966394691493
106719,0.018713093023665115
106720,0.06050502668034718
106721,0.07187259248221774
106722,0.18847365199291924
106723,0.32286579419894135
106724,0.1551768839622413
106725,0.8808000101289064
106726,0.034826434450732906
106727,0.05578671985424887
106728,0.21268258513553012
106729,0.40215371405636885
106730,0.09703270585837641
106731,0.12273725271265963
106732,0.016072944724079496
106733,0.15554212942972115
106734,0.1696164973716435
106735,0.25832133764370663
106736,0.19526338962185946
106737,0.019048137797014978
106738,0.054906597495850695
106739,0.05090887315413533
106740,0.038964722112369184
106741,0.04707495730758106
106742,0.036747952291973696
106743,0.5169811864539273
106744,0.02859262112155869
106745,0.043232587292784536
106746,0.5115235510860048
106747,0.04325825509192695
106748,0.3106778727301041
106749,0.03652161213074039
106750,0.021515497876538003
106751,0.01568622867173896
106752,0.6217775205771225
106753,0.04070892630601627
106754,0.11197846870967611
106755,0.08577183608010547
106756,0.6697825705332374
106757,0.13087866199064077
106758,0.11456783920391136
106759,0.1358485754095443
106760,0.04365551899119639
106761,0.7756041395257333
106762,0.028706885898369602
106763,0.199612235934346
106764,0.1399719671811474
106765,0.05456138979449637
106766,0.01708766047291492
106767,0.11299655501539985
106768,0.15691356231571585
106769,0.06203621743008672
106770,0.3358907060006165
106771,0.15097512885845166
106772,0.03317170077110834
106773,0.071568157843936
106774,0.2694498122093131
106775,0.3574024935317349
106776,0.11986466972782776
106777,0.10925302591481172
106778,0.24926505419150957
106779,0.24430265836064954
106780,0.11488182627287927
106781,0.2293520885463459
106782,0.053244930496194734
106783,0.08320289731258985
106784,0.07476232189470439
106785,0.057004270522168034
106786,0.05297175465206281
106787,0.07394839225981352
106788,0.044456042299379314
106789,0.07857014757967848
106790,0.03939573016789071
106791,0.08240060768969247
106792,0.21050869432891697
106793,0.06970174450712797
106794,0.03082362742456195
106795,0.06645270090504617
106796,0.12252190023587288
106797,0.038294700863106906
106798,0.2704896429098404
106799,0.07715204157801868
106800,0.09202979847526072
106801,0.5560302649666989
106802,0.06525697404103095
106803,0.22290855771027313
106804,0.03358789252751268
106805,0.3923919977284958
106806,0.05423563636915744
106807,0.4165652713884793
106808,0.05898779322968831
106809,0.15119666386435932
106810,0.05860207982355233
106811,0.13776536692940436
106812,0.04024999981838615
106813,0.18512339252336424
106814,0.03874843625351185
106815,0.1487341369914022
106816,0.2508642662007126
106817,0.09504563581180787
106818,0.14396569161310707
106819,0.15078431828385377
106820,0.053986958656885166
106821,0.3176947831694331
106822,0.4149485476882531
106823,0.09374017154685442
106824,0.04978023976255085
106825,0.027168327851459655
106826,0.506841241537634
106827,0.015729489675322558
106828,0.6894839729568844
106829,0.09126461287721387
106830,0.12299627613712381
106831,0.05627074467482362
106832,0.09122283287912404
106833,0.15006036226354885
106834,0.12622661142696118
106835,0.08297184076659483
106836,0.017281083980242435
106837,0.055992746372295066
106838,0.06543151068673848
106839,0.1385311229925396
106840,0.02698398569769726
106841,0.21074964636552546
106842,0.016723341662341254
106843,0.0360536586567021
106844,0.13582558596271424
106845,0.22446275113440006
106846,0.060116358599878475
106847,0.04159840253333942
106848,0.04191426431541997
106849,0.09564955360767474
106850,0.028806391339141115
106851,0.420144039688692
106852,0.1487443533544507
106853,0.14272546438817418
106854,0.03520899329528721
106855,0.35389814868268277
106856,0.21397202834442922
106857,0.07975147638224621
106858,0.9624864835969346
106859,0.12655596918584683
106860,0.025048641012724984
106861,0.10924158492370979
106862,0.040738075061851835
106863,0.16529667811446988
106864,0.28241996336975067
106865,0.08628375512348507
106866,0.0812875328833825
106867,0.15824761839178705
106868,0.1874013332920882
106869,0.0961808299452393
106870,0.01582443375185453
106871,0.3482240164378317
106872,0.08739644504326378
106873,0.24017095722233958
106874,0.26797507081430477
106875,0.06269043888991563
106876,0.043367294982194146
106877,0.2063726677337383
106878,0.09478196687396769
106879,0.20002493891968148
106880,0.15362102834483018
106881,0.22540039680961418
106882,0.04941895894264468
106883,0.17635371230321453
106884,0.06311808734597944
106885,0.9214497239950479
106886,0.40453694775176424
106887,0.01606551462520904
106888,0.7546122110735181
106889,0.08671061988291619
106890,0.8512066172425267
106891,0.46216612512866795
106892,0.02162953828036605
106893,0.0510753125399651
106894,0.3228763098355927
106895,0.3223678569521571
106896,0.08562001108322763
106897,0.09945504519670845
106898,0.5799937222332564
106899,0.11769297758372747
106900,0.09602711662534451
106901,0.7686170721340477
106902,0.11875332928431871
106903,0.031483152085099116
106904,0.0608441161440119
106905,0.02142212269200766
106906,0.02142204249570797
106907,0.027987596324321823
106908,0.13127348361478572
106909,0.12131692933277206
106910,0.02967016904893657
106911,0.13570489816678583
106912,0.8388092765878169
106913,0.03998427996106456
106914,0.49198871003101285
106915,0.26071407796715435
106916,0.03864092904828299
106917,0.02289549830979031
106918,0.8638072251396511
106919,0.11972652556840431
106920,0.16841654903319056
106921,0.12825756807717636
106922,0.04952193019417068
106923,0.8519968274517832
106924,0.11819513683307412
106925,0.07133291505389376
106926,0.043505816184384365
106927,0.08987529038168857
106928,0.3852592478767277
106929,0.34751404714837475
106930,0.2368986873291849
106931,0.05395771303571052
106932,0.03450630967581925
106933,0.047010488739348495
106934,0.04531420297694006
106935,0.1542932430671064
106936,0.1513633143948429
106937,0.2979269434811683
106938,0.02746018811368527
106939,0.0820636788585223
106940,0.0437911715011882
106941,0.14293216896359776
106942,0.6974390351352544
106943,0.16224351106952112
106944,0.05225364872554949
106945,0.3477485427084942
106946,0.512322519246857
106947,0.6885164617909116
106948,0.8951717197994764
106949,0.06185662948252405
106950,0.5695600334147854
106951,0.19666785830395495
106952,0.07130806525719337
106953,0.1672072824283416
106954,0.08346274269376715
106955,0.6711548396908446
106956,0.0639754165146151
106957,0.04197168905031281
106958,0.0881989376368206
106959,0.3109633998646312
106960,0.04140256135004579
106961,0.025390681632659468
106962,0.3788659077050532
106963,0.15084563087361433
106964,0.018810173205739206
106965,0.25306113777645256
106966,0.24834836779336983
106967,0.7072619032051197
106968,0.028710179595783748
106969,0.02863487431722594
106970,0.21165524313700657
106971,0.039888154930849476
106972,0.21693620710109765
106973,0.8855746403342069
106974,0.13768795934103198
106975,0.060034693691832106
106976,0.2947333831661046
106977,0.7643085654824021
106978,0.156643964671137
106979,0.4539518905621514
106980,0.07545159763809627
106981,0.24261140211614077
106982,0.016823968213810846
106983,0.10669741608260984
106984,0.03653488861903766
106985,0.3448933666542032
106986,0.032204596921863164
106987,0.0707578622132075
106988,0.08625276886710947
106989,0.11084921023658346
106990,0.418840019450098
106991,0.03126518477508233
106992,0.0296646760831686
106993,0.04365427915079189
106994,0.7885290179209203
106995,0.07677525782754867
106996,0.04672843128516638
106997,0.0381364637924944
106998,0.14617243602747831
106999,0.3876784191255222
107000,0.11260432857772397
107001,0.13571111824697626
107002,0.4230081846933767
107003,0.15137687940277367
107004,0.07693528073555779
107005,0.25693243604055105
107006,0.2966395154055707
107007,0.25622027633069533
107008,0.13327865143069062
107009,0.11827229879728285
107010,0.037298085401149685
107011,0.025990446854898073
107012,0.07106102501762816
107013,0.04572892746139259
107014,0.8827076203612604
107015,0.19538572079076272
107016,0.04830677310002699
107017,0.07490430106059576
107018,0.046412418281238765
107019,0.1973086296478121
107020,0.04828775521355087
107021,0.08798588952538824
107022,0.2666896409096348
107023,0.047843430953999115
107024,0.0482509137489262
107025,0.8769050965603653
107026,0.21147110845258013
107027,0.1179664828104796
107028,0.02014649662677274
107029,0.36619716974667677
107030,0.046421861743554026
107031,0.4773731653706073
107032,0.18324004446754244
107033,0.02230673410646684
107034,0.14253025223131205
107035,0.16036826078558603
107036,0.18346987449291935
107037,0.07263062457029096
107038,0.032888320270078014
107039,0.07468906954212363
107040,0.16090703863176675
107041,0.043350164191308556
107042,0.04725943358313496
107043,0.197121177977357
107044,0.18702441351817298
107045,0.4291558413447018
107046,0.4323266767552155
107047,0.03524076940662934
107048,0.1073811877412492
107049,0.14146810617902222
107050,0.040027220314611374
107051,0.02610618573743307
107052,0.2346450559305248
107053,0.09371149928610942
107054,0.13364863823429207
107055,0.020137211397153364
107056,0.06567081128507853
107057,0.19291576050739895
107058,0.10738057543555492
107059,0.20867680165393346
107060,0.24384043192205918
107061,0.18807059807522428
107062,0.05983609548632131
107063,0.10484641551656139
107064,0.1969409325401863
107065,0.826092261021522
107066,0.044998208149467145
107067,0.05643851952333201
107068,0.186432120357822
107069,0.41890285853181847
107070,0.41940571854098607
107071,0.041612877023606096
107072,0.11825044053519027
107073,0.036820354459172276
107074,0.20834499618723495
107075,0.029665179350325276
107076,0.031170165337875682
107077,0.02272063734780438
107078,0.2892553616591099
107079,0.021292145552788373
107080,0.022794740633019877
107081,0.21982461480775406
107082,0.3080596859781936
107083,0.05558803280103694
107084,0.35564354720129343
107085,0.09296149032769173
107086,0.05029641423240445
107087,0.9513394917926183
107088,0.020930938582106328
107089,0.02986096998022106
107090,0.1243435373195948
107091,0.06686390700665694
107092,0.11325144411131158
107093,0.056499080372291594
107094,0.3687286604083301
107095,0.05173649343823079
107096,0.03487647857072777
107097,0.1851489744893965
107098,0.28869790416454993
107099,0.043001115424703064
107100,0.1300144961455747
107101,0.1254827683760353
107102,0.415212892851296
107103,0.10480911627508999
107104,0.11835003722454063
107105,0.040380108339931206
107106,0.051503570211400146
107107,0.02509948603708907
107108,0.21169950874549262
107109,0.06464395787711862
107110,0.06823278454966897
107111,0.06134221575549521
107112,0.11769540927719092
107113,0.03616188326034522
107114,0.3079051659543975
107115,0.3764943682671765
107116,0.0300919569914246
107117,0.483383352501588
107118,0.13831069548290553
107119,0.37132311000480495
107120,0.3855414256703515
107121,0.12349416403213441
107122,0.04295768725847096
107123,0.052202698236752984
107124,0.7774563103859337
107125,0.21013752403538016
107126,0.01620199260132475
107127,0.17977702910233184
107128,0.05599320440656138
107129,0.06562422813770513
107130,0.07870918212351952
107131,0.3118155643578665
107132,0.2758016274137201
107133,0.0340445464240064
107134,0.023877469602371252
107135,0.4469899648142838
107136,0.8865286203403527
107137,0.33718047223803227
107138,0.03946825814470313
107139,0.0436457716714925
107140,0.2823033189796123
107141,0.041135127153629845
107142,0.3922135523259798
107143,0.0736225074321557
107144,0.07192984473003804
107145,0.017694669826041932
107146,0.20124806318086094
107147,0.326502264671625
107148,0.06916086357049199
107149,0.07423259645711106
107150,0.7125718070248637
107151,0.03753760069360222
107152,0.0992476926257313
107153,0.088938618013544
107154,0.050122657980603155
107155,0.04806542998038412
107156,0.03967005159970084
107157,0.6025614892928253
107158,0.02505081934377198
107159,0.5894529659848722
107160,0.07888633628423777
107161,0.07207367962680959
107162,0.01666464886663866
107163,0.0431511518264764
107164,0.07808106163308838
107165,0.11819322835156164
107166,0.07538022911281553
107167,0.0376128112479662
107168,0.9066850509962767
107169,0.0607808018604196
107170,0.08220595276989313
107171,0.029410030450026763
107172,0.016923839382118815
107173,0.0451177738927572
107174,0.16045952162170454
107175,0.12082342261535967
107176,0.2621434974793959
107177,0.19122670223458021
107178,0.04241957138747649
107179,0.19067831762979534
107180,0.017120214795925612
107181,0.11620263785108667
107182,0.0866031279189862
107183,0.060303361407607683
107184,0.05043009754746063
107185,0.23631950154399337
107186,0.14032625960708722
107187,0.12926893348268503
107188,0.10705031090886673
107189,0.10339011748401371
107190,0.8864454767499209
107191,0.2031926357174159
107192,0.07870875801988249
107193,0.09630681354775049
107194,0.020942541534210834
107195,0.7734365864995844
107196,0.1648756277053557
107197,0.07437236515582542
107198,0.044389034523169536
107199,0.08426436553139616
107200,0.06924273367509406
107201,0.17000778659006477
107202,0.04132467199194556
107203,0.1872964851404949
107204,0.059609439564799936
107205,0.39705938221372733
107206,0.15403629489077464
107207,0.14806760777307157
107208,0.29000142327130807
107209,0.07226834007547187
107210,0.015379910767196936
107211,0.024437446295500216
107212,0.38923774468545064
107213,0.1248970199883762
107214,0.2662297665902931
107215,0.18143135767325685
107216,0.037639820864532256
107217,0.40862545378565585
107218,0.016321006615313396
107219,0.20530976945531598
107220,0.02040973113975248
107221,0.2541761945118441
107222,0.02536696832520559
107223,0.046277135640141
107224,0.12503934330697347
107225,0.03413455710331168
107226,0.26419556548975776
107227,0.08915594912526255
107228,0.1914968518028068
107229,0.05179333361947673
107230,0.7143292338308707
107231,0.029903064821020803
107232,0.20779856974153135
107233,0.21987238645220572
107234,0.06878730424113685
107235,0.2183781818652768
107236,0.44929690353583873
107237,0.19504257995037347
107238,0.07772413855442345
107239,0.1502301466443029
107240,0.19324238433897448
107241,0.34101197963061874
107242,0.22143704397241293
107243,0.1565027487963957
107244,0.23373867657503228
107245,0.22404632736218005
107246,0.49506989208417523
107247,0.2711558139785875
107248,0.028730686950249173
107249,0.7686603291049248
107250,0.03827950503060004
107251,0.09533128343521437
107252,0.5043805080595859
107253,0.09825225000964138
107254,0.3830702448771941
107255,0.8984327697498161
107256,0.08779506956506376
107257,0.020195951603957884
107258,0.050423288117938836
107259,0.017594683221092495
107260,0.17521550005586756
107261,0.08798275096386221
107262,0.03291642365884924
107263,0.1423873942408453
107264,0.018384327252976087
107265,0.15145819785185347
107266,0.1862002564355694
107267,0.43227938604336175
107268,0.0268767129354932
107269,0.04507023158541109
107270,0.31094130059770814
107271,0.09343050661643963
107272,0.32301981170453925
107273,0.022673285688819097
107274,0.1509978092949146
107275,0.17967432639613276
107276,0.6389552870873004
107277,0.09827109996614142
107278,0.15834165614655182
107279,0.02872994506769596
107280,0.2061394149915019
107281,0.0940794325974881
107282,0.016186062946009928
107283,0.061025625072051885
107284,0.08258286969887589
107285,0.9033744498895642
107286,0.08708239344843055
107287,0.3236855957958029
107288,0.9300305657812036
107289,0.04103885596074949
107290,0.49132217348820384
107291,0.16875478453430187
107292,0.32014498898477833
107293,0.04816422711717953
107294,0.03445065927845404
107295,0.025460384249453946
107296,0.058617743348848
107297,0.21188832097760224
107298,0.791823191501629
107299,0.38057869649151466
107300,0.2153273692359508
107301,0.0873846319458286
107302,0.10090521137905029
107303,0.2366559945949176
107304,0.11518951789719319
107305,0.03982093071993451
107306,0.022102415009668055
107307,0.058724827969983476
107308,0.17047603576189882
107309,0.0749378812273701
107310,0.051279634947406096
107311,0.059148503476275975
107312,0.1251404193068101
107313,0.07089550650859842
107314,0.029216443858475022
107315,0.20612573969102418
107316,0.0531388056525931
107317,0.06535433442984993
107318,0.8684482084404259
107319,0.2964441232693339
107320,0.031003034763289944
107321,0.07453031017843732
107322,0.02736009642508027
107323,0.036125335505287876
107324,0.020573825801910087
107325,0.10739035057074874
107326,0.10890211536848456
107327,0.2983822860090714
107328,0.03025386954816715
107329,0.3424369167405931
107330,0.9398057491305547
107331,0.017562781295898295
107332,0.026135018488898584
107333,0.7471416860232637
107334,0.08123020804456567
107335,0.06241791050014636
107336,0.23297262160379947
107337,0.21723724119332985
107338,0.05540977314669907
107339,0.055367149882754194
107340,0.04001035477916256
107341,0.5153642286789678
107342,0.11223726422715397
107343,0.07660934799438834
107344,0.45342898938506265
107345,0.07017264743288296
107346,0.030012038795462496
107347,0.28604569224096016
107348,0.38868720621971775
107349,0.06037628496167803
107350,0.11076157325133079
107351,0.8702726041135731
107352,0.040387316430396385
107353,0.029536574512899358
107354,0.11528362742379485
107355,0.01997947931887918
107356,0.07285204673090681
107357,0.07118053393665628
107358,0.8531435107912074
107359,0.018386536653038344
107360,0.5454728883039411
107361,0.18299260073324175
107362,0.9225825031309774
107363,0.12451991412877951
107364,0.10588939893820813
107365,0.16138561892904854
107366,0.056644489572422636
107367,0.10209659291716965
107368,0.1881135238324073
107369,0.33860303417602133
107370,0.08488571291177023
107371,0.17086951450577034
107372,0.48682621424046846
107373,0.025579197347888223
107374,0.021550617351043237
107375,0.23228279717494094
107376,0.04538131776912319
107377,0.2320149435139862
107378,0.04271073106857074
107379,0.039489879709551465
107380,0.2315813824271495
107381,0.023954217989218866
107382,0.3156416421430199
107383,0.15242654803847863
107384,0.07881345916809523
107385,0.09536576880043364
107386,0.8584976599930908
107387,0.14519215594380236
107388,0.02924458530956173
107389,0.45010160308268504
107390,0.17414153106940636
107391,0.2667532231661558
107392,0.6219951150124683
107393,0.030913363784389386
107394,0.16670451433428737
107395,0.12789173806567777
107396,0.03610427167423302
107397,0.08204001332214989
107398,0.20953526238455436
107399,0.13761446819445664
107400,0.2078485136007122
107401,0.45554594945774973
107402,0.026895870374948543
107403,0.03001000416660667
107404,0.16457381806450475
107405,0.15216338879279437
107406,0.11763976800947884
107407,0.8001153527903357
107408,0.2932332404456715
107409,0.7217359594591632
107410,0.37987351161132354
107411,0.0260829104018558
107412,0.07147352798068847
107413,0.09871465178819573
107414,0.10805418362559485
107415,0.31193763605232183
107416,0.06353543973618946
107417,0.059709042008293925
107418,0.15897349430566032
107419,0.33416986871694915
107420,0.18262105278843901
107421,0.21561311702135044
107422,0.022357174993809684
107423,0.04592821218444258
107424,0.6435637406804952
107425,0.19794002950733627
107426,0.051744897390919004
107427,0.19993710014994268
107428,0.14253980775962008
107429,0.20389231086371315
107430,0.0205131041619624
107431,0.03401572014398149
107432,0.03935288999872148
107433,0.05636870758433209
107434,0.14145600882912301
107435,0.12797323592225257
107436,0.14668034205048933
107437,0.347544945491899
107438,0.030299923439479175
107439,0.9549124099635679
107440,0.07182776079334709
107441,0.03400227529557164
107442,0.03157886758129864
107443,0.11065606543717292
107444,0.11871117834517539
107445,0.029376134039468656
107446,0.017809485002266676
107447,0.050049568607859085
107448,0.11902693404370286
107449,0.1294920210811914
107450,0.02899550691649531
107451,0.027507632151662496
107452,0.7849446138411668
107453,0.12669305562172753
107454,0.04300554111979535
107455,0.02078400312710673
107456,0.37468578816767606
107457,0.015968735115755698
107458,0.020538918412232245
107459,0.05411133080041846
107460,0.10607183156888295
107461,0.04648249028132922
107462,0.11151031867926052
107463,0.04291089825804621
107464,0.19341519565705922
107465,0.04030980352013007
107466,0.2550355321341825
107467,0.016643648911920432
107468,0.19783323630044056
107469,0.05637076842417561
107470,0.4820532348926533
107471,0.18477784429306876
107472,0.14824261470637723
107473,0.40983075524194695
107474,0.06839217077208457
107475,0.13915808137872435
107476,0.19156832938661175
107477,0.06755177350595272
107478,0.13256263299397145
107479,0.1308211819059546
107480,0.0664054785386557
107481,0.10023102186370028
107482,0.0579614373800083
107483,0.01709787400590446
107484,0.037241528271942125
107485,0.20078962494246888
107486,0.12326829147406397
107487,0.07603383530912616
107488,0.19611056832591459
107489,0.02542470821094751
107490,0.14967311487418064
107491,0.25272362271425314
107492,0.07021889353202947
107493,0.6127872245576552
107494,0.46868244850053736
107495,0.03779146898835347
107496,0.47649393559389336
107497,0.06315244949665699
107498,0.04759375697006163
107499,0.10789831147231628
107500,0.06838867304625981
107501,0.04100897533934673
107502,0.026645250424794684
107503,0.858533011383668
107504,0.07078282002273968
107505,0.03602448602474659
107506,0.11405883077708177
107507,0.23174698976308963
107508,0.19624516436593187
107509,0.04273659707688987
107510,0.4369219846674635
107511,0.03633906022092593
107512,0.504949636259405
107513,0.1755279537083471
107514,0.33542130276113247
107515,0.07986543014964537
107516,0.028756465131058638
107517,0.3703681804440398
107518,0.5956957796214191
107519,0.023796290378799257
107520,0.26833922892296513
107521,0.17091490457207242
107522,0.2682774253571912
107523,0.2386184706401013
107524,0.43757708798400674
107525,0.022018955574320726
107526,0.02835835196127089
107527,0.8844410537090172
107528,0.07664580943633878
107529,0.04335794813672517
107530,0.18808306461787064
107531,0.03351579474584422
107532,0.021168119655790893
107533,0.26317023137102835
107534,0.06145415432534736
107535,0.05562653592868122
107536,0.8922434286409799
107537,0.35086225867038107
107538,0.2615131296755031
107539,0.03722107100096697
107540,0.08484182118610845
107541,0.15670807051184346
107542,0.10074123967704618
107543,0.09630011308808353
107544,0.12781933165323012
107545,0.5636690828582824
107546,0.3310034486890212
107547,0.40019085136214444
107548,0.01615370590054855
107549,0.07441697893455881
107550,0.07705666408231378
107551,0.3164698590734903
107552,0.08274687393118604
107553,0.9277011749769893
107554,0.2714816750662358
107555,0.05638744856481724
107556,0.8895094026027606
107557,0.4455506096271445
107558,0.23349473811838287
107559,0.042777768688417386
107560,0.03264692758161947
107561,0.18446300452152095
107562,0.13365954145038705
107563,0.23897292629965292
107564,0.0312706571956964
107565,0.5611888057053338
107566,0.10388067197700451
107567,0.36872915347599877
107568,0.11761033642281618
107569,0.11257277119961391
107570,0.01630643600266793
107571,0.15054393541326716
107572,0.03686789246970753
107573,0.06715207535942316
107574,0.036953310980134255
107575,0.026894324343299837
107576,0.20022941406312636
107577,0.17392935052048353
107578,0.3354612988794562
107579,0.27962207388561056
107580,0.4544736399693185
107581,0.2417233387071247
107582,0.01741836162344732
107583,0.09386012521541696
107584,0.17273990616357177
107585,0.016981102447952073
107586,0.856221709502505
107587,0.09781990122670385
107588,0.10284013731452055
107589,0.01670203645091234
107590,0.23855292711075296
107591,0.10068526734076445
107592,0.4899683929691837
107593,0.10468939937129287
107594,0.06505596363668568
107595,0.06085205850738874
107596,0.13089579138583313
107597,0.025369244422384394
107598,0.07851759720356567
107599,0.1589437273216206
107600,0.2956975235293114
107601,0.8850229316669459
107602,0.29201070829969833
107603,0.2577605116630442
107604,0.2159655468137767
107605,0.3131041576747158
107606,0.05159364013608943
107607,0.1749363456070787
107608,0.07427521534395083
107609,0.029849667774966063
107610,0.1780986902499853
107611,0.04513446360509852
107612,0.15947802842630887
107613,0.046460264942305374
107614,0.5016584562193754
107615,0.4553868967914919
107616,0.21694161627229477
107617,0.07470098626512706
107618,0.07393855041766455
107619,0.18862700468844304
107620,0.782090605757898
107621,0.8978098469749813
107622,0.07456839444624777
107623,0.16413438680364048
107624,0.03344248348134349
107625,0.39523409923685077
107626,0.19841975778652135
107627,0.1594664995509148
107628,0.8290717687574025
107629,0.0875176351658985
107630,0.14519411889807204
107631,0.12094211655918528
107632,0.030056373436822863
107633,0.1560694897296866
107634,0.5170034586061002
107635,0.06556114697415771
107636,0.02893038671832295
107637,0.04809570904329039
107638,0.04880373804202539
107639,0.04706056853718779
107640,0.2687449324056265
107641,0.07655523248556305
107642,0.11776127946809953
107643,0.2243001355877073
107644,0.05451282956550898
107645,0.026208997576056697
107646,0.04009816133889951
107647,0.046486095799296655
107648,0.09054100090378045
107649,0.3207315588789073
107650,0.2676604205651809
107651,0.9099791242674192
107652,0.19613697490397264
107653,0.08548243186888019
107654,0.0932728337545009
107655,0.1672376631092289
107656,0.11896366212024331
107657,0.13029247603528754
107658,0.9488513436346562
107659,0.02229574836288964
107660,0.6369249027105235
107661,0.05006540155374421
107662,0.023778333860282004
107663,0.2931323781670347
107664,0.07556473685986229
107665,0.2727849692028164
107666,0.07347051990241578
107667,0.017589525039443984
107668,0.38285816960009683
107669,0.18030434275898144
107670,0.10013236916556251
107671,0.07009615034396478
107672,0.8072788353675036
107673,0.2682880832340874
107674,0.09278092466122684
107675,0.10309692990023898
107676,0.020307315861096947
107677,0.05534865081677772
107678,0.03439308799717899
107679,0.1494456260308004
107680,0.031344588168692074
107681,0.048406679288433216
107682,0.037871025290695956
107683,0.1451930423028607
107684,0.7926740053499085
107685,0.8860343765474563
107686,0.54417739495574
107687,0.5745819591315605
107688,0.015665541929601384
107689,0.8777663720903605
107690,0.09541920938699129
107691,0.2879971615505407
107692,0.1595247996075798
107693,0.017358070140389564
107694,0.4462584236679076
107695,0.029295386494631676
107696,0.2220872956355064
107697,0.7614818023966122
107698,0.15145788556357617
107699,0.13856119053958277
107700,0.06688586568404901
107701,0.2165729761119723
107702,0.10388657209276915
107703,0.28091479796380703
107704,0.4549771700975777
107705,0.0747333680947581
107706,0.0821294427448012
107707,0.6678384953060973
107708,0.03912800118540926
107709,0.05061495154069278
107710,0.05102279614920141
107711,0.13989317298952192
107712,0.33201948970214384
107713,0.3058903088052379
107714,0.04230071891003253
107715,0.09890967898894643
107716,0.6801906125528097
107717,0.19732570143650194
107718,0.039457530410454085
107719,0.12528128296074165
107720,0.28061417634277275
107721,0.5548898971745919
107722,0.027762760156436757
107723,0.2032871095076603
107724,0.27641864520858633
107725,0.23051062999091937
107726,0.796224028078856
107727,0.11447981188400491
107728,0.1427713254474686
107729,0.016429116487743426
107730,0.31426166517075804
107731,0.24441586316228894
107732,0.1437382212254207
107733,0.02148615169646721
107734,0.2214695573617093
107735,0.06792788143443586
107736,0.5192139469470788
107737,0.19733528225850538
107738,0.30323752925733755
107739,0.1900336290242778
107740,0.11515236198763719
107741,0.03951469052647552
107742,0.45149523501954747
107743,0.06429319129691978
107744,0.7215312740646401
107745,0.07981480544451537
107746,0.028080979601980798
107747,0.08136705192816833
107748,0.342371122310201
107749,0.2464024922584369
107750,0.8423056948202274
107751,0.0657432430150033
107752,0.8063329373019653
107753,0.023152676004122914
107754,0.13359783228395705
107755,0.15866774371111947
107756,0.05039599609600084
107757,0.7157931873350311
107758,0.28676355640796675
107759,0.10314191026790927
107760,0.7713878435901314
107761,0.16805474979731955
107762,0.3852330131570033
107763,0.054798900028611534
107764,0.1755005532474592
107765,0.8728764059310894
107766,0.07285654872208389
107767,0.07688559863542443
107768,0.14981492747477285
107769,0.019908541633298527
107770,0.10204668485487668
107771,0.0614037934666243
107772,0.6933525938134414
107773,0.07285855238465441
107774,0.8358694312397574
107775,0.03360065998022931
107776,0.03788958278979831
107777,0.015706300083984374
107778,0.3170185303817069
107779,0.5246892545708616
107780,0.1140180740708682
107781,0.10621012426133516
107782,0.10040883981675361
107783,0.5317090286464387
107784,0.13206125653473483
107785,0.06428183768893923
107786,0.05607851998249635
107787,0.10470612140791057
107788,0.060015769687631455
107789,0.47026872895725474
107790,0.06386774673193173
107791,0.03597923813662262
107792,0.1660356154079819
107793,0.01950923891296121
107794,0.02174391032774978
107795,0.23833701995095852
107796,0.7407345705921682
107797,0.16679372786320745
107798,0.387798677500987
107799,0.21494311069457725
107800,0.1250345004581282
107801,0.03603234323953117
107802,0.29039098682585074
107803,0.20564133444606586
107804,0.03591259365653672
107805,0.5051679853447533
107806,0.028428595885990997
107807,0.09830660331627189
107808,0.05008741067346154
107809,0.11211078907008781
107810,0.3672374503589562
107811,0.04615283274978937
107812,0.2533517897313821
107813,0.02762856739515179
107814,0.05775847489038581
107815,0.3635584293081397
107816,0.036266142156013995
107817,0.21016878501065306
107818,0.687222855649079
107819,0.3383870914703292
107820,0.030895729924047682
107821,0.06031041394856663
107822,0.2951064491902699
107823,0.05576478889676345
107824,0.021144035918012685
107825,0.24532558002978225
107826,0.05509758634939657
107827,0.3719330873205057
107828,0.8439718328818252
107829,0.02888112892832156
107830,0.09474411749733545
107831,0.21951880424543865
107832,0.0827673517335536
107833,0.04377065784939555
107834,0.06877684127869632
107835,0.027819214465621356
107836,0.13412419484744684
107837,0.03916052924234161
107838,0.03289067906954245
107839,0.35530875406086704
107840,0.11137592770216834
107841,0.022685599092959304
107842,0.2352516104111725
107843,0.17842031324560143
107844,0.19170511807351817
107845,0.2021744364524611
107846,0.026276930092849954
107847,0.24172322795483706
107848,0.04583143853834237
107849,0.02124312750395934
107850,0.8496511180767546
107851,0.0927399581162122
107852,0.01813308936132995
107853,0.05996430887646554
107854,0.2335611742585778
107855,0.01675837789491232
107856,0.03130496826060887
107857,0.06102663203207609
107858,0.08722501982668683
107859,0.023950143501079012
107860,0.027469713231281872
107861,0.364070597718197
107862,0.22559603436508177
107863,0.2599218275366086
107864,0.04097786712756689
107865,0.22554927442346534
107866,0.13060766054934894
107867,0.08698763097677667
107868,0.017653683966451738
107869,0.13813850214070827
107870,0.12805573744891968
107871,0.03455998395995812
107872,0.09693907398686213
107873,0.06954428309845279
107874,0.027860858243503456
107875,0.07480704650491539
107876,0.34706188468135507
107877,0.3197768120535957
107878,0.21756870457478483
107879,0.044323652265939685
107880,0.02995153367561214
107881,0.1474497588782225
107882,0.02016693886530459
107883,0.1955933074317372
107884,0.04256511574959062
107885,0.2026501853259991
107886,0.17395829490698797
107887,0.14913460503279405
107888,0.1267699600364127
107889,0.06066173419053865
107890,0.056718940778028526
107891,0.92261647765057
107892,0.39898912991645785
107893,0.16342192191783156
107894,0.04580918901030263
107895,0.3351313267675407
107896,0.15593660993885994
107897,0.2336679203863538
107898,0.0225434505768806
107899,0.04197207612811813
107900,0.1906084743151844
107901,0.2524228031505068
107902,0.314041572399006
107903,0.025863127784787863
107904,0.1230320902726556
107905,0.3979484930741648
107906,0.16574711766865433
107907,0.4171615896138818
107908,0.11618179817912679
107909,0.11041596661938688
107910,0.14432015203244197
107911,0.03527665955385585
107912,0.08497875195750655
107913,0.02233821184356354
107914,0.12927801170530712
107915,0.15086608332448556
107916,0.13777885731351866
107917,0.07812734929850008
107918,0.800407832229476
107919,0.4830698468855148
107920,0.04049739430793129
107921,0.12059678182855756
107922,0.3864585844664013
107923,0.09624419570290112
107924,0.2830225879368466
107925,0.06489578841208427
107926,0.5010578054078708
107927,0.16238726732439387
107928,0.1043116621886628
107929,0.08500440722845154
107930,0.09890550042038791
107931,0.054629219655483154
107932,0.26981421936490724
107933,0.299805652967795
107934,0.7730636855722866
107935,0.1638964984391721
107936,0.04219356467089007
107937,0.035173655272657124
107938,0.028694767093357207
107939,0.930105116407962
107940,0.2512268689581083
107941,0.0608552805209023
107942,0.055938577444840765
107943,0.22257923418164247
107944,0.19208595576341872
107945,0.21665966798507963
107946,0.026402768872954143
107947,0.12246293423554186
107948,0.25647838030908576
107949,0.23515752206928486
107950,0.23243625484890945
107951,0.07007133442693837
107952,0.1558559309711247
107953,0.04106003600581606
107954,0.18892569952478758
107955,0.12215397415470625
107956,0.17290117976133315
107957,0.05555551260298502
107958,0.5761068043715103
107959,0.23488119360517737
107960,0.05301425195996134
107961,0.1810123824733212
107962,0.20738127781874996
107963,0.3248818251771521
107964,0.28644833200762926
107965,0.1495583463921009
107966,0.08197482170533846
107967,0.059691406980038594
107968,0.230423195135495
107969,0.8436180901698089
107970,0.08643862114850452
107971,0.44199152788695517
107972,0.1550516964441334
107973,0.03228061047528244
107974,0.0697575825414942
107975,0.41349551349370833
107976,0.023455462511403506
107977,0.3398200760574065
107978,0.3691606520990101
107979,0.1596003833167265
107980,0.022265733235229557
107981,0.12559254780547807
107982,0.1470675944140911
107983,0.19754628119812578
107984,0.027105739772567524
107985,0.018018639713624874
107986,0.026333305111335886
107987,0.16362046546732997
107988,0.08984953275942784
107989,0.015774570829929353
107990,0.2557373901160211
107991,0.03307853839586025
107992,0.11402431417709866
107993,0.2876578407848324
107994,0.06548259671733801
107995,0.24739087977663077
107996,0.11673258585566577
107997,0.18314769649777815
107998,0.014926092499943209
107999,0.07032271463861961
108000,0.07612195627284583
108001,0.030145171125964196
108002,0.12387708960720668
108003,0.09808031566480295
108004,0.05316659704600318
108005,0.16308114924422304
108006,0.06600777243614493
108007,0.1186577551378715
108008,0.8579915452063503
108009,0.016381390025017345
108010,0.05483551101358047
108011,0.05182831431962802
108012,0.07666667454953244
108013,0.01717520827858957
108014,0.034097152188880334
108015,0.2470165512726684
108016,0.14283884061038382
108017,0.3603304769163351
108018,0.03831646695365519
108019,0.07438185367357872
108020,0.17855259478755106
108021,0.22098973415000878
108022,0.2221696686237845
108023,0.022197793629056002
108024,0.07943548264280038
108025,0.015664225548203903
108026,0.21929579496700502
108027,0.04446177082283693
108028,0.1984913454405614
108029,0.4166823675185916
108030,0.23730165765788377
108031,0.1058738674718001
108032,0.029647654455961785
108033,0.07754447962666006
108034,0.1671663763432993
108035,0.04195700301220274
108036,0.11612733578654569
108037,0.07476321333414876
108038,0.0449250867444226
108039,0.016997970137130752
108040,0.39012376686736033
108041,0.06266902676312398
108042,0.11198026145329838
108043,0.03783451154797468
108044,0.09142610962172569
108045,0.028435679139458003
108046,0.03502311829518887
108047,0.4991595551198364
108048,0.07302224245661447
108049,0.15010263641430563
108050,0.13168385517049572
108051,0.7869077332913732
108052,0.08331907138852473
108053,0.058255113598630795
108054,0.13414779578255484
108055,0.17457385971910355
108056,0.1803816934356818
108057,0.298190774726562
108058,0.5921346470528446
108059,0.16388788980267877
108060,0.3750834860227937
108061,0.5309784633829667
108062,0.023272133378983595
108063,0.868002421806394
108064,0.20920800996250838
108065,0.016059777699853336
108066,0.18390288269033633
108067,0.1542759108917164
108068,0.03276188302372406
108069,0.22030808531638313
108070,0.07013880748720469
108071,0.8663419049045799
108072,0.045036433484048004
108073,0.14245320486848564
108074,0.03549075830005235
108075,0.10316652248566659
108076,0.7870043558304904
108077,0.022081765106604496
108078,0.20490364210487783
108079,0.03776602792027016
108080,0.03325260130286287
108081,0.036709686732274795
108082,0.4657987839334332
108083,0.31978735595764857
108084,0.10227660923832037
108085,0.0776571933888599
108086,0.47401489265316454
108087,0.3660820652383793
108088,0.029489792626728642
108089,0.3807597226681388
108090,0.6751157389815435
108091,0.24046081248509155
108092,0.4096089419565493
108093,0.22804192396097883
108094,0.35073689211704245
108095,0.07460480487226659
108096,0.10432959588140872
108097,0.3990133197407086
108098,0.026584933116010068
108099,0.021431412183951514
108100,0.27333394720309295
108101,0.1668390075211719
108102,0.03259730104588579
108103,0.44170445079899495
108104,0.09041110601438497
108105,0.08058645999650525
108106,0.7803717054129323
108107,0.029998924031234275
108108,0.4505373578018718
108109,0.04263369315578669
108110,0.35012469609084285
108111,0.036565370084463256
108112,0.1524502695530862
108113,0.035007907557897594
108114,0.23732228209733744
108115,0.43337699704108756
108116,0.020609257812579784
108117,0.045901808387683665
108118,0.02980014946130996
108119,0.0888959931325638
108120,0.1654266454195202
108121,0.1644971643148363
108122,0.0828485002446702
108123,0.22125545472419963
108124,0.0632164783462202
108125,0.08769036727815332
108126,0.4210190000914493
108127,0.019128800980569356
108128,0.17704364157449345
108129,0.05892204894948247
108130,0.08226124794019099
108131,0.1563818651670393
108132,0.03422041631089221
108133,0.37579685180227523
108134,0.028827395758701344
108135,0.04928167023674728
108136,0.08292720128438699
108137,0.10584520449022758
108138,0.02363868975235202
108139,0.04082346946867808
108140,0.8585467712181158
108141,0.12027817108534097
108142,0.791107345055825
108143,0.07988986464647287
108144,0.23731355149157235
108145,0.21776795172994948
108146,0.19602082677907548
108147,0.8996849093853572
108148,0.3240419387090707
108149,0.05066346635335934
108150,0.035722547840439996
108151,0.07864507559679021
108152,0.8795107590509058
108153,0.21228342680892823
108154,0.016561815937075605
108155,0.2281731141952226
108156,0.053483716387376395
108157,0.026655506465353713
108158,0.4781852582178975
108159,0.031355337112118686
108160,0.07626068081275267
108161,0.18352245864679018
108162,0.3375457805227255
108163,0.03910729423394946
108164,0.2865031143238349
108165,0.2701947536563278
108166,0.022521611633001332
108167,0.29987099501556236
108168,0.03176272735919583
108169,0.08183158685401057
108170,0.1825411369068671
108171,0.21568853279794223
108172,0.5839139990809772
108173,0.18573870468983492
108174,0.14077729904627032
108175,0.7748017966456436
108176,0.05644624642035584
108177,0.10865070898339187
108178,0.040773329072384464
108179,0.08219566045665584
108180,0.3385414900266147
108181,0.0422094295906223
108182,0.03625136277826819
108183,0.09361525723409363
108184,0.2127713149741858
108185,0.14318585134486733
108186,0.04792923054121442
108187,0.027208639218817107
108188,0.14617966995397377
108189,0.14863065671219516
108190,0.08634130977666898
108191,0.12534392151248186
108192,0.12654491122136685
108193,0.3960794585198457
108194,0.5702689344005867
108195,0.13387929783254354
108196,0.04945500717240243
108197,0.2058928270539426
108198,0.039818003553054274
108199,0.16730803748861983
108200,0.02192857274148078
108201,0.04251169675274677
108202,0.039259864655033776
108203,0.10689687859723412
108204,0.7386192031311924
108205,0.040852676118688355
108206,0.40300628247149756
108207,0.8557286972305008
108208,0.022874048552900848
108209,0.18743489566475832
108210,0.030968916081279423
108211,0.11484399628095046
108212,0.23040872602978738
108213,0.21546740107937687
108214,0.4070200803344068
108215,0.039778079400349955
108216,0.29856109815697174
108217,0.23970759249148874
108218,0.9006509416197863
108219,0.041040502392557854
108220,0.1864942925213152
108221,0.020787048480794424
108222,0.05066669489937556
108223,0.8783546054127755
108224,0.07334087126135089
108225,0.2850428377854043
108226,0.38512340100347053
108227,0.13383648688850586
108228,0.09942366477048166
108229,0.17281376953383626
108230,0.2969845516140507
108231,0.2993818715653649
108232,0.08335844166736815
108233,0.032709584684000606
108234,0.13850331552966796
108235,0.05747104940540413
108236,0.0485620785132128
108237,0.5482228727816019
108238,0.8648925761987065
108239,0.02008017079688388
108240,0.3235077649394797
108241,0.08931878005459148
108242,0.23604856573352723
108243,0.2019203638000307
108244,0.1639264502388874
108245,0.08966945473979783
108246,0.026749127062312243
108247,0.5761481005655142
108248,0.03674399898984476
108249,0.8703156397467993
108250,0.14398442407470305
108251,0.02731904034887765
108252,0.018223712389363173
108253,0.728534635896906
108254,0.03377987508948001
108255,0.19142228392902066
108256,0.0471771421200985
108257,0.1301583977510922
108258,0.07935060406930423
108259,0.8392217254328687
108260,0.8778473789454186
108261,0.017542799535535756
108262,0.018613094668856377
108263,0.15774963331551084
108264,0.02873991084389648
108265,0.025114167070154868
108266,0.019621276455037515
108267,0.19274104838852807
108268,0.07024399964051375
108269,0.06974875995326969
108270,0.027240180406935065
108271,0.765662284923402
108272,0.19208762791715092
108273,0.5076661511013459
108274,0.05832317309040744
108275,0.022207886769134978
108276,0.4320457564669206
108277,0.0611029265474659
108278,0.19333386121761634
108279,0.0779737802533586
108280,0.05400761797752585
108281,0.13963158725427488
108282,0.022806039360522952
108283,0.06602686456656406
108284,0.1124759847175148
108285,0.02798511688571188
108286,0.07070066064643414
108287,0.017937984062661495
108288,0.581609421391235
108289,0.1726561700434434
108290,0.2889057781444001
108291,0.020155948642497694
108292,0.17551745234617522
108293,0.11450593819382064
108294,0.03997843688602415
108295,0.04170118528482328
108296,0.2214754427771378
108297,0.034388828912321555
108298,0.071173768399914
108299,0.030734642474563284
108300,0.027598335708848357
108301,0.8895758344752354
108302,0.01632148321649245
108303,0.1396990453415504
108304,0.1821358956921993
108305,0.5599240480857972
108306,0.06451533687904325
108307,0.05931840378196935
108308,0.0846410931318151
108309,0.03184845515286861
108310,0.2657138706646978
108311,0.15310374698721727
108312,0.13674427766782693
108313,0.1845755141845053
108314,0.07984482460292405
108315,0.20909465961988113
108316,0.01642059045021673
108317,0.48847919479328517
108318,0.03541254926184619
108319,0.7371605287896525
108320,0.8973553605403777
108321,0.09833511723520386
108322,0.24905807088192192
108323,0.09939939937454856
108324,0.06455277639871272
108325,0.039197861073061814
108326,0.5487933692294074
108327,0.34281640369333644
108328,0.029844939922596736
108329,0.08563789416850545
108330,0.11943410698289961
108331,0.14182819723472834
108332,0.15012228261162255
108333,0.01874560457028106
108334,0.8075109365948918
108335,0.8917235746689093
108336,0.0285492326651173
108337,0.8246934428255909
108338,0.8456782524546872
108339,0.1069250546547571
108340,0.29980039010912896
108341,0.034136384804336777
108342,0.08098398147599949
108343,0.020476673443412644
108344,0.11899588067896924
108345,0.8486485473085406
108346,0.14280499554612003
108347,0.3793959349701954
108348,0.40210600681584036
108349,0.05643755797426659
108350,0.22021719237002566
108351,0.40963793181547226
108352,0.46181450297243454
108353,0.1712734341783882
108354,0.22627904463524162
108355,0.13342926075906475
108356,0.2752644986549531
108357,0.04909643372740982
108358,0.14555364071143603
108359,0.7262519742737004
108360,0.07506621584270551
108361,0.30459223148058384
108362,0.47205454380794604
108363,0.03959981741286593
108364,0.9332428379821898
108365,0.08360247456153488
108366,0.20788480069164816
108367,0.1264011937860922
108368,0.21286134292923067
108369,0.051924894079603025
108370,0.03163862961256118
108371,0.06934012379153588
108372,0.1635240127582595
108373,0.2077038664049278
108374,0.03483995989946754
108375,0.08399947790080008
108376,0.2979767814467025
108377,0.017627314679695385
108378,0.24183232462734525
108379,0.038197913080935474
108380,0.5595116335969493
108381,0.1042767819794318
108382,0.14801323255757115
108383,0.14093266568282453
108384,0.017911737156660924
108385,0.20869164137106605
108386,0.21222933169379002
108387,0.0841281503388104
108388,0.3102182814362884
108389,0.03615637886344272
108390,0.06670087717637291
108391,0.05318082958601719
108392,0.3002367699836216
108393,0.10855552779088899
108394,0.08334942969117441
108395,0.09874127158062697
108396,0.04563343451676241
108397,0.053822637883935986
108398,0.8949662310074441
108399,0.05076463089638886
108400,0.029584548947162108
108401,0.021374977488179393
108402,0.7367102455088032
108403,0.04174710642935286
108404,0.07836100881417774
108405,0.016798358348827112
108406,0.06938463035351075
108407,0.02391865730368331
108408,0.28179445591282726
108409,0.020592912607767105
108410,0.11682336461146708
108411,0.02108889072430715
108412,0.5056199430141852
108413,0.07615911841474401
108414,0.9347125465636493
108415,0.20433318831202868
108416,0.37861866084331774
108417,0.11541137579860819
108418,0.05049388632873481
108419,0.7001041545667491
108420,0.0807833787081782
108421,0.09407136067718
108422,0.44072266626997636
108423,0.09344044433815726
108424,0.09278251449679133
108425,0.15011042570008187
108426,0.05917310755561662
108427,0.5204513987711903
108428,0.09769699828665646
108429,0.02425481773102794
108430,0.6110191146518178
108431,0.017464484006858808
108432,0.7421455924634843
108433,0.2872751217165076
108434,0.05376041017428256
108435,0.017620546164169488
108436,0.04896002855943583
108437,0.0932541376986902
108438,0.71945141104838
108439,0.27587536693392917
108440,0.06361916190157471
108441,0.08755825752515342
108442,0.08061341622063847
108443,0.2080721417477038
108444,0.02994344004621607
108445,0.03182341623859484
108446,0.021717273869592428
108447,0.048574143255124734
108448,0.7333568972150426
108449,0.06328764063904717
108450,0.8649567836393283
108451,0.4221007955980267
108452,0.045051401924781506
108453,0.1039388387824923
108454,0.03536945345824747
108455,0.8910829810623861
108456,0.08724958837194696
108457,0.03540449232265266
108458,0.1966826794325318
108459,0.5123432503262952
108460,0.041188253914055055
108461,0.07922120723429359
108462,0.5489056950802352
108463,0.22708970927560457
108464,0.052508775155513956
108465,0.4503274078084065
108466,0.0820545770438049
108467,0.09560223486599839
108468,0.3947263653207168
108469,0.15494440074884652
108470,0.05461015802600366
108471,0.06670236970688054
108472,0.0406432640667968
108473,0.11928699987536376
108474,0.33574891382123556
108475,0.05999503530352531
108476,0.09611268471323345
108477,0.0750054913676638
108478,0.11587182732337856
108479,0.030694828305951147
108480,0.892007515074976
108481,0.20179854968750346
108482,0.06501254381194789
108483,0.08962274573249497
108484,0.024439375806209074
108485,0.07688638267346039
108486,0.5737790051380118
108487,0.37244172698115674
108488,0.7752992342205827
108489,0.12921584931224997
108490,0.11159510798397286
108491,0.10164982251348541
108492,0.44945336250053214
108493,0.4069712014675864
108494,0.17981078594512862
108495,0.5554330660942859
108496,0.5106627629870621
108497,0.8225846646250599
108498,0.11848111422496116
108499,0.14013033037558575
108500,0.07811854048359367
108501,0.1348627503381514
108502,0.13451316376777023
108503,0.06103542807279579
108504,0.0665028316230568
108505,0.04248152075087152
108506,0.11144654313158818
108507,0.29768779428008635
108508,0.10201152306086061
108509,0.8475036636735077
108510,0.20093129383072944
108511,0.01907600748598648
108512,0.03931991516384005
108513,0.09970788860578869
108514,0.06557831698263536
108515,0.8737015668437779
108516,0.060385168368889755
108517,0.06716698151140724
108518,0.022796522517553555
108519,0.14049315753909114
108520,0.03847235650744979
108521,0.01974217708108366
108522,0.14696105165389786
108523,0.1411846832851483
108524,0.07439365091944616
108525,0.10409169600847808
108526,0.6026439113656316
108527,0.3906491991582826
108528,0.10157972907770209
108529,0.19909731691711555
108530,0.10516626766423441
108531,0.04189332693981811
108532,0.06994929726766261
108533,0.10932440787767143
108534,0.11487304474673267
108535,0.036046113408547645
108536,0.02281576984005454
108537,0.03166481428708343
108538,0.16995034111535953
108539,0.20741922651950712
108540,0.19547172507409016
108541,0.10177211815370601
108542,0.6638695138609156
108543,0.18986841220792455
108544,0.09950347569410077
108545,0.7034300252378933
108546,0.21091006296005066
108547,0.06292668371650187
108548,0.15075211866300045
108549,0.09466566482462706
108550,0.017261507732612764
108551,0.2238875314494504
108552,0.1274557382592248
108553,0.20823426767050904
108554,0.20149767547457165
108555,0.07219200257470695
108556,0.20969339397134273
108557,0.020148047486505706
108558,0.4362763677193618
108559,0.039417763017030066
108560,0.057206219747315004
108561,0.7099461438297305
108562,0.05521199882022413
108563,0.07737875288916955
108564,0.027957113207769658
108565,0.02159089409825793
108566,0.10877345158185774
108567,0.03561174015930646
108568,0.12398459902223657
108569,0.8158939795639915
108570,0.20380422734674933
108571,0.09564625857541813
108572,0.9012804726653876
108573,0.028372780373785277
108574,0.2435700416241863
108575,0.026394146485099662
108576,0.043624971685396204
108577,0.9059946362117836
108578,0.039337307632130225
108579,0.681689892873848
108580,0.04900148748692137
108581,0.10094068874071686
108582,0.027914771711294504
108583,0.1423159213548312
108584,0.964991709363442
108585,0.23712182146502528
108586,0.06432277304980037
108587,0.18264045492764347
108588,0.08124940512742491
108589,0.05344644787080523
108590,0.10041690031488387
108591,0.1904443898461914
108592,0.04955238459379294
108593,0.027494457572192654
108594,0.07798919118174044
108595,0.1888679676650979
108596,0.13061307081271573
108597,0.2060471208466715
108598,0.03710025999241553
108599,0.11278240351072136
108600,0.01685822005153301
108601,0.059036785190444044
108602,0.28041105287699275
108603,0.2563956564420971
108604,0.04290553785579869
108605,0.2171890974869794
108606,0.512430482371245
108607,0.056967015186911864
108608,0.3022783604899328
108609,0.0162957576840584
108610,0.04065909717272596
108611,0.30837041624831263
108612,0.2669525440645923
108613,0.02624671948499997
108614,0.3147549481290866
108615,0.18457042565587056
108616,0.17556379360029278
108617,0.11435689678526226
108618,0.05902142356175509
108619,0.06104012527976612
108620,0.18451388823815443
108621,0.02869216812972397
108622,0.7643144223424749
108623,0.0763524638763098
108624,0.19413165605982055
108625,0.04892580882554036
108626,0.016579882272868333
108627,0.018525293270827664
108628,0.4123863309603022
108629,0.343892086406179
108630,0.017365115201939785
108631,0.08565297723301608
108632,0.10396867668994805
108633,0.03074905735068385
108634,0.9656566038763026
108635,0.05350114024465393
108636,0.10726129987616746
108637,0.08222455553040064
108638,0.03627121943855647
108639,0.019219989289559817
108640,0.34953780561292697
108641,0.017489409687634315
108642,0.06755894910731745
108643,0.030296689947077526
108644,0.15884228082752852
108645,0.04685399115761096
108646,0.016448195455587584
108647,0.05777874844066365
108648,0.04513939767194783
108649,0.08890823833347819
108650,0.258495235656416
108651,0.09937751490897215
108652,0.021000504960418928
108653,0.24531622070334802
108654,0.029216017647278752
108655,0.38838272638336685
108656,0.14819115978753203
108657,0.28805101284652895
108658,0.15318933998970707
108659,0.07936791820196004
108660,0.18369983051084854
108661,0.40059845617374884
108662,0.15345687386030082
108663,0.21397655590565356
108664,0.015413164944401522
108665,0.020462414656741177
108666,0.06744866498100195
108667,0.7407977747570748
108668,0.039896210604738705
108669,0.07319953296927616
108670,0.04328820593609315
108671,0.15363956111362015
108672,0.048694089352154
108673,0.10955356370609808
108674,0.02971756954398052
108675,0.11096548579229369
108676,0.12668361853207696
108677,0.33472999940365317
108678,0.15216313222221298
108679,0.25288416271496716
108680,0.26861938579268446
108681,0.3043068826446563
108682,0.019038012588517252
108683,0.34344931145615387
108684,0.26712488430415815
108685,0.3040949390991559
108686,0.05908161167055926
108687,0.08214546787612033
108688,0.5567553810887508
108689,0.6857795317566283
108690,0.02275809378698295
108691,0.027284946409585623
108692,0.18617251798116768
108693,0.7692751007239161
108694,0.43414451243776747
108695,0.0412627711202847
108696,0.3485049500318945
108697,0.038213198187874775
108698,0.052040739854803716
108699,0.03309850600735921
108700,0.03398305442325852
108701,0.7967113682520378
108702,0.1986262125615121
108703,0.01963533407022107
108704,0.0829933078193095
108705,0.13728296313328642
108706,0.09089039231865495
108707,0.19898652784047552
108708,0.8308693402401689
108709,0.03797245238148917
108710,0.09420906801742485
108711,0.09520265619766813
108712,0.1475771744657208
108713,0.02020189439460646
108714,0.0805665347531037
108715,0.047024277007688055
108716,0.7597918228576989
108717,0.2895691748463837
108718,0.2100551855999452
108719,0.09521799826155121
108720,0.021736597115194642
108721,0.1378482890129451
108722,0.12805556578893942
108723,0.4059950364870704
108724,0.1708735157475749
108725,0.3206805959583855
108726,0.08519957894856213
108727,0.8829728383610899
108728,0.8025096059642861
108729,0.09855933155024647
108730,0.8660311984619189
108731,0.11589889729706875
108732,0.11522126304645515
108733,0.05754212948321538
108734,0.29657663761189157
108735,0.016894213884966005
108736,0.3349353834873678
108737,0.3953603478222145
108738,0.6646375123176026
108739,0.25086130383083655
108740,0.0778781352553791
108741,0.19460724878891641
108742,0.03850358769358899
108743,0.06972496804661629
108744,0.26122985793766745
108745,0.05158848006802953
108746,0.09008509415516731
108747,0.09115597932090468
108748,0.16413884516430968
108749,0.04530511644629518
108750,0.08583344989432233
108751,0.03035341775873242
108752,0.06962089618493224
108753,0.21409020008129637
108754,0.026808508299938978
108755,0.15184932850205504
108756,0.03629696271120551
108757,0.18034827467506098
108758,0.14035941519023626
108759,0.9079134596169588
108760,0.03105538208588478
108761,0.04334554816788968
108762,0.058690929006999674
108763,0.0496810477998183
108764,0.19142158089193487
108765,0.15974670005787328
108766,0.07008296788050918
108767,0.06882373945574013
108768,0.1830040543103517
108769,0.032206034891027045
108770,0.16282218526371078
108771,0.03916446100801561
108772,0.14638220649735992
108773,0.020261791949393395
108774,0.16254321650615344
108775,0.24449292937168016
108776,0.07919342722851089
108777,0.034713399393743405
108778,0.19815182078048746
108779,0.17517090078600697
108780,0.05734530222781005
108781,0.07352977895678128
108782,0.2164992398509225
108783,0.26078302562075345
108784,0.3871702364618673
108785,0.12798303586609874
108786,0.08293904012621389
108787,0.10908877172835141
108788,0.2680690505252646
108789,0.07613558892406878
108790,0.18849255365073725
108791,0.14941354361878695
108792,0.13363590467292197
108793,0.42675543645471886
108794,0.051165806752551224
108795,0.1645485762752244
108796,0.9536737724286017
108797,0.47154293362174576
108798,0.709526775184095
108799,0.45798591964689284
108800,0.2941418407841684
108801,0.019048117035436213
108802,0.021300327042559766
108803,0.020762534364775567
108804,0.024437575609168715
108805,0.19485514034186638
108806,0.09351698038749737
108807,0.16864970273977012
108808,0.02792040630696911
108809,0.12657382977041934
108810,0.19418428617300257
108811,0.1254550226741311
108812,0.09259417838535292
108813,0.21508421634073763
108814,0.9036892815467414
108815,0.38044482997664053
108816,0.02689171575158546
108817,0.1986281538053116
108818,0.07399296470240224
108819,0.01545930152703618
108820,0.17761101509701857
108821,0.12934618381152543
108822,0.17265492404932145
108823,0.06510696789835917
108824,0.04252471446903849
108825,0.12877689057024436
108826,0.03115427457378635
108827,0.026929913223662925
108828,0.7238370850282388
108829,0.366109016931602
108830,0.06736246304308371
108831,0.024800590983492545
108832,0.4739261016724847
108833,0.23789557078178888
108834,0.07418557390177248
108835,0.01929047324266065
108836,0.06410745612028418
108837,0.9298314682463734
108838,0.016018794834935117
108839,0.04304506674778013
108840,0.06867600779695805
108841,0.3023340659246184
108842,0.04213276732901136
108843,0.10573776535815914
108844,0.038629034997403014
108845,0.1625765647519466
108846,0.04170890282618517
108847,0.09374722988319631
108848,0.76378071592722
108849,0.20151448066030317
108850,0.09450753876606885
108851,0.04364598584548629
108852,0.3127957895139278
108853,0.04344938045856891
108854,0.023573378061421006
108855,0.1977183571671704
108856,0.21572648417290444
108857,0.4374199170505196
108858,0.0350854093669995
108859,0.030116089506545627
108860,0.2310991206773988
108861,0.09647387459706953
108862,0.03852976067231404
108863,0.1494268272367831
108864,0.4850391415804533
108865,0.11684405148575085
108866,0.022452950018412778
108867,0.12253825968776626
108868,0.05014942378509488
108869,0.07374503799457365
108870,0.23401283390657118
108871,0.1232180746910002
108872,0.1254417982932593
108873,0.9182652881911738
108874,0.021889144299113424
108875,0.17742386842475164
108876,0.06872588441544128
108877,0.023717151906298296
108878,0.07564406045128269
108879,0.6864340866275607
108880,0.2383991813911213
108881,0.09953311028027002
108882,0.08892504102848293
108883,0.08372079562207813
108884,0.19542144769390793
108885,0.13651645900458956
108886,0.0486442075984629
108887,0.13221278636372588
108888,0.32468007265312177
108889,0.052330137320895295
108890,0.07482327159694795
108891,0.05747630634483292
108892,0.022006234247205856
108893,0.7596366515031842
108894,0.0973501168335174
108895,0.07378019719918207
108896,0.03914023322136924
108897,0.1356885059908938
108898,0.6006617178824024
108899,0.016262089527217173
108900,0.758715380109556
108901,0.05896982271036817
108902,0.4328129076863008
108903,0.05665862712165571
108904,0.8148316928212419
108905,0.027207758029951734
108906,0.07501245860857395
108907,0.05668292324015303
108908,0.2369387771715165
108909,0.85818981544438
108910,0.030710076350440957
108911,0.137852009899255
108912,0.18278630617170885
108913,0.03566027330101756
108914,0.1485460014620528
108915,0.19891565121984567
108916,0.02345216316000261
108917,0.04289866948344655
108918,0.028969736435241776
108919,0.1266893285056412
108920,0.25159484471339133
108921,0.16822699392979537
108922,0.1504622093375242
108923,0.05052071190133664
108924,0.5358824579466849
108925,0.15491788652597613
108926,0.22898897213673589
108927,0.12716565796636328
108928,0.4941722654645328
108929,0.05763529584558993
108930,0.08147432006001845
108931,0.07403257061102085
108932,0.21874859021637483
108933,0.48384245235642126
108934,0.1715254624334246
108935,0.4501866594195785
108936,0.026755878977408963
108937,0.0789823225254428
108938,0.03539912317255025
108939,0.285961109824245
108940,0.10194248180797301
108941,0.14199778014293718
108942,0.03453117300452107
108943,0.07008377348355029
108944,0.015932764089606425
108945,0.02815678927823995
108946,0.16450916281747097
108947,0.35761264034576745
108948,0.01593402480279928
108949,0.02179653298004153
108950,0.031997161356552256
108951,0.04893765327082464
108952,0.35928181750933447
108953,0.7227742871791513
108954,0.09606179767220814
108955,0.03904774098418047
108956,0.03379660623936942
108957,0.2947312764215892
108958,0.46084077273561097
108959,0.026962362407010332
108960,0.022411365879651108
108961,0.0301391752080073
108962,0.03126314195355523
108963,0.02814859987488028
108964,0.1965163840345142
108965,0.40801880422478504
108966,0.11603213394649499
108967,0.6180313400321356
108968,0.07061938431889013
108969,0.517340756313052
108970,0.20674699248490402
108971,0.08188067211475257
108972,0.3682887122068311
108973,0.9026423476713836
108974,0.5027473051217072
108975,0.04167291666255096
108976,0.12815452590195114
108977,0.07022153497709185
108978,0.03893504146909344
108979,0.20249334181214595
108980,0.029850638848509498
108981,0.28769371895923684
108982,0.7568257116814067
108983,0.058763971272232596
108984,0.12666305263124591
108985,0.084837681569481
108986,0.01666865639358193
108987,0.07588389432905505
108988,0.024147459859941673
108989,0.04886097602805502
108990,0.09549517330567371
108991,0.3571303137511281
108992,0.02997644966108944
108993,0.7487011636071829
108994,0.5064899248765804
108995,0.17762654687705648
108996,0.0679621473739058
108997,0.03686789246970753
108998,0.04088526116586778
108999,0.021028127573526057
109000,0.37260382868822195
109001,0.02987354314328326
109002,0.9240152562526927
109003,0.0285645016934584
109004,0.03758032757872535
109005,0.2860873699851625
109006,0.15679168272276772
109007,0.4785668172264334
109008,0.5827839857119124
109009,0.3295388495775448
109010,0.12095536029877527
109011,0.02671558540058394
109012,0.09453907801984203
109013,0.14619203926893157
109014,0.5437104500038503
109015,0.541309453917297
109016,0.016299176108002113
109017,0.02462774255053324
109018,0.0174923339018228
109019,0.09881924896207546
109020,0.07276563927659963
109021,0.01994806523083508
109022,0.03959579347604338
109023,0.192907805587728
109024,0.05059766247765399
109025,0.12560237925460696
109026,0.4199185142207244
109027,0.25888593043979574
109028,0.046255398241264824
109029,0.054243176532198
109030,0.0894229405999615
109031,0.1820792694164221
109032,0.018961211039125785
109033,0.5501978364790986
109034,0.200808026717446
109035,0.06739196263238902
109036,0.9369133149523855
109037,0.10071524450279681
109038,0.054837811412720525
109039,0.6183756642692675
109040,0.2845513251182125
109041,0.16871003376757293
109042,0.5011014937973971
109043,0.058958443618961624
109044,0.023867992533071532
109045,0.024673465807367137
109046,0.2075171819929605
109047,0.044035628729837704
109048,0.397111313563328
109049,0.06264777992067584
109050,0.06088168761433332
109051,0.3453132228715032
109052,0.1254180650778813
109053,0.06372290164693167
109054,0.3476258533347346
109055,0.7608625595332369
109056,0.7368154769302258
109057,0.09995326675003399
109058,0.28950855596797115
109059,0.9006603197058307
109060,0.5776978088067247
109061,0.015241596055288818
109062,0.10580467472200471
109063,0.11975822034699415
109064,0.8404452177240611
109065,0.01924527521995729
109066,0.09820943434808442
109067,0.3382756861566715
109068,0.2902507994126191
109069,0.08230824317158666
109070,0.022997137768442467
109071,0.040011176518853796
109072,0.06790548461415374
109073,0.30539445524744013
109074,0.3944787737618551
109075,0.04336800437178793
109076,0.12315562102664537
109077,0.5676570551635999
109078,0.1374479779477073
109079,0.4217170710097531
109080,0.3181460659376639
109081,0.08982261937956647
109082,0.8239281892162915
109083,0.19912682395765954
109084,0.09256107675899647
109085,0.05460832397376748
109086,0.7967038849270964
109087,0.0838536088988468
109088,0.03400739305106462
109089,0.05798649331479867
109090,0.08786446810711523
109091,0.22725382757722457
109092,0.2427516416796196
109093,0.5380619699950054
109094,0.22023499665334242
109095,0.5671806503511497
109096,0.1853578254820425
109097,0.11129504608054978
109098,0.1230299792259342
109099,0.06463569812360503
109100,0.0604368774857889
109101,0.04115175448557116
109102,0.02265709999946221
109103,0.08391492014034295
109104,0.052334005355065515
109105,0.09784247897371166
109106,0.09548120007294954
109107,0.12759458189667477
109108,0.2335939125385535
109109,0.07476014735656313
109110,0.2765270725381962
109111,0.7688247731688266
109112,0.01635623485663875
109113,0.320601968302542
109114,0.06135467987722924
109115,0.4315922446346068
109116,0.7148679831067892
109117,0.05015598246519752
109118,0.0636004030845367
109119,0.05657637222824046
109120,0.15408998371290186
109121,0.12395631302497168
109122,0.22468987065691806
109123,0.13000531359005385
109124,0.10058750215263638
109125,0.27498279099975736
109126,0.1489844045417028
109127,0.025953217064121212
109128,0.045982594597873384
109129,0.04208841773582996
109130,0.15274078312057018
109131,0.05387963595035012
109132,0.8386357644303077
109133,0.040962557141238615
109134,0.044047281233713896
109135,0.02880096405853573
109136,0.0754082909248959
109137,0.15622631077024127
109138,0.09361888514404657
109139,0.31350982264720684
109140,0.05441979947788491
109141,0.8359580221557346
109142,0.2909456748512669
109143,0.4535514690170375
109144,0.04851150933544971
109145,0.825416707898049
109146,0.3147194570171588
109147,0.06221015908014439
109148,0.06716769017382558
109149,0.04736619574657687
109150,0.0413939563511357
109151,0.20788030633248863
109152,0.02969570578162602
109153,0.06940652437719914
109154,0.12515877492690314
109155,0.08325695741377849
109156,0.2631358895115766
109157,0.14337678571653056
109158,0.10316610938021817
109159,0.016710637323578248
109160,0.6745189250468411
109161,0.19805039702545083
109162,0.10601065424766434
109163,0.015356800846608572
109164,0.12031837392563433
109165,0.23532259307575681
109166,0.9275306441476693
109167,0.024029643234426887
109168,0.41586344211346205
109169,0.262277853735371
109170,0.030297354672031516
109171,0.03070161495447164
109172,0.03420510351200853
109173,0.2802044770442678
109174,0.027221780888871037
109175,0.22079395485072803
109176,0.12017703426708179
109177,0.39307260375926806
109178,0.05122747054143474
109179,0.016289680915651004
109180,0.048288654481323905
109181,0.45210934953402737
109182,0.065206088004634
109183,0.2468966815523158
109184,0.04352607516314636
109185,0.028370134954119327
109186,0.3683621281974829
109187,0.8123302320640005
109188,0.42781488389704564
109189,0.08199956819721825
109190,0.2898318080578755
109191,0.3894128530007603
109192,0.08815427737143887
109193,0.30984637582889785
109194,0.05012479321394472
109195,0.02776370534036661
109196,0.17296738292860359
109197,0.15084830953692338
109198,0.09494030601473459
109199,0.04138584810214056
109200,0.7406198150386247
109201,0.6195035886924402
109202,0.09029035719962919
109203,0.04231516813457065
109204,0.7479995712372456
109205,0.08442014747395732
109206,0.14541916428024412
109207,0.01636320971160046
109208,0.0991296198266841
109209,0.14192428024402218
109210,0.7946639517110052
109211,0.056876870789986975
109212,0.08386513822681287
109213,0.1326118371958802
109214,0.24147867218456098
109215,0.4419801679741036
109216,0.06380786788915467
109217,0.04826792250235745
109218,0.06604934375237945
109219,0.8974833114518853
109220,0.1522286401970032
109221,0.1465191414953832
109222,0.03947114985587047
109223,0.016347940253511804
109224,0.21942306099711084
109225,0.04006253538967929
109226,0.15266929325091821
109227,0.8638096623688069
109228,0.12571090988343206
109229,0.7527866293041008
109230,0.8580428140381512
109231,0.04749661146910099
109232,0.4400947530826578
109233,0.11212385849499194
109234,0.05126495641147506
109235,0.06824389809825902
109236,0.03925943531128991
109237,0.18778886391123334
109238,0.05060393867018062
109239,0.10929279987933055
109240,0.19879829917837571
109241,0.11664975379314273
109242,0.06123001715554058
109243,0.19911211182101804
109244,0.04987237269144171
109245,0.2743147760731367
109246,0.022540058828030538
109247,0.04634491815173936
109248,0.08176648043409288
109249,0.03142192300003608
109250,0.3766007515797721
109251,0.3114034578652071
109252,0.5625469142326909
109253,0.39024932971380827
109254,0.3418937487870311
109255,0.025337153257700137
109256,0.033102455825892496
109257,0.0377036451603063
109258,0.2060991791101282
109259,0.1698706840073417
109260,0.19577220927028002
109261,0.2333471776232065
109262,0.088329241469397
109263,0.01748018961180788
109264,0.13536509863005966
109265,0.14535965705862422
109266,0.7088063539109271
109267,0.2443193778951726
109268,0.5150323059546705
109269,0.16351447110719902
109270,0.09998500717861317
109271,0.02547448384565542
109272,0.1369888096335482
109273,0.11679295652829277
109274,0.20528997731084167
109275,0.3402392530388411
109276,0.3873558740193738
109277,0.4505316120088322
109278,0.07538723836503393
109279,0.055028862247902155
109280,0.4533873712042014
109281,0.5274990619827592
109282,0.023062832468049452
109283,0.12319813427337949
109284,0.19769136123673064
109285,0.03353738063895052
109286,0.03983376708885549
109287,0.12917505144712094
109288,0.25784125734403335
109289,0.20339278312637613
109290,0.1621706702389387
109291,0.11910496043904706
109292,0.03982304698513705
109293,0.11617116496843963
109294,0.2250607620159723
109295,0.02495280762090507
109296,0.18646681851067498
109297,0.018749502216220227
109298,0.4960155028735761
109299,0.049340790209002866
109300,0.05393753151346934
109301,0.43382634551671784
109302,0.5308895111873655
109303,0.16564357398837787
109304,0.15807511389886558
109305,0.18344992565365353
109306,0.2877045405918137
109307,0.07434133500004088
109308,0.879606519323019
109309,0.2173667338768775
109310,0.1107955308761052
109311,0.03128861172979626
109312,0.0968255842783402
109313,0.14730010441008404
109314,0.026675961797273558
109315,0.20847310424406026
109316,0.3047964478756663
109317,0.1933951517119759
109318,0.050730459521279664
109319,0.30768324056794244
109320,0.15282186240629828
109321,0.6755682909714155
109322,0.15856318287361243
109323,0.07342006313516569
109324,0.16979002933038975
109325,0.015795638467373002
109326,0.10416121039222215
109327,0.11517490540423014
109328,0.04816748789559862
109329,0.13678724049651764
109330,0.4157577397741232
109331,0.0180842345044312
109332,0.03579250890301803
109333,0.3809411716761622
109334,0.22312562917291867
109335,0.049849589279553096
109336,0.13937109873695092
109337,0.30569881501977436
109338,0.06075627690681961
109339,0.06672640833770262
109340,0.28443229737244735
109341,0.1242275339199133
109342,0.020767356954651466
109343,0.11101482118650366
109344,0.11125776013548908
109345,0.08020373684454214
109346,0.03857847303349693
109347,0.029722962205578903
109348,0.05106336894225724
109349,0.1160168133209927
109350,0.033696460192552194
109351,0.06848558846640418
109352,0.24314224025090755
109353,0.8189840810502931
109354,0.14048938342624737
109355,0.03560482922897209
109356,0.23952377376215714
109357,0.505862842554378
109358,0.04158008265417282
109359,0.8409547031492063
109360,0.1671567115042505
109361,0.14669060165500633
109362,0.02158609791451693
109363,0.8363538411815276
109364,0.20963201509864576
109365,0.075897248987125
109366,0.35495140191868485
109367,0.06190846699311921
109368,0.027392615506819915
109369,0.08169663857313952
109370,0.0230925713311091
109371,0.25170158835817275
109372,0.5932657182620303
109373,0.1809815310167503
109374,0.024667056949570138
109375,0.051382392941872135
109376,0.08665910504044931
109377,0.20261506620679967
109378,0.016465481020646523
109379,0.5629251543797366
109380,0.8426858122728619
109381,0.070782617163169
109382,0.04303792464042467
109383,0.9270733560293953
109384,0.12347806386744062
109385,0.054334919487579576
109386,0.08347744766670646
109387,0.03764191307757814
109388,0.03247588094454325
109389,0.2717048078288685
109390,0.12207231108309789
109391,0.1755701276774963
109392,0.19994068547494678
109393,0.01827111167573706
109394,0.2774346085909238
109395,0.14947910673071577
109396,0.08576685239453782
109397,0.37591444535761354
109398,0.16219038316498122
109399,0.16400979780350594
109400,0.2891896624996317
109401,0.14060221438690831
109402,0.26002205089446956
109403,0.07900181293075352
109404,0.04984094776211875
109405,0.08327996175071035
109406,0.1893931746907781
109407,0.1866290490938835
109408,0.4659935967528452
109409,0.17324167634190682
109410,0.0162792675645745
109411,0.0365881996833282
109412,0.0564804365327524
109413,0.115424999970781
109414,0.10531341386004965
109415,0.09401574647251289
109416,0.07907311752807966
109417,0.7859014836059833
109418,0.12618781266684317
109419,0.13703291309383583
109420,0.4226646045994714
109421,0.16892952043686404
109422,0.368794583663725
109423,0.019754708985303026
109424,0.04055320792472088
109425,0.024265295686486943
109426,0.06915700312727373
109427,0.04719543659243308
109428,0.11906958956252925
109429,0.2175887063955937
109430,0.4560661169668828
109431,0.4943403148986451
109432,0.3686596058026885
109433,0.01963423203669323
109434,0.07504105609598537
109435,0.10401400891336163
109436,0.07985087989436432
109437,0.5974737875593771
109438,0.10373185206227319
109439,0.15006430796288164
109440,0.07433441200060252
109441,0.1088007458865634
109442,0.14154809784622935
109443,0.13792726012455084
109444,0.31638332944419034
109445,0.04837462203295075
109446,0.017847627471870683
109447,0.03845337575025039
109448,0.03220003771471073
109449,0.5668995166726298
109450,0.042717274093678245
109451,0.08456494910866863
109452,0.7894029693897565
109453,0.13186538199860323
109454,0.035048688358016306
109455,0.03973521491260635
109456,0.03375158516114297
109457,0.26371169045765513
109458,0.1739131686406289
109459,0.044772362255912676
109460,0.03647547322920743
109461,0.19010652580747786
109462,0.17063377278833852
109463,0.2643973645419352
109464,0.3383120831759964
109465,0.0353256343064081
109466,0.13416174683355708
109467,0.08366498054035039
109468,0.10521306630328667
109469,0.15796069580762687
109470,0.0197982555640735
109471,0.19548995326681357
109472,0.03746322005772218
109473,0.02024980816769332
109474,0.8682068352419462
109475,0.07318861689281364
109476,0.1554857472685266
109477,0.01708462971730349
109478,0.8388498745055311
109479,0.05499636376415991
109480,0.0850138630589467
109481,0.2660208282813792
109482,0.1375788411392152
109483,0.7662772219085435
109484,0.2642162102572177
109485,0.026411595166029582
109486,0.07158746728415766
109487,0.03313037052221367
109488,0.25816328705233854
109489,0.879516563991832
109490,0.020729820830141542
109491,0.48476061196231385
109492,0.1410453869511706
109493,0.3744780983481569
109494,0.016759661683931906
109495,0.24521274666863438
109496,0.18969146215001206
109497,0.26865760723913246
109498,0.06072575297485591
109499,0.025046790965491377
109500,0.5091935469358831
109501,0.15016540956248603
109502,0.043981962791156244
109503,0.17229253126452831
109504,0.043506524721093565
109505,0.0689251075712096
109506,0.5588527599489488
109507,0.0376274053398455
109508,0.3711222204517511
109509,0.04208501901404747
109510,0.04841224217274879
109511,0.14931357935908077
109512,0.03869491218816145
109513,0.250410928910343
109514,0.022600100772107442
109515,0.05786492278486935
109516,0.34084391187437624
109517,0.03177515984899144
109518,0.02878235388167907
109519,0.43289364966371946
109520,0.4257298803675527
109521,0.11643944496068218
109522,0.06238613921563833
109523,0.057582275806768494
109524,0.03763372648060631
109525,0.0170017079272939
109526,0.1380690550437991
109527,0.04464615997021808
109528,0.22325523241869105
109529,0.027650774574964912
109530,0.1275879432207845
109531,0.06846843068927819
109532,0.7629919668924927
109533,0.07110159501723848
109534,0.08551809430087058
109535,0.2612546983024784
109536,0.07269440361059998
109537,0.1513099740526846
109538,0.09452369783881152
109539,0.05424074516460127
109540,0.01713914557657178
109541,0.04712653656841842
109542,0.3645991782210362
109543,0.23872629265322143
109544,0.40395420752523437
109545,0.05563816125922644
109546,0.6690861291509845
109547,0.1083772626030065
109548,0.032098370362865725
109549,0.0178897568779336
109550,0.25548055355283683
109551,0.0911888536885284
109552,0.02082329312345691
109553,0.1486578851895587
109554,0.33348991517743104
109555,0.45751984439437987
109556,0.17250726996229349
109557,0.02779038477449239
109558,0.18328155872494514
109559,0.21614139097087023
109560,0.08983522804754578
109561,0.07321520240068444
109562,0.0294919466962984
109563,0.027406228551746636
109564,0.21370069023560354
109565,0.05630555151375412
109566,0.8785790145740155
109567,0.09985407137916018
109568,0.10127514235692306
109569,0.49535002123404787
109570,0.4869341580534601
109571,0.14676848305853168
109572,0.5361462139227531
109573,0.25220987914405
109574,0.026830697003528893
109575,0.17318927342245297
109576,0.08936257016084134
109577,0.08104685623331145
109578,0.14830993749559573
109579,0.24040997031050082
109580,0.02947949189342559
109581,0.029312358033066675
109582,0.3184730840681304
109583,0.01865523335001028
109584,0.028055851561008056
109585,0.026846073730847138
109586,0.07725952722134243
109587,0.057989231653032686
109588,0.2097677692385598
109589,0.19087894005482378
109590,0.14449376281773094
109591,0.9028073427188421
109592,0.18441861077436694
109593,0.08657982468495017
109594,0.11049895680707979
109595,0.09122498948052202
109596,0.48193530214458663
109597,0.01658294098532323
109598,0.029845118667612566
109599,0.18454393613229067
109600,0.26755308698837993
109601,0.02776229078114476
109602,0.05068082799341328
109603,0.07224036751901676
109604,0.8072901806241516
109605,0.22347243909915526
109606,0.06401519068632539
109607,0.08532401366173246
109608,0.7100823546841174
109609,0.031879676980261944
109610,0.10075928619038978
109611,0.04710003324329696
109612,0.15925959017003433
109613,0.8606214652203673
109614,0.032887983246216286
109615,0.03553988527377946
109616,0.1292627796920851
109617,0.06514974904770889
109618,0.15370530354912634
109619,0.03947205148528943
109620,0.02443757105603043
109621,0.058797289251082255
109622,0.2836387819089768
109623,0.43692476273120057
109624,0.14672229912915652
109625,0.09043466832169332
109626,0.24790675666234696
109627,0.23384766502013063
109628,0.30174736030313487
109629,0.06997048838098856
109630,0.5273711139840335
109631,0.23272931049244594
109632,0.06058627784737952
109633,0.15381443247928311
109634,0.17239834592369505
109635,0.047363958837729314
109636,0.059721273306323895
109637,0.04090453583579162
109638,0.08576940778005489
109639,0.6147416112781388
109640,0.24531630799540624
109641,0.024477327200619656
109642,0.5277750615450842
109643,0.1715708382997275
109644,0.07370014082549538
109645,0.02705957338267453
109646,0.11837418263164916
109647,0.06498469855046483
109648,0.03500573725670972
109649,0.1084096074916317
109650,0.08820703740412568
109651,0.04685652454243212
109652,0.17850280228311985
109653,0.22250986756911495
109654,0.203991298536799
109655,0.03792662219187796
109656,0.20740266784414113
109657,0.03860273348888833
109658,0.056010577258863985
109659,0.01649676882492002
109660,0.07681359070001868
109661,0.8942736542318129
109662,0.0372571640365888
109663,0.44071051022514945
109664,0.4631108109042015
109665,0.06236634449917599
109666,0.07539187401446254
109667,0.3936312363105751
109668,0.08737407103617845
109669,0.04637874167358738
109670,0.39346015822340513
109671,0.025962491983890737
109672,0.09362037070894409
109673,0.02676952246630675
109674,0.05716611045448145
109675,0.1201091564878721
109676,0.5338385925563437
109677,0.03529200173547963
109678,0.6414392880810197
109679,0.49172311093446697
109680,0.039251754425887235
109681,0.04263647812785857
109682,0.05748817824550343
109683,0.1339294212795033
109684,0.19860676750759507
109685,0.11552401445808859
109686,0.018174521772842296
109687,0.3153063233460799
109688,0.0949670002135561
109689,0.04040938157130018
109690,0.16870431473834957
109691,0.08575878696684337
109692,0.47738437469304684
109693,0.21012126258603622
109694,0.8758952998681194
109695,0.03296536121924058
109696,0.03725351237137822
109697,0.040276960084575736
109698,0.23960661589877402
109699,0.1501328340098408
109700,0.17250176054414015
109701,0.679072148238022
109702,0.09775717525039683
109703,0.07893235740335501
109704,0.9466845453645585
109705,0.038919230237530654
109706,0.05571820024827932
109707,0.16130745690970189
109708,0.2477080805860945
109709,0.6585907437133574
109710,0.1891647407863173
109711,0.2009372181581909
109712,0.15023893105899952
109713,0.030171775170184253
109714,0.06164140729342818
109715,0.707821858916517
109716,0.05499148969348888
109717,0.05806391587418904
109718,0.1975072360731278
109719,0.9087740260696833
109720,0.5121441446495526
109721,0.4905502025884072
109722,0.3465696769016795
109723,0.09433027870518892
109724,0.06074459957236459
109725,0.056538223266721185
109726,0.10806253764582033
109727,0.4459847546580172
109728,0.06342278995484428
109729,0.9299908422529468
109730,0.7217812548169872
109731,0.04460954333438153
109732,0.027736471252554983
109733,0.16524974410898507
109734,0.44425590495328493
109735,0.01950084893289639
109736,0.15131420811466503
109737,0.41420666198781975
109738,0.09707052480941812
109739,0.2186232045303122
109740,0.039081174186849046
109741,0.4302627838254178
109742,0.027357534627850136
109743,0.5232381214052618
109744,0.11617583758222731
109745,0.077272302022349
109746,0.016325564068287408
109747,0.2347141507991832
109748,0.09756332631408315
109749,0.12486362427003464
109750,0.03059062726165107
109751,0.0701332489716378
109752,0.029225531668771173
109753,0.8587787802040396
109754,0.02537207583384609
109755,0.13131849606285143
109756,0.020410487260190555
109757,0.5951719781916868
109758,0.0796323833495433
109759,0.12319340356347794
109760,0.2601525741523877
109761,0.327676715400866
109762,0.3069510324594781
109763,0.08064539079223869
109764,0.03271105104399708
109765,0.27469832121991805
109766,0.022501625579045847
109767,0.09685473021648713
109768,0.08817041958704333
109769,0.03698130758820282
109770,0.07369021668777524
109771,0.033785651213263546
109772,0.04335559983160124
109773,0.2555443844497967
109774,0.14281855085005454
109775,0.5607406045630976
109776,0.049650576298985054
109777,0.27636888740479787
109778,0.02557290482876784
109779,0.4041009921183883
109780,0.25166512334037816
109781,0.016493685072303286
109782,0.1050716607090566
109783,0.0551231638346411
109784,0.31910454153180773
109785,0.4413288474845067
109786,0.019294407664031753
109787,0.9649012712401768
109788,0.09232051993488398
109789,0.04480261241009163
109790,0.21796038504804136
109791,0.06957732308957669
109792,0.03539906910263581
109793,0.1399806375486728
109794,0.05514879358117074
109795,0.09007767373037039
109796,0.20296974738202406
109797,0.04565388700646293
109798,0.05552439184521531
109799,0.039049114046589194
109800,0.48701547800843137
109801,0.22513126876867678
109802,0.1037835679925548
109803,0.11246935156107193
109804,0.2247881225278611
109805,0.8683377105423455
109806,0.058836571191049104
109807,0.8886514888374248
109808,0.12886858850707655
109809,0.08725864001402552
109810,0.11889596084047253
109811,0.07441860657453145
109812,0.02850450244708021
109813,0.039346462674292884
109814,0.893390503046024
109815,0.04069355746044408
109816,0.0996114701577717
109817,0.4316369194185751
109818,0.17217726458236793
109819,0.06075631624568668
109820,0.6690468565696822
109821,0.11661175144416801
109822,0.2573797592571524
109823,0.0353389720522954
109824,0.0341446991212754
109825,0.03250867387833983
109826,0.0316349055263779
109827,0.12072323090585137
109828,0.35609065171865595
109829,0.030088245999429778
109830,0.7202348329820378
109831,0.05746435051545289
109832,0.27751158849150626
109833,0.11063209000942702
109834,0.23868381831399735
109835,0.17702212820928853
109836,0.20717473534434114
109837,0.3139294436039293
109838,0.3641837706211571
109839,0.2328003795212463
109840,0.891198876001509
109841,0.10714936306503596
109842,0.27486120696534944
109843,0.11771922096594499
109844,0.7122264110598733
109845,0.045761664253407754
109846,0.015876726680275698
109847,0.46841715178431986
109848,0.5847187914887889
109849,0.030030965249705322
109850,0.31031435410951014
109851,0.7843177958486407
109852,0.09531950793368932
109853,0.1554111974327249
109854,0.1656530713123612
109855,0.09429816823916055
109856,0.07091006720233822
109857,0.26422047754224004
109858,0.6899332655809943
109859,0.09218873074031406
109860,0.027610091539217806
109861,0.104536879415448
109862,0.06049523970879264
109863,0.8259874906411532
109864,0.10904765852568829
109865,0.11285561647500404
109866,0.16121742230496608
109867,0.017940596029626193
109868,0.781452602329432
109869,0.055539557484200176
109870,0.07884677865351371
109871,0.19964534112347587
109872,0.6039920597634268
109873,0.03115396536662175
109874,0.5577446185555129
109875,0.17453331985604736
109876,0.03497547702057014
109877,0.8771444523901074
109878,0.2774215692978597
109879,0.7459051261509326
109880,0.04241721400791038
109881,0.015537716520433476
109882,0.0696551158153855
109883,0.08101032931583847
109884,0.18525959234300857
109885,0.9220258155440703
109886,0.07006354556141854
109887,0.036562709923177575
109888,0.016903365103532974
109889,0.06358688371944678
109890,0.10571472931092582
109891,0.08064141952349073
109892,0.08327050626965199
109893,0.9650597193853798
109894,0.04141923770545314
109895,0.06090810456833131
109896,0.45082727441436843
109897,0.11547451179832842
109898,0.062082736836491056
109899,0.16058550383737763
109900,0.27018054126133156
109901,0.12486808900669479
109902,0.5514172983066761
109903,0.7659781185484742
109904,0.15131261945815005
109905,0.23701439004334357
109906,0.10965951870310812
109907,0.18539312414164666
109908,0.42399973265479485
109909,0.04466558181915537
109910,0.04716828290603056
109911,0.16997369533246912
109912,0.08570465600409652
109913,0.04286387803179938
109914,0.10203427543959136
109915,0.9490948789056178
109916,0.01745233705425933
109917,0.04348071399079564
109918,0.14787157182509422
109919,0.1331304138122358
109920,0.1080767953791298
109921,0.09383206099475959
109922,0.02861820098127176
109923,0.06451549832767703
109924,0.5896259564491692
109925,0.017496950603315044
109926,0.28862920464477426
109927,0.01754588316663122
109928,0.02138766653426733
109929,0.04849063955722905
109930,0.02599614081612813
109931,0.18029198113768014
109932,0.2275570201503004
109933,0.06823063735598371
109934,0.07332837581553803
109935,0.030172665284875645
109936,0.22529762786528598
109937,0.04068395688112929
109938,0.08703187175735634
109939,0.0844766702185268
109940,0.2064116550807455
109941,0.28022951106053484
109942,0.09092384048215137
109943,0.17281145546270074
109944,0.019746350361878245
109945,0.055634534391414435
109946,0.216164555441607
109947,0.050472487986231704
109948,0.3893603912050068
109949,0.0664032613778673
109950,0.20776425854201525
109951,0.027078751336448877
109952,0.07805953011908295
109953,0.18443364950911217
109954,0.15915640258431965
109955,0.048058802903940365
109956,0.024857662621640395
109957,0.019108278089087133
109958,0.179479885946352
109959,0.12837524512462212
109960,0.5832303402613296
109961,0.9676777306603099
109962,0.02172526696567242
109963,0.06676944242904519
109964,0.1220953381811237
109965,0.33457610518466063
109966,0.05940612470580096
109967,0.02858968601628101
109968,0.03033417902081564
109969,0.06328666912202105
109970,0.057555762873245035
109971,0.021630462451809596
109972,0.8746703590356973
109973,0.22929768894941727
109974,0.19867067659736337
109975,0.30665328609848275
109976,0.19174427874285271
109977,0.017104559177639627
109978,0.1841917439297609
109979,0.015879294593691293
109980,0.19458002428303967
109981,0.1704028636397255
109982,0.2040096562706428
109983,0.8433770390167659
109984,0.5725972259039401
109985,0.041778853304847215
109986,0.7758262236510115
109987,0.21089827030670483
109988,0.7704596653268975
109989,0.0853006306293155
109990,0.08823591355939533
109991,0.03181014689263809
109992,0.16919170008350878
109993,0.025934078584157493
109994,0.040267149947284156
109995,0.17256115170813852
109996,0.28755560771205196
109997,0.21623044574387715
109998,0.01860905219166297
109999,0.12602111499370847
