CustomerID,Surname,CreditScore,Geography,Gender,Age,Tenure,Balance,NumOfProducts,HasCrCard,IsActiveMember,EstimatedSalary,Exited
100000,Macleod,686.0,France,Male,29.0,1.0,0.0,1.0,1.0,0.0,,0
100001,Hao,658.0,Spain,Female,44.0,10.0,0.0,2.0,1.0,0.0,55851.49,0
100002,Zetticci,642.0,Spain,Male,47.0,2.0,114574.16,1.0,1.0,1.0,85200.77,0
100003,Hopwood,703.0,Spain,Female,40.0,3.0,137668.36,1.0,0.0,1.0,62396.56,0
100004,Yamamoto,696.0,Germany,Female,37.0,5.0,158097.58,2.0,0.0,1.0,154788.36,0
100005,Calabresi,745.0,France,Female,39.0,1.0,143856.66,2.0,1.0,1.0,162757.21,0
100006,T'ien,466.0,France,Male,35.0,3.0,133675.26,1.0,1.0,1.0,165562.77,0
100007,Yobachi,582.0,France,,35.0,1.0,0.0,,1.0,1.0,126803.83,0
100008,Iadanza,596.0,Germany,Female,35.0,1.0,104907.53,1.0,1.0,0.0,103722.08,1
100009,Nkemakonam,581.0,France,Female,47.0,7.0,0.0,1.0,0.0,0.0,114741.06,1
100010,Chukwualuka,699.0,Spain,Female,47.0,7.0,137108.35,1.0,1.0,1.0,80592.03,0
100011,Shao,670.0,France,Female,43.0,9.0,0.0,2.0,0.0,1.0,68627.33,0
100012,Hs?,683.0,France,Male,37.0,7.0,0.0,2.0,,0.0,98963.18,0
100013,Cameron,607.0,France,Female,37.0,7.0,86023.27,1.0,,1.0,122854.26,0
100014,Lu,611.0,,Male,36.0,8.0,135096.75,1.0,0.0,0.0,72587.06,0
100015,Smith,735.0,,Female,54.0,8.0,177176.57,1.0,,0.0,176735.2,1
100016,P'eng,633.0,France,Male,41.0,7.0,98857.79,1.0,,0.0,58855.34,0
100017,Ch'ien,,Spain,Male,38.0,2.0,106287.35,2.0,1.0,1.0,41867.64,0
100018,Smith,598.0,France,Male,38.0,4.0,0.0,2.0,1.0,1.0,172939.69,1
100019,Fanucci,568.0,Spain,Male,26.0,1.0,119053.69,2.0,1.0,0.0,108891.22,0
100020,Egobudike,597.0,Spain,Female,37.0,2.0,0.0,2.0,1.0,1.0,110112.17,0
100021,Chukwukere,686.0,France,Male,46.0,5.0,,2.0,1.0,1.0,145749.62,0
100022,DeRose,611.0,Spain,Male,38.0,9.0,122312.96,1.0,1.0,1.0,178825.38,0
100023,Hsiung,575.0,France,Male,40.0,1.0,0.0,2.0,1.0,1.0,111216.71,0
100024,Uspensky,493.0,,Female,48.0,3.0,,1.0,1.0,0.0,142903.44,1
100025,Hsia,728.0,France,Male,37.0,4.0,0.0,2.0,1.0,0.0,134878.3,0
100026,Mishin,718.0,Germany,Male,43.0,1.0,120105.43,1.0,1.0,0.0,82714.65,1
100027,Buccho,728.0,Germany,,51.0,2.0,126008.83,1.0,1.0,0.0,165296.55,1
100028,Nwachinemelu,,France,Female,35.0,1.0,0.0,1.0,1.0,1.0,138383.2,0
100029,Boucaut,600.0,France,Male,38.0,1.0,0.0,1.0,1.0,0.0,83023.79,0
100030,Bazhenov,634.0,Germany,Female,37.0,0.0,,,0.0,0.0,140138.87,1
100031,Cawthorne,681.0,Germany,Male,35.0,3.0,122766.74,1.0,1.0,1.0,60200.76,0
100032,Li,705.0,Germany,Female,32.0,4.0,97706.58,1.0,1.0,1.0,98665.97,0
100033,Udegbulam,667.0,Spain,Male,32.0,5.0,141078.52,1.0,1.0,1.0,,0
100034,Nnanna,604.0,France,Male,,10.0,89839.11,1.0,1.0,0.0,108086.97,1
100035,Baresi,683.0,France,Female,35.0,8.0,0.0,2.0,1.0,0.0,61251.48,0
100036,Chukwubuikem,556.0,France,Male,34.0,4.0,0.0,2.0,1.0,0.0,62034.31,0
100037,Milne,591.0,France,Male,32.0,8.0,0.0,2.0,1.0,1.0,161540.26,0
100038,Ni,753.0,Spain,Male,63.0,3.0,0.0,1.0,1.0,1.0,155884.0,0
100039,Goliwe,556.0,France,Male,38.0,5.0,141777.42,1.0,0.0,1.0,105839.83,0
100040,Dike,528.0,France,Female,48.0,2.0,0.0,1.0,1.0,0.0,82468.44,1
100041,Glover,694.0,France,Female,24.0,4.0,0.0,2.0,1.0,1.0,182334.06,0
100042,Dickson,579.0,Germany,,50.0,2.0,108735.51,3.0,,1.0,92254.23,1
100043,Uwakwe,731.0,France,Female,53.0,10.0,0.0,1.0,1.0,0.0,141712.05,1
100044,Summerville,635.0,France,Male,43.0,8.0,0.0,2.0,1.0,1.0,85890.86,0
100045,Yegorova,641.0,Spain,Male,24.0,5.0,75769.94,1.0,1.0,,158872.37,0
100046,White,645.0,,Female,41.0,9.0,,,1.0,0.0,177630.9,0
100047,Lucchesi,615.0,France,Male,38.0,4.0,80890.91,1.0,1.0,0.0,111378.19,1
100048,Ferri,804.0,Germany,Male,42.0,2.0,,,1.0,0.0,136492.0,1
100049,Hargreaves,724.0,France,Female,29.0,9.0,0.0,2.0,1.0,0.0,109098.39,0
100050,Chiu,763.0,Spain,Male,37.0,7.0,91235.17,1.0,1.0,0.0,161241.0,0
100051,L?,682.0,,Female,,10.0,0.0,2.0,1.0,1.0,72684.0,0
100052,Hsu,775.0,Germany,,,2.0,102678.65,1.0,1.0,1.0,89370.07,1
100053,Teng,733.0,,Female,66.0,9.0,0.0,1.0,1.0,,45441.68,1
100054,Lucas,591.0,Spain,Female,29.0,2.0,135600.68,1.0,1.0,1.0,8989.99,0
100055,Lucchese,710.0,France,Male,44.0,2.0,121214.49,2.0,0.0,0.0,74850.17,0
100056,Lei,641.0,Spain,Male,46.0,2.0,0.0,2.0,1.0,0.0,89566.66,0
100057,Tsao,,France,Male,44.0,3.0,0.0,2.0,0.0,1.0,173784.05,0
100058,Trevisano,554.0,Spain,,31.0,1.0,0.0,1.0,1.0,1.0,173336.65,0
100059,Shao,594.0,Germany,Female,31.0,9.0,139192.97,2.0,1.0,1.0,198109.67,0
100060,Brazenor,602.0,France,Male,36.0,8.0,116028.29,1.0,0.0,1.0,160532.34,0
100061,Yobanna,753.0,France,Male,44.0,3.0,0.0,2.0,0.0,0.0,138107.16,0
100062,Zox,776.0,France,Female,46.0,1.0,80095.7,1.0,1.0,1.0,121295.08,1
100063,Mactier,663.0,Spain,Male,34.0,2.0,145732.34,1.0,1.0,0.0,186909.59,0
100064,White,,,Male,33.0,2.0,116100.18,2.0,0.0,0.0,161646.78,0
100065,Chinweike,790.0,Germany,Male,50.0,4.0,174893.83,1.0,,0.0,,1
100066,Watson,746.0,France,Male,39.0,7.0,0.0,3.0,1.0,0.0,85403.67,1
100067,Dubinina,686.0,France,Male,40.0,8.0,0.0,1.0,0.0,0.0,141062.79,0
100068,Genovesi,757.0,,Male,36.0,4.0,0.0,2.0,1.0,0.0,171046.49,0
100069,Chidiebele,512.0,France,Male,44.0,10.0,146620.6,2.0,0.0,0.0,148457.65,1
100070,Ch'iu,639.0,France,Female,18.0,5.0,0.0,1.0,,0.0,16635.81,0
100071,Lu,628.0,France,Male,25.0,5.0,124576.65,1.0,1.0,0.0,171447.62,0
100072,P'eng,624.0,France,Female,31.0,2.0,0.0,2.0,0.0,0.0,187922.79,0
100073,Chien,811.0,France,Female,35.0,0.0,0.0,2.0,1.0,1.0,89891.47,0
100074,Manna,630.0,France,Female,42.0,6.0,0.0,1.0,1.0,0.0,150339.89,1
100075,Yudina,707.0,Germany,Male,44.0,7.0,115098.94,1.0,0.0,0.0,171579.11,1
100076,Marsh,748.0,France,Female,38.0,2.0,0.0,1.0,1.0,0.0,123975.33,0
100077,Ch'eng,709.0,France,Female,37.0,7.0,0.0,2.0,1.0,1.0,164737.17,0
100078,Smith,641.0,Spain,Male,33.0,2.0,,2.0,1.0,1.0,129957.53,0
100079,Goliwe,641.0,France,Male,37.0,7.0,0.0,2.0,1.0,1.0,44920.1,0
100080,Wright,632.0,Germany,Male,35.0,1.0,124548.17,2.0,1.0,1.0,10135.4,0
100081,Su,583.0,Spain,Male,40.0,2.0,0.0,2.0,1.0,0.0,168072.44,0
100082,Cashin,793.0,Germany,Male,25.0,5.0,91831.41,2.0,1.0,0.0,,0
100083,Galkin,484.0,France,Female,53.0,5.0,0.0,1.0,1.0,1.0,50983.5,1
100084,Yeh,746.0,France,Male,29.0,6.0,0.0,2.0,,0.0,46811.77,0
100085,P'an,604.0,France,Female,31.0,2.0,0.0,2.0,1.0,,41352.68,0
100086,Pisano,741.0,France,Female,37.0,6.0,102800.1,1.0,0.0,0.0,174563.0,1
100087,Nwokeocha,705.0,France,Male,38.0,1.0,0.0,1.0,1.0,1.0,161009.0,0
100088,Lin,741.0,France,Male,22.0,2.0,127738.53,,1.0,0.0,72985.25,0
100089,Mironov,728.0,Spain,Male,35.0,5.0,126401.05,2.0,1.0,0.0,,0
100090,Genovesi,728.0,Germany,Male,32.0,6.0,139729.53,1.0,1.0,1.0,149067.37,0
100091,O'Neill,611.0,France,Female,31.0,7.0,0.0,2.0,,1.0,180426.44,0
100092,Onwuatuegwu,762.0,Spain,Female,29.0,3.0,113816.86,2.0,1.0,1.0,160683.52,0
100093,Ts'ui,559.0,France,Female,,6.0,0.0,1.0,,0.0,140567.51,0
100094,Hsia,637.0,Germany,Female,51.0,9.0,128752.24,1.0,1.0,1.0,87823.93,1
100095,Repina,766.0,Germany,Female,48.0,7.0,112805.95,,0.0,1.0,83988.04,1
100096,Piazza,590.0,Spain,Male,34.0,1.0,0.0,1.0,1.0,0.0,,1
100097,Hsia,607.0,Germany,Female,23.0,5.0,127727.44,1.0,1.0,0.0,177004.36,0
100098,Nwachinemelu,751.0,France,Male,35.0,6.0,0.0,,1.0,1.0,77414.45,0
100099,Y?,686.0,Spain,Male,41.0,3.0,0.0,1.0,1.0,0.0,104783.11,1
100100,Mbadiwe,657.0,Germany,,28.0,,122191.05,2.0,1.0,0.0,121097.92,1
100101,Kao,614.0,Germany,Female,,1.0,154967.35,1.0,1.0,1.0,1710.89,0
100102,P'eng,730.0,Spain,Male,34.0,6.0,0.0,2.0,1.0,1.0,186489.95,0
100103,Ugochukwu,655.0,France,Male,45.0,7.0,0.0,1.0,1.0,1.0,,0
100104,Onyemauchechukwu,594.0,France,Male,22.0,7.0,0.0,2.0,0.0,0.0,50711.04,0
100105,Sagese,596.0,France,Male,31.0,2.0,0.0,2.0,1.0,0.0,88838.14,0
100106,Mitchell,686.0,France,Female,38.0,8.0,0.0,2.0,0.0,1.0,63955.38,0
100107,Ch'en,771.0,France,,39.0,9.0,0.0,2.0,1.0,,83461.45,0
100108,Ukaegbunam,,Spain,Male,39.0,,0.0,1.0,1.0,,71115.91,0
100109,P'eng,678.0,France,Female,32.0,,145534.82,1.0,0.0,1.0,183641.13,0
100110,Iloerika,602.0,Germany,Male,31.0,5.0,84532.4,,,1.0,142946.14,0
100111,Bufkin,689.0,Spain,Female,29.0,8.0,0.0,2.0,,0.0,82906.9,0
100112,Iadanza,548.0,France,Male,,7.0,,1.0,0.0,1.0,52795.67,0
100113,Longo,628.0,France,Female,,1.0,0.0,1.0,1.0,1.0,156798.37,1
100114,Franklin,561.0,Germany,Female,41.0,5.0,125536.98,1.0,1.0,0.0,140761.95,1
100115,Lettiere,667.0,France,Male,24.0,3.0,122413.14,1.0,1.0,1.0,53950.05,0
100116,Hsu,,France,Male,29.0,2.0,0.0,2.0,1.0,1.0,3494.02,0
100117,Liao,501.0,France,Male,42.0,5.0,139678.02,1.0,0.0,1.0,52811.28,0
100118,Andrews,,France,Female,34.0,7.0,0.0,2.0,0.0,1.0,145708.65,0
100119,McKenzie,632.0,France,Male,30.0,8.0,0.0,2.0,1.0,0.0,23083.55,0
100120,Fisk,615.0,Germany,Male,43.0,3.0,107989.13,1.0,1.0,0.0,128530.59,1
100121,Harrison,684.0,Spain,Female,25.0,2.0,84437.64,2.0,1.0,1.0,56248.44,0
100122,Chiemela,,France,Male,33.0,8.0,0.0,2.0,1.0,0.0,88599.85,0
100123,Pirozzi,641.0,France,Male,30.0,4.0,0.0,2.0,0.0,1.0,126513.7,0
100124,Hs?,813.0,France,Female,,7.0,0.0,2.0,1.0,0.0,91086.71,0
100125,Onyemauchechukwu,712.0,France,Male,34.0,5.0,0.0,,1.0,0.0,151325.18,0
100126,P'eng,,France,Male,61.0,4.0,,2.0,1.0,,140763.18,0
100127,Kornilova,521.0,France,Male,31.0,1.0,0.0,2.0,0.0,1.0,180800.42,0
100128,Nwachukwu,637.0,Germany,Male,,4.0,90750.42,1.0,0.0,0.0,108738.33,0
100129,Fiorentino,611.0,France,Female,43.0,9.0,,,1.0,1.0,141814.95,0
100130,Mironov,671.0,France,Female,33.0,1.0,87830.72,1.0,0.0,0.0,,0
100131,Chukwumaobim,633.0,Germany,Male,38.0,3.0,124547.13,2.0,1.0,1.0,166525.68,0
100132,Zikoranachidimma,686.0,Spain,Female,59.0,10.0,76531.12,1.0,0.0,1.0,108636.96,0
100133,Oluchukwu,717.0,France,Female,48.0,6.0,0.0,1.0,0.0,0.0,70889.95,1
100134,Findlay,659.0,Spain,Female,33.0,6.0,0.0,2.0,1.0,0.0,81304.46,0
100135,Onyekachi,457.0,France,Female,37.0,9.0,106935.08,,0.0,0.0,181297.17,0
100136,Onyekaozulu,738.0,Germany,Male,23.0,5.0,123338.57,1.0,1.0,0.0,21161.66,0
100137,Trevisani,586.0,France,Female,32.0,7.0,0.0,1.0,1.0,1.0,179844.17,0
100138,Eluemuno,577.0,,Male,57.0,9.0,103176.08,1.0,1.0,0.0,95329.0,1
100139,Chidubem,584.0,Germany,Male,35.0,5.0,114450.54,2.0,1.0,1.0,156990.0,1
100140,Chia,607.0,Germany,Female,29.0,5.0,146566.58,2.0,1.0,1.0,163760.36,0
100141,Belisario,729.0,France,Male,51.0,2.0,0.0,3.0,1.0,0.0,95473.32,1
100142,Maclean,597.0,Spain,Male,,4.0,0.0,1.0,1.0,0.0,1213.2,1
100143,White,765.0,France,Male,35.0,2.0,0.0,2.0,1.0,,21575.73,0
100144,Olisanugo,605.0,France,Female,33.0,3.0,120032.99,1.0,0.0,1.0,127959.65,0
100145,Nebechukwu,520.0,France,Male,38.0,10.0,80926.05,2.0,1.0,0.0,126533.05,0
100146,Hsia,724.0,Germany,Female,47.0,9.0,105785.72,1.0,0.0,0.0,65275.64,1
100147,Ch'ang,775.0,Spain,,,2.0,0.0,2.0,1.0,0.0,153795.35,0
100148,Maclean,645.0,Germany,Female,30.0,7.0,,2.0,1.0,0.0,56470.05,0
100149,O'Brien,809.0,France,Male,37.0,2.0,0.0,2.0,0.0,0.0,126522.52,0
100150,Ts'ai,749.0,Germany,Female,56.0,7.0,104068.42,2.0,,1.0,127014.32,1
100151,Ch'en,528.0,France,Female,49.0,5.0,0.0,1.0,,0.0,121537.87,1
100152,William,656.0,France,Female,33.0,3.0,0.0,2.0,0.0,1.0,131954.65,0
100153,Kuykendall,729.0,,Male,34.0,7.0,0.0,2.0,1.0,1.0,152108.13,0
100154,Shih,571.0,Germany,Female,,5.0,123355.97,1.0,1.0,1.0,138230.65,0
100155,L?,,France,Male,23.0,9.0,0.0,2.0,1.0,0.0,146511.2,0
100156,Fiorentini,576.0,Germany,Male,48.0,2.0,119027.28,,1.0,0.0,87285.08,1
100157,Mazzanti,678.0,France,Female,40.0,6.0,0.0,2.0,1.0,,127107.38,0
100158,Ferri,485.0,France,Female,,10.0,148585.98,1.0,1.0,0.0,40832.3,1
100159,Ting,,Germany,Male,38.0,8.0,,2.0,1.0,0.0,114746.0,0
100160,Gadsdon,716.0,Germany,Female,56.0,1.0,113677.26,3.0,1.0,0.0,31919.73,1
100161,Afanasyeva,559.0,France,Male,35.0,1.0,0.0,1.0,0.0,1.0,125139.24,0
100162,Lo Duca,689.0,France,Female,36.0,7.0,0.0,2.0,1.0,0.0,176685.58,0
100163,P'eng,635.0,France,Male,40.0,1.0,136653.07,1.0,1.0,,161230.11,0
100164,H?,667.0,Spain,Male,33.0,4.0,0.0,2.0,1.0,0.0,172752.62,0
100165,Findlay,701.0,Spain,Male,47.0,9.0,117870.48,2.0,1.0,0.0,26146.09,0
100166,Ikedinachukwu,711.0,France,Male,29.0,9.0,0.0,2.0,1.0,0.0,94862.43,0
100167,Tsao,516.0,Germany,Male,40.0,,129894.05,1.0,1.0,0.0,176769.18,1
100168,Pai,738.0,Spain,Male,33.0,8.0,121959.32,1.0,1.0,0.0,146438.63,0
100169,Niu,770.0,Germany,Female,38.0,5.0,137443.14,2.0,1.0,,103388.5,0
100170,Ch'ang,850.0,France,Male,37.0,10.0,0.0,2.0,1.0,1.0,151350.66,0
100171,Teng,659.0,Germany,Male,48.0,7.0,102969.33,1.0,0.0,0.0,138527.5,1
100172,Ejimofor,,Germany,Male,64.0,9.0,181768.32,2.0,1.0,1.0,188993.67,0
100173,Sinclair,619.0,,Female,48.0,9.0,147645.14,1.0,1.0,0.0,155282.24,1
100174,Fanucci,705.0,France,Female,46.0,1.0,0.0,2.0,1.0,1.0,194310.1,0
100175,Trevisani,668.0,France,Male,24.0,3.0,0.0,1.0,1.0,,71522.57,0
100176,Babbage,656.0,Spain,Male,30.0,7.0,0.0,2.0,1.0,1.0,113806.25,0
100177,Dike,639.0,France,Male,31.0,4.0,0.0,,1.0,1.0,121810.65,0
100178,Onyeorulu,693.0,France,Female,42.0,0.0,0.0,,1.0,0.0,10357.03,0
100179,Yefimova,,,Female,51.0,1.0,0.0,1.0,1.0,0.0,87058.69,1
100180,Brown,773.0,France,Male,33.0,1.0,0.0,2.0,1.0,0.0,71139.31,0
100181,Tuan,638.0,France,,44.0,4.0,,1.0,,0.0,138527.14,1
100182,Douglas,526.0,France,Male,35.0,9.0,0.0,1.0,1.0,0.0,25846.8,1
100183,Smith,615.0,France,Male,30.0,,0.0,2.0,1.0,1.0,158032.5,0
100184,Hsia,619.0,France,Female,45.0,5.0,68605.29,1.0,1.0,1.0,180426.83,0
100185,Lucchesi,703.0,Germany,Female,55.0,3.0,118523.3,1.0,1.0,1.0,152199.82,1
100186,Onyemachukwu,538.0,,Male,48.0,3.0,143804.76,1.0,1.0,,,1
100187,Liao,651.0,France,Male,30.0,8.0,0.0,2.0,,1.0,88659.02,0
100188,Uchenna,717.0,France,Female,27.0,6.0,0.0,2.0,1.0,0.0,2498.36,0
100189,Nnanna,583.0,Germany,Male,35.0,6.0,146888.57,1.0,1.0,0.0,81334.76,1
100190,Uwaezuoke,661.0,Germany,Female,41.0,9.0,131410.67,2.0,1.0,0.0,177747.43,0
100191,Lucciano,680.0,France,Female,32.0,5.0,0.0,2.0,1.0,0.0,57867.48,0
100192,Hs?,565.0,Germany,Male,36.0,5.0,143340.24,1.0,1.0,1.0,163560.91,0
100193,Lu,594.0,Spain,,50.0,,0.0,2.0,1.0,0.0,79869.08,0
100194,Schneider,662.0,,Male,38.0,8.0,0.0,2.0,1.0,,182050.86,0
100195,Onyemauchechukwu,510.0,France,Female,45.0,7.0,0.0,,0.0,1.0,65170.43,0
100196,Macadam,745.0,France,Male,36.0,1.0,104001.86,2.0,0.0,1.0,128538.53,0
100197,Nnachetam,627.0,France,Male,47.0,,0.0,2.0,1.0,0.0,131097.64,0
100198,Bergamaschi,662.0,Spain,Female,36.0,5.0,0.0,2.0,1.0,1.0,166513.95,0
100199,Iweobiegbunam,624.0,Spain,Male,35.0,2.0,169312.72,1.0,1.0,0.0,59582.35,0
100200,Lu,754.0,France,Female,,5.0,0.0,2.0,1.0,1.0,,0
100201,Nwankwo,605.0,France,Female,30.0,7.0,0.0,2.0,0.0,1.0,88890.75,0
100202,Kuznetsova,703.0,,,51.0,6.0,0.0,1.0,1.0,1.0,47567.17,1
100203,Ku,637.0,Germany,Male,33.0,9.0,130709.45,2.0,1.0,0.0,132477.07,0
100204,Fanucci,,Spain,Male,26.0,5.0,124612.46,1.0,1.0,1.0,142414.94,0
100205,Chimaijem,567.0,France,Female,48.0,9.0,0.0,2.0,1.0,0.0,151343.62,1
100206,H?,682.0,France,Male,37.0,3.0,0.0,2.0,1.0,0.0,121451.21,0
100207,Tung,582.0,France,Female,42.0,9.0,0.0,1.0,0.0,0.0,136311.16,1
100208,Lin,769.0,Germany,Female,56.0,4.0,121795.98,1.0,1.0,1.0,174031.45,1
100209,Tseng,646.0,Germany,Male,35.0,2.0,,1.0,1.0,1.0,90798.53,0
100210,Nkemakolam,705.0,,Male,33.0,3.0,0.0,2.0,1.0,1.0,73070.46,0
100211,Lee,543.0,France,Female,40.0,2.0,0.0,2.0,1.0,1.0,82955.87,0
100212,Iweobiegbunam,716.0,Spain,,41.0,4.0,0.0,2.0,0.0,0.0,172594.66,0
100213,Cremonesi,612.0,France,Male,38.0,6.0,127443.22,1.0,1.0,0.0,185255.26,1
100214,Eluemuno,748.0,Spain,Male,29.0,9.0,113678.66,1.0,1.0,,133513.16,0
100215,Ch'iu,521.0,France,Female,,5.0,,2.0,1.0,1.0,176882.39,0
100216,Hsieh,630.0,Spain,,34.0,6.0,0.0,2.0,1.0,0.0,91879.97,0
100217,Nnamutaezinwa,679.0,France,Male,44.0,4.0,125920.22,1.0,1.0,1.0,36650.4,0
100218,Martin,714.0,France,Male,39.0,5.0,0.0,2.0,1.0,1.0,180592.85,0
100219,Boniwell,675.0,France,Female,,6.0,0.0,1.0,1.0,0.0,64872.35,0
100220,Chin,472.0,Spain,Female,34.0,5.0,0.0,1.0,1.0,0.0,107876.07,1
100221,Fraser,629.0,Germany,Male,39.0,8.0,119565.92,2.0,0.0,0.0,147822.7,0
100222,Coles,594.0,Spain,Male,35.0,0.0,0.0,1.0,0.0,1.0,194814.17,0
100223,Pacheco,414.0,France,Male,22.0,5.0,0.0,2.0,1.0,1.0,184377.95,0
100224,K?,597.0,France,Male,39.0,10.0,,1.0,1.0,0.0,146825.93,1
100225,Frolova,528.0,France,Female,43.0,10.0,102721.49,1.0,0.0,0.0,51976.34,1
100226,Hs?,644.0,Spain,Female,31.0,4.0,0.0,,0.0,1.0,55054.65,0
100227,Chukwujamuike,712.0,France,Male,44.0,3.0,122452.87,2.0,0.0,1.0,38575.45,0
100228,Yeh,681.0,Germany,Female,24.0,6.0,115796.67,1.0,1.0,0.0,140119.21,0
100229,Chizoba,539.0,Germany,Female,31.0,1.0,104147.14,3.0,0.0,1.0,84454.43,1
100230,Macartney,727.0,Spain,Female,27.0,4.0,121686.22,1.0,0.0,1.0,134425.02,0
100231,Wisdom,624.0,France,Male,30.0,6.0,0.0,,0.0,1.0,163727.99,0
100232,Walker,725.0,France,Male,30.0,4.0,137937.22,1.0,1.0,0.0,166602.76,0
100233,Nwebube,691.0,France,Male,,2.0,0.0,2.0,,0.0,138881.44,0
100234,Baresi,678.0,Spain,Female,35.0,7.0,0.0,3.0,,1.0,98020.15,1
100235,Yermakova,583.0,France,Female,36.0,4.0,0.0,2.0,1.0,0.0,103048.78,0
100236,Hsing,588.0,France,Male,39.0,,0.0,2.0,1.0,0.0,172033.57,0
100237,Nwokeocha,684.0,Spain,Female,57.0,5.0,121799.24,1.0,0.0,1.0,111366.67,0
100238,Onyenachiya,696.0,Spain,Male,37.0,1.0,131600.87,1.0,0.0,1.0,191813.5,0
100239,Shih,686.0,Germany,Female,58.0,7.0,116034.78,1.0,0.0,1.0,155834.96,0
100240,Dunbabin,546.0,Germany,Male,31.0,7.0,125240.36,1.0,1.0,0.0,182009.35,0
100241,Bischof,693.0,France,Male,44.0,4.0,0.0,1.0,1.0,0.0,117830.57,0
100242,Piazza,606.0,Spain,Female,51.0,5.0,0.0,1.0,,0.0,108584.6,1
100243,Macdonald,598.0,France,Female,44.0,6.0,0.0,,1.0,1.0,116087.2,0
100244,H?,593.0,France,Male,29.0,3.0,0.0,2.0,0.0,0.0,6878.9,0
100245,Ts'ui,678.0,France,Male,35.0,2.0,126076.24,,,1.0,162743.38,0
100246,McFarland,495.0,Spain,Female,29.0,5.0,0.0,2.0,0.0,1.0,,0
100247,Palerma,748.0,France,Male,54.0,6.0,0.0,1.0,0.0,1.0,470.33,0
100248,Shaw,580.0,France,Female,,4.0,153526.43,1.0,1.0,,,0
100249,Yevdokimova,704.0,Germany,Female,53.0,1.0,113909.69,3.0,1.0,1.0,171092.07,1
100250,Ajuluchukwu,590.0,France,Male,28.0,1.0,0.0,2.0,1.0,1.0,185886.37,0
100251,Ts'ui,539.0,France,Male,31.0,2.0,0.0,2.0,1.0,1.0,106781.59,0
100252,Rizzo,766.0,France,Female,30.0,2.0,,1.0,1.0,1.0,64413.55,0
100253,Mao,653.0,,Female,33.0,0.0,0.0,2.0,1.0,0.0,109742.55,0
100254,Hsu,651.0,Spain,Male,49.0,2.0,142069.6,2.0,0.0,1.0,121299.57,0
100255,Forbes,850.0,Germany,Male,39.0,4.0,107215.73,2.0,0.0,0.0,133268.57,1
100256,Onwumelu,722.0,France,Female,32.0,9.0,0.0,,0.0,1.0,86906.34,0
100257,Marsh,694.0,France,Male,29.0,6.0,0.0,2.0,0.0,1.0,67966.6,0
100258,Hsia,678.0,France,Male,32.0,6.0,0.0,1.0,1.0,0.0,159554.31,0
100259,Ch'iu,,Spain,Male,36.0,,0.0,2.0,1.0,0.0,90877.45,0
100260,Lo Duca,635.0,France,Male,28.0,6.0,0.0,2.0,1.0,0.0,68022.51,0
100261,Grieve,746.0,France,Male,25.0,8.0,101622.53,1.0,0.0,0.0,177778.35,0
100262,Onyemere,,,Female,,2.0,0.0,2.0,1.0,0.0,71278.36,0
100263,McKay,679.0,France,Female,29.0,3.0,0.0,1.0,0.0,0.0,102817.08,0
100264,Ts'ui,731.0,Spain,Male,,3.0,,2.0,1.0,1.0,35839.71,0
100265,Chuang,628.0,France,Female,40.0,2.0,0.0,2.0,1.0,0.0,179716.07,0
100266,Whitehead,624.0,France,Male,44.0,8.0,0.0,2.0,1.0,,145611.52,0
100267,Groom,711.0,Spain,Male,37.0,5.0,0.0,2.0,1.0,1.0,88634.92,0
100268,Yoo,813.0,Spain,Female,57.0,5.0,142681.22,2.0,1.0,1.0,38329.04,0
100269,Pirogova,693.0,France,Female,39.0,8.0,145732.0,1.0,1.0,0.0,145668.66,0
100270,Hsing,687.0,France,Female,32.0,9.0,0.0,1.0,,0.0,,0
100271,Ku,841.0,France,Male,32.0,4.0,0.0,2.0,1.0,0.0,1375.53,0
100272,Y?,444.0,France,Male,35.0,8.0,0.0,1.0,1.0,0.0,,1
100273,Ozioma,779.0,France,Female,37.0,,170188.88,3.0,1.0,0.0,44711.79,1
100274,Folliero,705.0,Spain,Male,36.0,7.0,43485.45,,1.0,,32710.59,0
100275,Greene,684.0,,Male,27.0,5.0,0.0,2.0,1.0,1.0,142953.62,0
100276,Chiu,769.0,Spain,Male,39.0,2.0,133717.49,1.0,1.0,0.0,182879.29,0
100277,Milanesi,,France,Male,38.0,4.0,,2.0,1.0,0.0,171088.95,0
100278,Ts'ai,777.0,France,Female,45.0,3.0,0.0,1.0,1.0,0.0,92979.64,0
100279,Ts'ai,847.0,,,36.0,1.0,0.0,2.0,1.0,1.0,88890.11,0
100280,Chinwemma,739.0,France,Male,28.0,7.0,0.0,,1.0,0.0,52820.58,0
100281,Nwachinemelu,449.0,France,Female,39.0,7.0,0.0,2.0,1.0,0.0,67893.63,1
100282,Rizzo,752.0,Germany,Female,36.0,3.0,148045.91,1.0,1.0,0.0,123211.69,1
100283,Milano,681.0,Spain,Male,29.0,,0.0,,1.0,1.0,,0
100284,Chukwuemeka,576.0,Germany,Male,,5.0,135349.67,2.0,1.0,0.0,102663.15,0
100285,Nkemakonam,812.0,France,Male,28.0,7.0,,1.0,1.0,0.0,93817.71,0
100286,Chukwueloka,725.0,Spain,Female,32.0,9.0,0.0,2.0,1.0,0.0,79919.07,0
100287,Ku,716.0,Spain,Male,59.0,4.0,0.0,1.0,1.0,,156226.01,1
100288,Nwabugwu,757.0,,Female,34.0,1.0,127287.2,2.0,1.0,1.0,2222.81,0
100289,Longo,756.0,Spain,Female,34.0,2.0,0.0,2.0,1.0,1.0,26342.33,0
100290,Genovese,641.0,Germany,,48.0,2.0,,2.0,1.0,0.0,128165.23,0
100291,Ting,628.0,,Male,35.0,9.0,0.0,,0.0,0.0,77593.62,1
100292,Tsao,646.0,France,Female,38.0,5.0,92379.25,1.0,1.0,0.0,20774.34,0
100293,Hsia,717.0,France,Female,39.0,6.0,0.0,2.0,,1.0,12761.22,0
100294,Mazzi,587.0,Germany,Male,25.0,8.0,136814.8,1.0,1.0,1.0,141436.74,0
100295,Fiorentini,704.0,France,Male,35.0,,140132.45,1.0,1.0,1.0,,0
100296,L?,663.0,France,Male,18.0,9.0,141786.94,1.0,1.0,1.0,172890.81,1
100297,Ijendu,632.0,Spain,Male,37.0,9.0,93601.33,2.0,1.0,0.0,152843.43,0
100298,Manna,675.0,France,Female,58.0,,0.0,,1.0,,157860.4,0
100299,Ch'iu,540.0,,Female,,8.0,0.0,2.0,1.0,0.0,,0
100300,Chikelu,633.0,France,Male,,7.0,0.0,2.0,,1.0,180805.81,0
100301,Chiawuotu,735.0,France,,,,0.0,2.0,0.0,1.0,93752.3,0
100302,L?,680.0,France,Male,47.0,7.0,0.0,2.0,0.0,1.0,93717.66,0
100303,Lombardo,644.0,France,Female,,3.0,140211.23,1.0,1.0,1.0,103971.2,0
100304,Hsueh,821.0,Spain,Male,30.0,6.0,0.0,3.0,1.0,0.0,,0
100305,Ch'en,817.0,France,Male,35.0,9.0,0.0,2.0,1.0,1.0,79919.41,0
100306,Toscano,744.0,France,Male,62.0,5.0,0.0,2.0,1.0,1.0,120593.83,0
100307,Ejimofor,630.0,France,Male,19.0,6.0,,2.0,,0.0,88834.87,0
100308,Maughan,824.0,Spain,Male,39.0,8.0,0.0,2.0,0.0,0.0,142232.94,0
100309,Fiorentino,471.0,Spain,,29.0,2.0,0.0,2.0,1.0,1.0,30952.31,0
100310,Mazzanti,589.0,France,Male,35.0,5.0,0.0,2.0,1.0,1.0,152643.89,0
100311,Brookes,,France,Female,33.0,,0.0,2.0,1.0,0.0,76896.59,0
100312,Olisanugo,683.0,Spain,Male,46.0,8.0,0.0,2.0,1.0,0.0,170819.78,0
100313,P'eng,634.0,Germany,Male,36.0,7.0,125920.61,2.0,1.0,0.0,91763.72,0
100314,Seppelt,635.0,Spain,Female,,9.0,91891.47,1.0,1.0,1.0,74865.41,0
100315,Kumm,542.0,Germany,Male,41.0,5.0,,,1.0,,113063.0,1
100316,Ijendu,686.0,Germany,Male,42.0,5.0,125861.82,2.0,0.0,1.0,74850.74,1
100317,K'ung,687.0,France,,46.0,5.0,109824.55,2.0,1.0,0.0,164738.33,0
100318,Dennys,583.0,,Female,29.0,4.0,135145.4,1.0,1.0,1.0,48371.07,0
100319,Streeton,645.0,Spain,Female,57.0,2.0,0.0,2.0,0.0,1.0,162802.8,0
100320,Okeke,444.0,France,Male,44.0,1.0,0.0,2.0,0.0,1.0,,0
100321,Pisani,678.0,Spain,Female,,2.0,0.0,2.0,0.0,0.0,105008.95,0
100322,Pinto,732.0,Spain,Male,32.0,3.0,0.0,2.0,1.0,1.0,186388.01,0
100323,Butusov,,France,Female,27.0,9.0,,1.0,1.0,1.0,178046.43,0
100324,Zetticci,850.0,France,Male,35.0,7.0,0.0,2.0,1.0,0.0,153752.75,0
100325,Trevisani,758.0,France,Female,31.0,6.0,0.0,2.0,,1.0,173837.05,0
100326,Echezonachukwu,,France,Male,24.0,2.0,0.0,2.0,1.0,0.0,107811.28,0
100327,Tuan,,Spain,Male,39.0,8.0,0.0,1.0,1.0,0.0,48528.72,0
100328,Montgomery,752.0,Spain,Female,46.0,8.0,140003.99,1.0,0.0,1.0,137072.83,0
100329,Lucciano,652.0,France,Male,32.0,7.0,0.0,2.0,1.0,1.0,82938.99,0
100330,Ugochukwu,743.0,Germany,Female,40.0,3.0,71263.56,1.0,1.0,0.0,180796.31,0
100331,Cattaneo,850.0,Spain,Male,35.0,3.0,91633.52,1.0,0.0,0.0,,0
100332,Tuan,557.0,Germany,Female,64.0,7.0,83764.39,1.0,0.0,0.0,177000.2,1
100333,Milanesi,710.0,Spain,Male,28.0,8.0,0.0,1.0,1.0,0.0,182765.75,0
100334,Pethard,731.0,France,Male,,8.0,0.0,1.0,1.0,1.0,113980.48,0
100335,Ayers,573.0,Germany,Male,,6.0,165525.48,1.0,1.0,1.0,138535.74,0
100336,Ch'eng,662.0,France,Female,30.0,2.0,0.0,2.0,,0.0,90876.95,0
100337,T'ien,733.0,France,Female,30.0,2.0,142717.71,1.0,1.0,0.0,96491.38,0
100338,Ch'eng,633.0,Spain,Female,42.0,2.0,0.0,1.0,0.0,1.0,121115.98,0
100339,Clapp,715.0,Spain,Male,37.0,5.0,151713.45,,0.0,1.0,17126.27,0
100340,Onyemere,642.0,Germany,Male,35.0,3.0,111521.82,1.0,1.0,0.0,133663.14,0
100341,Nwabugwu,828.0,Germany,,,4.0,114419.56,1.0,1.0,,138527.53,0
100342,Weatherford,656.0,,Female,34.0,1.0,114461.37,1.0,1.0,0.0,57879.1,0
100343,Trevisani,637.0,France,Female,33.0,8.0,0.0,1.0,1.0,1.0,162712.38,0
100344,Mackenzie,585.0,France,Male,31.0,8.0,0.0,1.0,1.0,1.0,180866.38,0
100345,Aitken,679.0,Spain,Female,50.0,9.0,0.0,2.0,1.0,1.0,94109.21,0
100346,Read,686.0,France,,23.0,2.0,105196.35,1.0,0.0,,93777.61,0
100347,Manna,596.0,France,Female,27.0,6.0,0.0,2.0,1.0,1.0,190534.76,0
100348,Cremonesi,652.0,France,Female,45.0,10.0,0.0,1.0,0.0,0.0,77750.59,1
100349,Lo Duca,621.0,Germany,Female,31.0,2.0,109415.74,1.0,0.0,0.0,138378.74,1
100350,Akobundu,694.0,France,Male,43.0,4.0,0.0,1.0,1.0,1.0,96670.2,0
100351,Rahman,,Spain,,55.0,6.0,75096.56,1.0,1.0,0.0,61252.4,0
100352,Milanesi,683.0,France,Male,36.0,,0.0,2.0,1.0,1.0,183625.42,0
100353,Piccio,653.0,France,Male,28.0,7.0,0.0,2.0,1.0,,180712.28,0
100354,Stephens,,France,Female,22.0,1.0,95996.17,1.0,1.0,1.0,167024.55,0
100355,Estep,676.0,Spain,Male,38.0,2.0,0.0,2.0,1.0,0.0,143635.36,0
100356,Pagnotto,736.0,Germany,Male,19.0,4.0,116956.14,1.0,1.0,1.0,130455.19,0
100357,White,841.0,France,Male,29.0,9.0,0.0,,0.0,0.0,80772.72,0
100358,Bateman,699.0,France,Female,40.0,1.0,0.0,1.0,1.0,0.0,120854.39,1
100359,Y?,656.0,France,Male,39.0,8.0,0.0,2.0,1.0,0.0,133871.83,0
100360,Trevisani,658.0,Germany,Female,30.0,3.0,121927.18,2.0,0.0,0.0,109608.31,1
100361,Hsing,599.0,France,Male,36.0,1.0,0.0,,1.0,1.0,52477.16,0
100362,P'eng,,Germany,Female,48.0,2.0,151238.99,1.0,1.0,1.0,127654.97,1
100363,Wright,667.0,Spain,,33.0,1.0,70733.2,1.0,0.0,,19472.86,0
100364,Smith,705.0,Spain,Male,30.0,4.0,121717.64,1.0,0.0,0.0,112198.37,0
100365,Clements,681.0,France,Male,42.0,4.0,91634.17,1.0,1.0,0.0,1287.9,1
100366,Scott,633.0,Spain,Male,51.0,5.0,0.0,1.0,1.0,1.0,175749.38,0
100367,Lombardo,683.0,France,Female,36.0,9.0,0.0,,1.0,0.0,160529.71,0
100368,Stiger,667.0,France,Male,28.0,4.0,0.0,2.0,1.0,0.0,19823.86,0
100369,Trevisani,592.0,Spain,Male,41.0,2.0,121164.54,2.0,0.0,1.0,152862.44,0
100370,Milne,544.0,Germany,Male,38.0,9.0,138854.13,2.0,1.0,1.0,101382.9,0
100371,Chukwufumnanya,725.0,France,Male,29.0,7.0,109185.52,1.0,1.0,1.0,127484.88,0
100372,Thompson,651.0,,Female,30.0,1.0,0.0,2.0,1.0,1.0,94652.65,0
100373,Morrison,850.0,France,Female,30.0,5.0,82878.77,1.0,1.0,1.0,,0
100374,Lettiere,682.0,,Male,66.0,7.0,187346.21,1.0,1.0,1.0,123115.54,0
100375,Ko,746.0,France,Female,31.0,5.0,136954.6,2.0,1.0,0.0,141914.54,1
100376,Yuryeva,771.0,Spain,Male,39.0,8.0,,2.0,1.0,0.0,49851.4,0
100377,Craig,726.0,France,Male,34.0,1.0,83539.38,2.0,,,157639.0,0
100378,Obijiaku,686.0,France,Male,46.0,2.0,142087.59,1.0,1.0,,84760.32,0
100379,Iadanza,591.0,France,Male,37.0,4.0,0.0,2.0,1.0,0.0,6761.81,0
100380,T'ao,637.0,Spain,Male,,4.0,0.0,2.0,1.0,1.0,77514.95,0
100381,Cawker,505.0,France,Female,48.0,7.0,0.0,1.0,1.0,0.0,118613.66,1
100382,Y?,688.0,France,Male,27.0,,125385.49,1.0,,0.0,120621.31,0
100383,Mazzanti,630.0,France,Male,44.0,8.0,0.0,2.0,0.0,1.0,66462.92,0
100384,Lucchese,673.0,France,Female,44.0,4.0,134022.51,1.0,1.0,0.0,,0
100385,Olisaemeka,554.0,Germany,Male,37.0,2.0,127510.9,2.0,,0.0,59961.84,0
100386,O'Loughlin,714.0,France,Female,33.0,5.0,0.0,1.0,1.0,0.0,,1
100387,Lucchese,567.0,France,,46.0,8.0,0.0,1.0,1.0,0.0,103270.99,0
100388,Yusupova,637.0,France,Male,,6.0,0.0,1.0,1.0,1.0,29773.73,0
100389,Myers,645.0,France,Female,53.0,3.0,94864.43,1.0,1.0,0.0,176839.43,1
100390,Goliwe,597.0,France,Female,31.0,8.0,0.0,2.0,0.0,1.0,98894.64,0
100391,Frolov,556.0,,Male,75.0,9.0,0.0,2.0,1.0,0.0,57920.22,0
100392,Zetticci,693.0,France,Male,,1.0,,2.0,0.0,0.0,1374.62,0
100393,Krichauff,676.0,France,Female,51.0,5.0,0.0,,1.0,0.0,166575.65,1
100394,Brady,645.0,Germany,Female,26.0,3.0,134271.56,2.0,1.0,1.0,62800.0,0
100395,Sung,729.0,France,,40.0,3.0,,2.0,1.0,1.0,56649.52,0
100396,Obialo,565.0,,Male,34.0,2.0,117438.92,1.0,,1.0,97809.77,1
100397,Mazzi,756.0,Spain,Female,26.0,7.0,76554.06,1.0,1.0,1.0,59340.66,0
100398,Chigbogu,516.0,France,,38.0,7.0,0.0,2.0,0.0,0.0,80414.22,0
100399,T'ang,709.0,France,Female,21.0,8.0,0.0,2.0,1.0,1.0,39000.01,0
100400,Nkemakonam,501.0,Spain,Male,22.0,7.0,0.0,2.0,1.0,0.0,60848.49,0
100401,Onyemauchechi,677.0,France,Female,34.0,5.0,84433.08,1.0,1.0,0.0,113089.43,0
100402,Lai,597.0,France,Female,32.0,9.0,0.0,2.0,1.0,0.0,138527.31,0
100403,Lettiere,,France,Male,,5.0,,2.0,1.0,1.0,,0
100404,Clements,585.0,France,Female,43.0,3.0,0.0,1.0,1.0,0.0,146785.44,1
100405,Chukwukadibia,535.0,France,Female,,3.0,0.0,2.0,1.0,1.0,77965.44,0
100406,Jackson,587.0,Germany,,28.0,8.0,164672.66,1.0,0.0,1.0,173730.42,0
100407,P'eng,563.0,France,Female,44.0,9.0,141530.77,1.0,1.0,0.0,163426.14,0
100408,Smith,586.0,Germany,Male,43.0,6.0,111786.2,2.0,1.0,1.0,182285.7,0
100409,Lombardo,679.0,Germany,Male,33.0,5.0,120155.78,1.0,1.0,0.0,136102.86,0
100410,Fanucci,644.0,France,Male,32.0,9.0,0.0,1.0,0.0,,58666.63,0
100411,Ward,683.0,Germany,Female,39.0,5.0,82211.49,2.0,1.0,1.0,63209.24,0
100412,Yefremova,583.0,Germany,Female,38.0,2.0,118553.3,1.0,0.0,1.0,186997.48,1
100413,Palerma,681.0,Germany,Female,50.0,1.0,147852.49,1.0,1.0,0.0,186860.43,1
100414,Okwudilichukwu,588.0,Germany,Male,31.0,10.0,87960.1,1.0,1.0,1.0,55152.33,0
100415,Hancock,545.0,France,Male,41.0,3.0,63435.76,1.0,1.0,1.0,64872.6,0
100416,Ch'iu,699.0,France,,43.0,3.0,122568.65,2.0,1.0,0.0,158587.15,1
100417,Toscano,582.0,France,Male,41.0,7.0,0.0,2.0,1.0,0.0,94811.85,0
100418,Chigolum,589.0,France,Female,32.0,5.0,85910.03,1.0,1.0,1.0,44509.99,0
100419,Onyemauchechukwu,601.0,France,Female,33.0,1.0,0.0,2.0,0.0,0.0,,0
100420,Genovese,687.0,France,Female,40.0,2.0,0.0,1.0,1.0,0.0,125790.53,0
100421,Lettiere,650.0,Spain,Female,34.0,1.0,0.0,1.0,1.0,,158604.92,0
100422,Nkemjika,747.0,Germany,Female,38.0,6.0,105034.88,1.0,0.0,,167042.92,1
100423,Uspenskaya,639.0,,Female,46.0,0.0,165689.84,2.0,1.0,,154957.26,0
100424,Nwachinemelu,586.0,Spain,Male,35.0,4.0,,2.0,1.0,1.0,71975.57,0
100425,Chikere,637.0,France,Male,55.0,,146081.14,1.0,1.0,1.0,134605.14,1
100426,Maclean,743.0,Germany,Female,35.0,6.0,122881.12,1.0,1.0,0.0,52367.26,1
100427,Gallo,731.0,France,Male,45.0,8.0,0.0,2.0,0.0,,72965.3,0
100428,Ch'ang,593.0,Spain,Male,39.0,9.0,0.0,2.0,1.0,0.0,68356.45,0
100429,Onyekaozulu,705.0,France,Female,34.0,0.0,0.0,2.0,1.0,1.0,146875.76,0
100430,Nkemdilim,730.0,France,Female,39.0,4.0,0.0,2.0,1.0,0.0,110114.19,0
100431,K?,691.0,France,Female,32.0,4.0,0.0,,1.0,0.0,72957.0,0
100432,Kao,554.0,France,Male,34.0,4.0,0.0,2.0,0.0,1.0,138743.86,0
100433,Teng,653.0,Germany,Female,43.0,4.0,134701.77,4.0,1.0,0.0,102390.61,1
100434,Walker,672.0,,Male,62.0,4.0,154540.41,1.0,1.0,1.0,162960.05,0
100435,Serena,841.0,Spain,Male,38.0,7.0,0.0,2.0,1.0,0.0,47310.13,0
100436,Brown,601.0,Germany,Female,47.0,8.0,134767.9,1.0,1.0,0.0,169142.4,1
100437,Manna,,France,Female,,7.0,125681.63,1.0,1.0,1.0,440.2,0
100438,Capon,694.0,Spain,Female,58.0,4.0,,1.0,1.0,1.0,63460.79,0
100439,Chukwujekwu,703.0,Spain,Male,33.0,2.0,0.0,1.0,1.0,1.0,173352.42,0
100440,H?,727.0,Germany,Female,,,53215.86,1.0,1.0,1.0,92485.01,0
100441,Hickey,574.0,Spain,Female,39.0,2.0,0.0,1.0,1.0,0.0,122964.8,0
100442,Ponomarev,619.0,France,Female,39.0,1.0,0.0,2.0,1.0,1.0,167034.84,0
100443,Yoo,699.0,France,Male,33.0,9.0,0.0,2.0,1.0,1.0,81714.79,0
100444,Rapuokwu,463.0,France,Male,33.0,2.0,0.0,,0.0,1.0,10555.2,0
100445,Macleod,748.0,France,Male,51.0,4.0,102960.44,1.0,1.0,0.0,140745.84,1
100446,Lucchese,468.0,Spain,Male,36.0,9.0,116917.23,1.0,1.0,0.0,,0
100447,Brown,718.0,France,Female,35.0,6.0,115698.76,1.0,1.0,1.0,,0
100448,Biryukov,592.0,Spain,Male,30.0,8.0,,1.0,1.0,1.0,176551.29,0
100449,Yobachi,683.0,France,Male,33.0,2.0,0.0,1.0,1.0,0.0,39112.38,1
100450,Fennell,525.0,France,Male,40.0,9.0,0.0,2.0,1.0,0.0,138504.28,0
100451,Hallahan,685.0,France,Male,36.0,2.0,0.0,2.0,1.0,0.0,173977.72,0
100452,Martin,,France,Male,34.0,9.0,109486.85,1.0,1.0,0.0,158532.97,0
100453,Ts'ai,,France,Female,45.0,1.0,0.0,1.0,1.0,1.0,184220.2,1
100454,She,754.0,,Male,38.0,8.0,0.0,2.0,1.0,0.0,172576.06,0
100455,Pisani,705.0,France,Male,28.0,0.0,0.0,2.0,1.0,0.0,176750.81,0
100456,Aksenov,754.0,France,Male,41.0,7.0,0.0,,1.0,1.0,32977.58,0
100457,O'Brien,741.0,France,Female,30.0,3.0,0.0,1.0,0.0,0.0,61399.9,1
100458,O'Meara,613.0,Germany,,47.0,5.0,103853.0,2.0,,0.0,79239.04,1
100459,Bellucci,683.0,France,Female,31.0,2.0,0.0,2.0,1.0,0.0,77873.67,0
100460,Naylor,611.0,Germany,Female,,8.0,105185.86,1.0,0.0,0.0,73334.0,0
100461,Hs?,659.0,France,Male,46.0,7.0,126476.19,1.0,1.0,1.0,28672.84,0
100462,Nkemakolam,636.0,Germany,Female,,7.0,132051.15,2.0,1.0,0.0,187921.84,0
100463,Hamilton,660.0,Spain,Female,29.0,6.0,109809.82,1.0,1.0,0.0,158357.86,0
100464,Manna,674.0,France,Female,33.0,3.0,0.0,2.0,1.0,0.0,92887.06,0
100465,Chukwueloka,,France,Male,28.0,3.0,191672.14,1.0,1.0,1.0,164816.54,0
100466,Chia,683.0,France,Female,40.0,3.0,0.0,1.0,1.0,1.0,149891.9,1
100467,Liang,579.0,France,,40.0,7.0,0.0,2.0,1.0,0.0,71159.1,0
100468,Allan,586.0,,,39.0,9.0,0.0,2.0,1.0,0.0,151375.62,0
100469,McKenzie,572.0,Spain,Male,45.0,6.0,125609.64,2.0,0.0,,103659.57,1
100470,Smith,626.0,France,Male,38.0,9.0,122589.09,1.0,0.0,0.0,9690.77,0
100471,Fallaci,645.0,France,Male,,5.0,0.0,,1.0,0.0,170915.15,0
100472,Chiawuotu,,Spain,Male,33.0,6.0,0.0,2.0,0.0,0.0,102925.76,0
100473,Rowley,754.0,Germany,Male,33.0,4.0,,,0.0,1.0,189597.95,0
100474,Nkemakonam,705.0,Spain,Male,29.0,10.0,128327.25,,,1.0,90596.08,0
100475,White,634.0,France,Male,35.0,5.0,131698.57,1.0,1.0,1.0,175071.37,0
100476,Hansen,725.0,France,Female,35.0,6.0,125839.17,1.0,1.0,1.0,98955.67,0
100477,Azubuike,627.0,France,Male,29.0,2.0,0.0,2.0,1.0,0.0,,0
100478,Rose,639.0,Spain,,,1.0,0.0,2.0,1.0,1.0,194043.23,0
100479,Nkemakonam,614.0,France,Female,31.0,0.0,0.0,2.0,1.0,1.0,32204.64,0
100480,P'an,667.0,Spain,Female,38.0,4.0,0.0,2.0,1.0,0.0,74898.96,0
100481,Yoo,,Germany,,34.0,3.0,100142.54,1.0,1.0,0.0,95828.93,0
100482,Nwankwo,771.0,Germany,Female,45.0,2.0,109842.84,1.0,1.0,0.0,66576.59,1
100483,Mazzanti,681.0,Germany,Male,33.0,9.0,146983.57,1.0,0.0,0.0,114517.29,0
100484,Ts'ui,806.0,Spain,Female,45.0,6.0,0.0,2.0,1.0,0.0,81907.91,0
100485,Hao,805.0,Germany,Male,42.0,2.0,112139.97,1.0,0.0,0.0,143858.74,1
100486,Martin,694.0,France,Male,32.0,,,2.0,1.0,0.0,19554.24,0
100487,Bellucci,,Germany,Female,56.0,3.0,137938.88,1.0,1.0,0.0,164064.45,1
100488,Ramos,632.0,Spain,Male,31.0,4.0,0.0,1.0,1.0,1.0,57124.24,0
100489,Shih,539.0,France,Male,42.0,7.0,0.0,1.0,1.0,1.0,19448.42,0
100490,DeRose,659.0,France,Male,44.0,0.0,127516.44,1.0,1.0,0.0,94756.39,1
100491,Shih,738.0,France,Male,41.0,4.0,0.0,2.0,1.0,1.0,172363.56,0
100492,Genovesi,554.0,France,Female,40.0,1.0,0.0,1.0,,0.0,118925.91,1
100493,Ewing,671.0,France,Female,,9.0,0.0,2.0,0.0,1.0,67375.89,0
100494,Y?,663.0,Germany,Female,,9.0,153531.37,2.0,1.0,0.0,158960.14,0
100495,Hutchinson,731.0,France,Male,,8.0,103708.26,1.0,0.0,1.0,116512.46,0
100496,T'ien,537.0,France,Male,34.0,1.0,0.0,2.0,1.0,0.0,180598.3,0
100497,Morrison,632.0,France,,26.0,2.0,167797.53,1.0,1.0,0.0,155879.44,0
100498,Brown,850.0,France,Male,28.0,6.0,0.0,2.0,1.0,1.0,82868.34,0
100499,Yin,597.0,France,Female,36.0,4.0,0.0,2.0,1.0,0.0,88827.67,0
100500,Chin,596.0,France,Male,35.0,7.0,0.0,2.0,0.0,1.0,,0
100501,St Clair,725.0,France,Male,44.0,6.0,121355.99,1.0,0.0,0.0,59809.16,0
100502,Fraser,593.0,France,Male,40.0,1.0,0.0,1.0,1.0,0.0,67963.0,0
100503,Onwuka,614.0,Germany,Male,,5.0,123910.51,1.0,0.0,0.0,13084.11,0
100504,T'ao,699.0,France,Male,33.0,7.0,0.0,2.0,,1.0,169897.23,0
100505,Walker,719.0,France,Female,44.0,4.0,104175.41,1.0,1.0,0.0,111654.59,0
100506,Yermakova,590.0,Germany,Female,43.0,9.0,91551.58,1.0,1.0,1.0,62227.22,1
100507,Onyemauchechukwu,850.0,France,Male,32.0,8.0,0.0,2.0,1.0,1.0,109688.82,0
100508,K?,751.0,Germany,Female,57.0,9.0,134864.54,,1.0,1.0,146745.16,1
100509,McGregor,678.0,Spain,Male,38.0,3.0,0.0,2.0,1.0,1.0,103073.01,1
100510,Hao,561.0,Germany,Female,43.0,3.0,141335.99,1.0,1.0,0.0,62866.95,1
100511,Hsiao,756.0,Germany,Female,50.0,4.0,148859.89,2.0,0.0,0.0,87042.77,0
100512,Tien,551.0,France,Female,34.0,5.0,0.0,1.0,1.0,1.0,168230.64,0
100513,Byrne,578.0,France,Female,31.0,3.0,0.0,2.0,1.0,1.0,56794.94,0
100514,Ch'iu,565.0,France,Female,46.0,3.0,0.0,1.0,1.0,0.0,64849.74,1
100515,Onyekachi,781.0,Spain,Male,40.0,1.0,0.0,2.0,1.0,0.0,62368.21,0
100516,White,461.0,France,Male,26.0,6.0,0.0,2.0,0.0,1.0,168886.38,0
100517,Mai,653.0,Spain,Female,36.0,,,1.0,0.0,1.0,,0
100518,Uspenskaya,661.0,France,Female,35.0,6.0,0.0,2.0,1.0,0.0,146459.02,0
100519,H?,619.0,Germany,,35.0,1.0,134796.6,1.0,,0.0,182531.58,1
100520,Ogochukwu,773.0,France,Male,43.0,7.0,0.0,2.0,1.0,0.0,93777.53,0
100521,Hsieh,710.0,Spain,Male,49.0,4.0,0.0,1.0,1.0,0.0,132770.61,1
100522,Lucciano,594.0,France,Male,67.0,5.0,104908.56,1.0,1.0,,80587.27,0
100523,Fanucci,593.0,Spain,Male,37.0,1.0,0.0,1.0,1.0,1.0,23746.22,1
100524,Hsia,757.0,France,Male,39.0,9.0,121063.9,1.0,1.0,0.0,109612.07,0
100525,Shih,535.0,Spain,Male,58.0,9.0,0.0,1.0,0.0,1.0,110361.12,0
100526,Kenechukwu,829.0,Germany,Male,41.0,7.0,101423.72,1.0,0.0,0.0,160864.73,0
100527,Pisano,641.0,Spain,Female,30.0,6.0,105619.48,1.0,1.0,1.0,139048.0,0
100528,T'ang,741.0,France,Male,25.0,1.0,,2.0,1.0,0.0,134885.47,0
100529,P'eng,772.0,,,40.0,,131773.48,1.0,1.0,0.0,61923.25,1
100530,Manfrin,704.0,France,Male,36.0,8.0,0.0,2.0,1.0,0.0,55775.72,0
100531,Kao,554.0,Germany,Male,37.0,8.0,121360.83,2.0,1.0,0.0,177741.34,0
100532,Hsiao,,Germany,Female,31.0,5.0,110541.02,3.0,1.0,0.0,104764.41,1
100533,Butcher,678.0,Germany,Male,34.0,6.0,111569.0,2.0,1.0,0.0,71020.5,0
100534,Chu,658.0,Spain,Male,21.0,6.0,0.0,2.0,0.0,1.0,132651.95,0
100535,Golubov,694.0,,Male,33.0,7.0,122736.14,1.0,1.0,1.0,114930.51,0
100536,Lucciano,543.0,France,,38.0,,0.0,2.0,0.0,0.0,172096.71,0
100537,Ts'ui,762.0,,Female,51.0,,0.0,3.0,0.0,,120929.79,1
100538,T'ang,697.0,France,Male,38.0,5.0,0.0,2.0,0.0,1.0,88119.12,0
100539,Pendergrass,743.0,Spain,Male,43.0,0.0,206014.94,2.0,0.0,1.0,145593.66,0
100540,Hsueh,,Spain,Male,35.0,6.0,0.0,2.0,1.0,1.0,180340.03,0
100541,Udegbunam,678.0,France,Female,39.0,9.0,0.0,1.0,0.0,0.0,34353.43,1
100542,Pan,534.0,France,Male,37.0,4.0,0.0,2.0,,1.0,182650.15,0
100543,Onyekachi,494.0,France,Female,38.0,5.0,0.0,2.0,,1.0,175743.54,0
100544,Onwuamaeze,641.0,France,Male,39.0,6.0,0.0,2.0,1.0,1.0,126774.16,0
100545,Flynn,694.0,Spain,Male,26.0,1.0,144851.79,1.0,1.0,1.0,147536.7,0
100546,Nwachukwu,729.0,France,Female,32.0,,0.0,2.0,1.0,1.0,176713.08,0
100547,Ts'ai,693.0,Germany,Female,21.0,5.0,123542.7,1.0,1.0,0.0,56868.48,0
100548,Goliwe,679.0,Germany,Male,40.0,5.0,131239.72,2.0,1.0,0.0,74588.41,0
100549,Hsia,633.0,France,Male,37.0,2.0,168233.01,1.0,1.0,0.0,64529.2,0
100550,Wood,673.0,Spain,Male,36.0,0.0,0.0,2.0,,1.0,179485.31,0
100551,Chienezie,726.0,France,Male,51.0,7.0,0.0,,1.0,,183469.89,0
100552,Milanesi,651.0,Germany,Female,52.0,1.0,99066.83,1.0,1.0,1.0,172497.2,0
100553,King,725.0,France,Male,,7.0,0.0,2.0,0.0,,152988.91,0
100554,Uspensky,644.0,France,Female,44.0,4.0,0.0,,0.0,1.0,2003.66,1
100555,Chukwualuka,792.0,,Female,43.0,6.0,0.0,2.0,1.0,0.0,170949.73,0
100556,Calabresi,473.0,France,Male,45.0,5.0,91541.7,1.0,1.0,1.0,176749.75,0
100557,Ch'iu,707.0,Germany,Male,43.0,4.0,114153.57,2.0,1.0,0.0,174340.71,0
100558,Okorie,692.0,France,Male,42.0,1.0,0.0,2.0,1.0,1.0,38788.54,0
100559,P'eng,679.0,France,Female,46.0,5.0,0.0,1.0,0.0,,150839.15,1
100560,Kao,654.0,Germany,Female,52.0,0.0,121498.25,1.0,,0.0,187549.43,1
100561,Clark,652.0,France,,31.0,3.0,0.0,1.0,1.0,1.0,161395.94,0
100562,Ts'ai,681.0,Spain,Male,71.0,5.0,0.0,2.0,1.0,1.0,44230.42,0
100563,Yeh,773.0,Germany,Male,44.0,2.0,154961.35,2.0,1.0,0.0,10914.09,0
100564,Manna,,,Female,40.0,8.0,106596.29,1.0,,0.0,100380.9,0
100565,Okoli,681.0,France,Male,44.0,8.0,156746.89,1.0,,0.0,162960.05,1
100566,Fu,660.0,Spain,,37.0,,104329.93,1.0,1.0,1.0,119373.8,0
100567,Onyemauchechukwu,722.0,Spain,Female,34.0,5.0,0.0,2.0,0.0,0.0,163514.85,0
100568,Iadanza,779.0,Germany,Male,41.0,6.0,127471.11,1.0,1.0,,123608.54,1
100569,Maslova,768.0,France,Male,62.0,0.0,81060.71,2.0,0.0,0.0,78920.3,1
100570,Liao,589.0,Germany,Female,26.0,8.0,110629.49,2.0,1.0,1.0,56779.71,0
100571,Hughes,667.0,Spain,Male,41.0,,140238.02,1.0,1.0,0.0,120273.98,0
100572,Chukwukadibia,627.0,Germany,Male,38.0,1.0,118791.49,2.0,1.0,1.0,,0
100573,Obialo,798.0,Spain,Female,47.0,5.0,98703.22,1.0,,1.0,141181.41,1
100574,Kao,634.0,France,Male,33.0,7.0,0.0,2.0,0.0,0.0,185762.78,0
100575,Lo Duca,685.0,France,Female,38.0,7.0,0.0,2.0,1.0,1.0,88827.67,0
100576,Onwughara,645.0,France,Female,32.0,5.0,0.0,2.0,,1.0,41291.34,0
100577,Chu,707.0,France,Female,26.0,5.0,0.0,2.0,1.0,1.0,109834.85,0
100578,Estrada,640.0,Germany,Male,53.0,1.0,141828.03,1.0,,1.0,,0
100579,Udinese,659.0,Spain,Male,37.0,8.0,0.0,2.0,1.0,0.0,56857.88,0
100580,Milani,692.0,France,Male,47.0,2.0,0.0,2.0,1.0,,141863.79,0
100581,Arcuri,684.0,Spain,Female,34.0,4.0,0.0,2.0,1.0,1.0,145688.51,0
100582,Piazza,496.0,Spain,Male,36.0,2.0,0.0,2.0,1.0,0.0,133653.69,0
100583,Marino,552.0,France,Female,38.0,9.0,157937.03,1.0,1.0,1.0,117253.95,0
100584,Tseng,727.0,France,Male,38.0,7.0,168018.47,1.0,0.0,0.0,126283.71,0
100585,Pisani,692.0,France,Male,31.0,6.0,121780.49,1.0,0.0,0.0,,0
100586,Pinto,659.0,Germany,,,6.0,119810.42,1.0,1.0,1.0,107990.72,0
100587,Fiorentino,567.0,Germany,Male,,9.0,124654.98,2.0,1.0,0.0,28400.16,0
100588,Hsieh,645.0,France,Female,27.0,10.0,0.0,2.0,1.0,,54488.6,0
100589,Ch'iu,659.0,Germany,Male,26.0,2.0,125887.47,1.0,1.0,1.0,185293.52,0
100590,Ch'iu,584.0,France,Male,36.0,2.0,0.0,2.0,1.0,1.0,58848.37,0
100591,Chukwumaobim,750.0,Spain,Male,29.0,2.0,0.0,1.0,1.0,0.0,,1
100592,Chibugo,,France,Male,36.0,2.0,0.0,2.0,1.0,0.0,143427.47,0
100593,Bellucci,,France,,32.0,6.0,0.0,2.0,1.0,0.0,157567.37,0
100594,White,661.0,France,Male,33.0,9.0,0.0,1.0,0.0,1.0,,0
100595,Lombardi,,,Female,32.0,9.0,90217.11,2.0,1.0,0.0,81723.8,0
100596,Okwudilichukwu,712.0,Spain,Male,32.0,6.0,0.0,2.0,1.0,1.0,152854.44,0
100597,Chien,686.0,Germany,Male,41.0,4.0,132951.16,1.0,1.0,0.0,163690.66,0
100598,Sutherland,,France,Female,35.0,7.0,0.0,2.0,1.0,0.0,38313.82,0
100599,Sung,501.0,France,Female,22.0,9.0,0.0,1.0,,0.0,167043.59,1
100600,Ch'in,763.0,France,,45.0,8.0,125667.63,,0.0,0.0,198230.37,1
100601,Kisch,707.0,Germany,,25.0,5.0,121504.15,1.0,1.0,1.0,187634.67,1
100602,McLean,636.0,Germany,Male,27.0,8.0,132633.73,2.0,1.0,1.0,199253.21,0
100603,Nwachinemelu,704.0,Germany,Male,38.0,6.0,159904.79,1.0,1.0,0.0,175070.94,0
100604,Dickson,493.0,France,Female,44.0,3.0,136821.09,1.0,1.0,0.0,72969.98,0
100605,Buccho,638.0,Germany,Male,31.0,3.0,73129.6,2.0,1.0,1.0,,0
100606,Fetherstonhaugh,568.0,Germany,Male,27.0,1.0,124271.26,2.0,1.0,0.0,180622.02,0
100607,Chidimma,667.0,,Male,34.0,3.0,62500.03,2.0,1.0,1.0,,0
100608,McKay,776.0,Germany,Male,26.0,4.0,,2.0,1.0,1.0,172787.45,0
100609,Onyemauchechukwu,490.0,France,Female,40.0,5.0,0.0,1.0,1.0,1.0,159749.13,1
100610,McEncroe,674.0,Spain,,26.0,10.0,0.0,,0.0,0.0,163838.55,0
100611,T'ang,638.0,France,Female,37.0,5.0,0.0,1.0,1.0,0.0,103910.4,1
100612,Witt,544.0,France,Male,24.0,9.0,0.0,2.0,0.0,0.0,157585.66,0
100613,Ch'in,821.0,France,Female,34.0,,170211.85,1.0,1.0,1.0,155714.32,0
100614,Udegbunam,703.0,Spain,Male,45.0,5.0,108521.01,1.0,0.0,0.0,93716.41,0
100615,Mazzanti,586.0,Spain,Female,33.0,9.0,0.0,2.0,1.0,1.0,120841.67,0
100616,Ndubuagha,718.0,Spain,Female,42.0,3.0,,1.0,1.0,0.0,171642.7,1
100617,Nwabugwu,767.0,Spain,Female,,1.0,0.0,2.0,1.0,1.0,158348.97,0
100618,Loyau,577.0,Germany,Male,32.0,2.0,102616.55,,1.0,1.0,187908.91,0
100619,P'eng,639.0,France,,33.0,2.0,150581.44,1.0,1.0,0.0,77965.67,0
100620,Lucchesi,678.0,France,Male,,8.0,0.0,2.0,1.0,0.0,172097.3,0
100621,Meng,844.0,France,Female,30.0,4.0,,2.0,0.0,0.0,111620.41,0
100622,Brookes,620.0,Spain,Male,35.0,4.0,0.0,2.0,0.0,0.0,12141.39,0
100623,Murray,729.0,France,Male,24.0,4.0,0.0,,1.0,1.0,62868.33,0
100624,Yobanna,653.0,France,Male,34.0,7.0,0.0,2.0,1.0,0.0,80134.65,0
100625,Fanucci,812.0,,Male,45.0,4.0,0.0,2.0,0.0,0.0,180801.91,0
100626,Zito,662.0,France,Male,39.0,6.0,0.0,2.0,1.0,,147071.58,0
100627,McKay,678.0,Germany,Male,,4.0,114797.55,2.0,0.0,1.0,119889.65,0
100628,Chibueze,535.0,,Male,33.0,2.0,0.0,2.0,,1.0,138523.96,0
100629,Ch'iu,580.0,Germany,Male,50.0,5.0,114871.86,1.0,1.0,,143831.48,1
100630,Mancini,627.0,France,Male,,9.0,0.0,2.0,1.0,1.0,94738.54,0
100631,Chigolum,661.0,,Female,33.0,9.0,,2.0,0.0,1.0,175843.91,0
100632,Martin,751.0,France,Male,30.0,4.0,0.0,1.0,0.0,1.0,64519.04,0
100633,Adams,650.0,Spain,Male,57.0,8.0,122328.53,2.0,1.0,,159822.74,0
100634,Y?,633.0,Germany,Male,32.0,10.0,119182.73,1.0,0.0,0.0,121269.09,0
100635,Mazzi,715.0,Spain,Male,29.0,4.0,0.0,2.0,1.0,1.0,144624.28,0
100636,Hsiung,584.0,France,,36.0,2.0,0.0,2.0,1.0,1.0,,0
100637,Pirozzi,581.0,Germany,Female,34.0,0.0,106610.52,1.0,0.0,1.0,107517.03,0
100638,Chukwufumnanya,576.0,,Female,47.0,7.0,160425.97,1.0,0.0,0.0,192089.22,1
100639,Taylor,753.0,France,Male,25.0,1.0,0.0,2.0,0.0,0.0,64121.46,0
100640,Trevisani,576.0,France,Female,31.0,8.0,0.0,1.0,1.0,,,1
100641,Onwuamaeze,624.0,,Female,37.0,5.0,0.0,3.0,1.0,0.0,23585.87,1
100642,Shih,636.0,Germany,Male,37.0,5.0,0.0,,,0.0,114448.64,0
100643,Genovese,611.0,Spain,Female,34.0,7.0,0.0,1.0,1.0,1.0,170818.95,0
100644,Johnston,707.0,Spain,Male,41.0,8.0,86962.24,1.0,1.0,1.0,56865.19,0
100645,Dyer,652.0,Spain,Male,37.0,4.0,0.0,1.0,1.0,0.0,25101.2,0
100646,Clements,689.0,France,,29.0,5.0,0.0,2.0,1.0,0.0,78970.58,0
100647,Fiorentino,534.0,Spain,,31.0,,0.0,2.0,0.0,0.0,193328.04,1
100648,McIntyre,745.0,Spain,Male,38.0,3.0,0.0,2.0,0.0,0.0,102925.82,0
100649,Lai,748.0,France,Male,36.0,4.0,0.0,2.0,,1.0,106534.15,0
100650,Buccho,850.0,France,Female,36.0,,0.0,2.0,1.0,1.0,,0
100651,Mao,554.0,France,Male,36.0,5.0,0.0,2.0,1.0,0.0,35425.47,0
100652,Wright,686.0,France,Male,33.0,0.0,,1.0,0.0,1.0,121207.25,0
100653,Lo Duca,795.0,Germany,,45.0,7.0,142744.99,1.0,0.0,0.0,34227.28,0
100654,Cattaneo,684.0,France,Male,33.0,2.0,0.0,2.0,1.0,0.0,,0
100655,Onwuamaeze,671.0,France,Female,36.0,,0.0,2.0,1.0,0.0,173783.38,0
100656,Christie,671.0,France,Male,38.0,7.0,103378.84,1.0,1.0,1.0,88831.1,0
100657,Gough,602.0,Spain,,36.0,7.0,0.0,2.0,0.0,1.0,45529.63,0
100658,Cremonesi,830.0,France,Female,39.0,9.0,0.0,2.0,1.0,1.0,177739.94,0
100659,Ting,837.0,Germany,Female,64.0,7.0,115484.61,1.0,1.0,,76025.73,1
100660,Okwudiliolisa,664.0,France,Female,39.0,7.0,43964.7,2.0,,1.0,139816.1,0
100661,Doyle,811.0,France,Male,37.0,2.0,0.0,2.0,1.0,,54645.27,1
100662,Manna,,Germany,,44.0,3.0,125061.82,1.0,1.0,0.0,164067.65,1
100663,Corrie,549.0,France,,32.0,2.0,0.0,2.0,1.0,1.0,162719.69,0
100664,Iweobiegbunam,,France,Male,33.0,,0.0,1.0,1.0,1.0,141012.36,0
100665,Udegbulam,675.0,Spain,Male,28.0,10.0,0.0,2.0,1.0,1.0,103921.47,0
100666,Calabresi,694.0,Germany,Male,44.0,10.0,91211.82,1.0,1.0,0.0,137808.12,0
100667,Zetticci,582.0,France,Female,35.0,6.0,141671.17,1.0,1.0,1.0,129933.5,0
100668,Onwudiwe,684.0,France,Male,,9.0,,1.0,1.0,,64721.08,1
100669,Hsieh,735.0,,Female,36.0,1.0,116867.53,2.0,,0.0,148591.93,1
100670,Dickson,,France,Male,47.0,6.0,0.0,2.0,1.0,0.0,113527.1,0
100671,Fenton,708.0,Spain,Male,38.0,4.0,108413.91,2.0,1.0,0.0,162067.52,0
100672,Ch'iu,575.0,France,Female,48.0,0.0,88889.92,2.0,1.0,1.0,131193.28,0
100673,Bevan,775.0,Spain,Male,44.0,3.0,95543.32,1.0,1.0,1.0,163759.11,0
100674,Zikoranachidimma,571.0,France,Female,21.0,9.0,0.0,2.0,1.0,1.0,176810.84,0
100675,Chuang,573.0,France,Female,29.0,8.0,0.0,1.0,1.0,0.0,14432.15,0
100676,Yuryeva,524.0,France,Male,28.0,4.0,0.0,2.0,1.0,1.0,86510.7,0
100677,Hunt,604.0,France,Male,32.0,9.0,0.0,2.0,1.0,1.0,168895.06,0
100678,Rizzo,,Spain,Male,45.0,1.0,,1.0,1.0,0.0,120795.63,1
100679,Lucciano,694.0,Spain,Female,35.0,4.0,0.0,1.0,1.0,1.0,126633.51,0
100680,Fetherstonhaugh,,France,,45.0,7.0,0.0,2.0,0.0,1.0,161572.96,0
100681,Brown,699.0,France,Female,30.0,9.0,0.0,2.0,1.0,0.0,80178.53,0
100682,Nnanna,576.0,France,,39.0,3.0,0.0,1.0,1.0,0.0,128945.38,1
100683,Ulyanova,572.0,France,Female,,2.0,0.0,1.0,0.0,1.0,129972.39,0
100684,Olisaemeka,685.0,France,Male,36.0,,0.0,2.0,1.0,0.0,171768.39,0
100685,Marsh,559.0,Germany,Female,39.0,9.0,125425.71,2.0,1.0,1.0,99818.31,0
100686,Genovesi,707.0,Spain,Male,67.0,5.0,103876.16,1.0,0.0,1.0,28654.38,0
100687,Christie,666.0,Germany,Male,62.0,2.0,125489.75,1.0,0.0,1.0,71032.26,1
100688,Millar,,France,Female,29.0,6.0,138456.06,1.0,1.0,,84415.69,0
100689,Nkemjika,,France,Male,,3.0,0.0,2.0,0.0,0.0,,0
100690,Onio,724.0,France,Male,25.0,,0.0,1.0,0.0,1.0,145564.76,0
100691,Houghton,,France,Female,45.0,1.0,0.0,2.0,1.0,1.0,112612.19,1
100692,Hsueh,784.0,Spain,Female,45.0,6.0,92194.32,,0.0,,121210.09,0
100693,Chiemezie,,Germany,Female,57.0,0.0,103560.37,1.0,0.0,0.0,78198.41,1
100694,Trevisani,567.0,Germany,Female,,7.0,123852.12,2.0,0.0,1.0,44174.69,1
100695,Yobanna,652.0,France,Male,,4.0,0.0,1.0,1.0,0.0,119140.75,0
100696,Hs?,613.0,Spain,Male,67.0,6.0,0.0,2.0,1.0,1.0,167522.34,0
100697,Mazzanti,644.0,,Female,35.0,,0.0,2.0,0.0,1.0,110995.42,0
100698,Lupton,638.0,Germany,Male,48.0,3.0,141558.47,2.0,0.0,1.0,183499.82,0
100699,Pinto,653.0,Germany,Female,33.0,2.0,98842.48,1.0,0.0,1.0,24903.74,0
100700,Genovesi,708.0,France,Male,41.0,9.0,0.0,2.0,1.0,1.0,,0
100701,Brown,579.0,Germany,Male,36.0,7.0,114012.6,2.0,1.0,1.0,124093.62,0
100702,Meng,567.0,France,Female,42.0,1.0,0.0,2.0,0.0,1.0,147818.97,0
100703,Teng,576.0,Spain,Male,28.0,1.0,0.0,2.0,1.0,1.0,,0
100704,Chukwuebuka,764.0,Germany,Male,43.0,1.0,115093.44,1.0,1.0,0.0,172601.62,0
100705,Lucchesi,684.0,France,Male,40.0,9.0,136953.56,1.0,,0.0,173497.21,0
100706,Onyekachukwu,543.0,France,Male,35.0,2.0,0.0,2.0,1.0,1.0,166794.53,0
100707,Chukwufumnanya,648.0,,Female,28.0,9.0,0.0,2.0,1.0,0.0,152140.3,0
100708,Onyekachi,705.0,France,Male,39.0,3.0,121728.3,1.0,1.0,1.0,182076.95,0
100709,Beyer,596.0,France,Male,34.0,,0.0,2.0,1.0,0.0,176780.3,0
100710,Berry,613.0,France,Male,38.0,1.0,0.0,2.0,1.0,1.0,4152.44,0
100711,T'ang,699.0,Spain,Female,41.0,1.0,0.0,2.0,1.0,1.0,71083.75,0
100712,Sharpe,553.0,France,Male,37.0,8.0,132558.26,1.0,,1.0,121551.43,0
100713,Elliott,632.0,France,Female,36.0,9.0,0.0,2.0,1.0,0.0,113107.05,0
100714,Mancini,551.0,France,Male,37.0,8.0,110732.9,1.0,1.0,1.0,50807.51,0
100715,Brennan,649.0,France,Female,37.0,4.0,0.0,1.0,1.0,0.0,71492.28,0
100716,Hs?,633.0,Spain,Female,36.0,5.0,0.0,2.0,1.0,1.0,104326.67,0
100717,Chikere,543.0,France,Male,43.0,8.0,100948.48,1.0,1.0,0.0,59799.6,0
100718,Lo Duca,758.0,Spain,Male,44.0,5.0,0.0,2.0,1.0,0.0,14462.42,1
100719,Chuang,,France,Male,30.0,5.0,100512.34,1.0,0.0,1.0,60016.26,0
100720,Brown,762.0,,Male,49.0,7.0,,3.0,1.0,0.0,89368.34,1
100721,Smith,724.0,France,,32.0,8.0,102991.67,1.0,1.0,0.0,165658.8,0
100722,Onwumelu,716.0,France,Male,40.0,9.0,109853.85,1.0,0.0,1.0,147473.04,0
100723,Chu,637.0,Germany,Female,32.0,8.0,121132.53,1.0,1.0,0.0,85624.78,0
100724,Ponomarev,721.0,Spain,Female,40.0,7.0,0.0,2.0,1.0,0.0,131780.22,0
100725,Palermo,632.0,Spain,Male,33.0,4.0,0.0,2.0,1.0,0.0,94447.3,0
100726,Benson,569.0,France,Female,36.0,,0.0,1.0,1.0,0.0,,1
100727,Milanesi,587.0,Spain,Female,59.0,5.0,146484.06,2.0,1.0,0.0,164923.86,1
100728,Ku,676.0,France,Female,40.0,4.0,0.0,2.0,1.0,0.0,61538.49,0
100729,Scott,705.0,Spain,Male,,9.0,0.0,2.0,0.0,1.0,50390.56,0
100730,Y?an,707.0,France,Female,,8.0,0.0,3.0,1.0,0.0,118803.67,1
100731,Calabrese,717.0,France,Male,35.0,6.0,142203.66,1.0,1.0,1.0,176763.27,0
100732,Okorie,687.0,France,Female,42.0,10.0,0.0,1.0,1.0,0.0,148531.71,1
100733,Hsia,562.0,,Male,31.0,3.0,136622.76,2.0,1.0,1.0,71021.91,0
100734,Ch'ang,619.0,,Male,35.0,9.0,0.0,,0.0,0.0,91574.89,0
100735,Ponce,626.0,France,Female,26.0,2.0,107917.92,2.0,1.0,1.0,121992.66,0
100736,Kennedy,506.0,France,Female,31.0,6.0,0.0,2.0,0.0,0.0,,0
100737,Macrossan,663.0,Spain,Female,29.0,10.0,0.0,2.0,1.0,1.0,71155.0,0
100738,Lo Duca,726.0,France,Male,27.0,8.0,152341.55,1.0,0.0,0.0,133539.24,0
100739,Doherty,584.0,Spain,,50.0,4.0,0.0,2.0,1.0,1.0,164453.91,0
100740,Milanesi,678.0,France,Male,25.0,1.0,149443.74,2.0,1.0,0.0,139059.19,0
100741,Y?an,681.0,Germany,Female,36.0,3.0,138342.3,1.0,1.0,0.0,185561.76,0
100742,Chukwufumnanya,464.0,France,Male,32.0,,0.0,2.0,0.0,1.0,195049.9,0
100743,Liao,652.0,Spain,Male,45.0,4.0,0.0,2.0,1.0,0.0,82929.33,1
100744,Swanson,681.0,,Male,33.0,7.0,0.0,1.0,1.0,0.0,89583.1,0
100745,Chiang,811.0,France,Female,31.0,8.0,82915.57,1.0,1.0,1.0,72967.72,0
100746,Lucchese,738.0,France,Female,48.0,3.0,0.0,1.0,1.0,1.0,80130.56,0
100747,Mitchell,709.0,France,Female,33.0,4.0,123523.43,2.0,1.0,0.0,27824.74,0
100748,Okechukwu,711.0,Spain,Male,41.0,4.0,0.0,2.0,1.0,0.0,152843.53,0
100749,Greece,681.0,Germany,Female,58.0,2.0,120962.22,,1.0,1.0,115538.3,0
100750,Lucchesi,630.0,Spain,Female,35.0,6.0,0.0,2.0,1.0,0.0,161450.83,0
100751,Nnachetam,622.0,France,Female,39.0,8.0,0.0,2.0,1.0,1.0,50783.14,0
100752,Lorenzo,656.0,Spain,Male,58.0,2.0,0.0,2.0,1.0,1.0,80385.62,0
100753,Niu,543.0,Spain,Male,,4.0,0.0,2.0,1.0,0.0,53446.3,0
100754,Onio,639.0,Spain,Male,51.0,5.0,0.0,,1.0,0.0,103460.72,1
100755,Lo,631.0,Germany,Female,48.0,9.0,132575.22,1.0,1.0,1.0,120983.64,0
100756,O'Donnell,656.0,France,Female,59.0,2.0,,1.0,1.0,1.0,101058.3,1
100757,Clayton,686.0,France,Female,50.0,5.0,121365.06,1.0,0.0,1.0,126761.33,0
100758,Olisanugo,679.0,,Male,33.0,7.0,117457.8,2.0,1.0,1.0,130935.87,1
100759,Pirozzi,790.0,Spain,Female,45.0,5.0,100238.53,2.0,1.0,0.0,110907.48,1
100760,Stewart,750.0,Spain,Female,39.0,6.0,135139.6,1.0,1.0,1.0,61268.29,0
100761,Gearheart,539.0,France,Female,61.0,9.0,112478.8,2.0,1.0,1.0,109431.23,0
100762,Felix,540.0,Spain,Female,59.0,7.0,99064.61,1.0,1.0,1.0,96626.6,1
100763,Lettiere,698.0,Germany,Female,37.0,1.0,97811.6,2.0,0.0,0.0,92896.29,0
100764,Ch'eng,500.0,,Male,40.0,7.0,85119.53,1.0,1.0,1.0,93576.33,0
100765,Fanucci,684.0,France,Male,40.0,10.0,0.0,1.0,1.0,1.0,186022.15,0
100766,Ritchie,688.0,Germany,Female,48.0,3.0,113895.76,1.0,1.0,0.0,156047.14,1
100767,Palerma,627.0,France,Male,27.0,7.0,0.0,2.0,1.0,0.0,73034.5,0
100768,Y?an,647.0,Germany,,29.0,4.0,105800.4,2.0,0.0,1.0,156319.88,0
100769,Udinese,712.0,France,Female,27.0,10.0,81551.67,1.0,0.0,1.0,97836.98,0
100770,T'ien,584.0,France,Male,,4.0,170002.52,1.0,1.0,0.0,114441.62,1
100771,Hsueh,518.0,France,Female,26.0,1.0,120596.3,1.0,1.0,1.0,91403.54,0
100772,H?,700.0,France,Male,50.0,9.0,,2.0,0.0,0.0,101922.02,0
100773,Yeh,496.0,Spain,,44.0,9.0,92590.34,3.0,1.0,0.0,104502.02,1
100774,Ch'ang,655.0,,Female,39.0,1.0,0.0,2.0,1.0,,72934.7,0
100775,Manna,633.0,France,Male,26.0,2.0,0.0,1.0,1.0,1.0,97993.04,0
100776,Hsueh,660.0,Spain,Female,39.0,,0.0,1.0,0.0,0.0,151155.59,1
100777,H?,774.0,France,Female,36.0,5.0,161799.66,,0.0,0.0,74629.61,0
100778,Douglas,705.0,Germany,Male,41.0,5.0,123455.69,2.0,1.0,1.0,70778.62,0
100779,Nkemakonam,,Germany,Male,35.0,6.0,,1.0,1.0,,109550.93,0
100780,Miah,644.0,Germany,Female,39.0,7.0,131599.14,1.0,,1.0,102990.72,1
100781,Ball,666.0,Spain,Female,52.0,0.0,0.0,1.0,0.0,0.0,18134.98,1
100782,Oguejiofor,,France,Female,60.0,7.0,116988.65,1.0,1.0,1.0,102086.47,1
100783,Berry,632.0,Germany,Female,34.0,6.0,,1.0,,1.0,93982.4,0
100784,Nwabugwu,705.0,France,Male,31.0,3.0,0.0,2.0,0.0,1.0,123875.56,0
100785,Eames,610.0,France,Female,34.0,5.0,,1.0,1.0,0.0,77951.84,0
100786,Nwachukwu,712.0,Spain,Female,32.0,7.0,0.0,2.0,1.0,0.0,92815.41,0
100787,P'eng,809.0,France,Male,38.0,9.0,0.0,2.0,1.0,1.0,172680.92,0
100788,Chiu,,France,Female,36.0,8.0,0.0,1.0,1.0,,181605.81,0
100789,Beneventi,778.0,France,Male,45.0,8.0,,2.0,1.0,1.0,11781.22,0
100790,Martin,646.0,France,Male,32.0,,0.0,2.0,1.0,,73564.86,0
100791,Whitehouse,548.0,Germany,Male,34.0,,135536.5,,1.0,0.0,164866.01,0
100792,Maclean,675.0,Germany,Female,43.0,9.0,,2.0,,1.0,153023.23,0
100793,Ch'eng,526.0,France,Female,46.0,6.0,0.0,1.0,1.0,0.0,,1
100794,Ts'ui,724.0,Spain,Female,44.0,10.0,128330.18,1.0,1.0,1.0,115460.14,0
100795,Chiganu,,France,Male,31.0,5.0,0.0,2.0,1.0,1.0,156368.62,0
100796,Shubin,554.0,France,Female,26.0,3.0,0.0,1.0,0.0,1.0,75094.67,0
100797,Shao,775.0,France,Female,38.0,8.0,0.0,1.0,,1.0,6968.87,0
100798,Akabueze,656.0,Spain,Female,27.0,8.0,108454.07,1.0,1.0,1.0,,0
100799,Udobata,576.0,France,,30.0,6.0,,2.0,1.0,1.0,115732.54,0
100800,Fisk,376.0,France,Female,51.0,5.0,,1.0,1.0,1.0,80337.01,0
100801,Onyekaozulu,745.0,France,Male,32.0,9.0,0.0,1.0,0.0,0.0,183555.76,0
100802,Mancini,568.0,,Male,33.0,7.0,,1.0,1.0,,104907.9,1
100803,Nkemakonam,713.0,Spain,Male,39.0,4.0,0.0,2.0,,1.0,11779.98,0
100804,Yuriev,627.0,France,Female,25.0,6.0,0.0,,1.0,,77908.61,1
100805,Palerma,679.0,France,Female,31.0,4.0,0.0,2.0,0.0,1.0,91283.12,0
100806,Iadanza,765.0,France,Male,20.0,5.0,0.0,2.0,1.0,,180598.32,0
100807,Tsai,652.0,Spain,Male,63.0,4.0,0.0,2.0,1.0,1.0,82870.75,0
100808,Hsieh,710.0,France,Male,31.0,4.0,0.0,2.0,1.0,0.0,158637.26,0
100809,Uchenna,718.0,France,Male,51.0,9.0,127347.92,1.0,0.0,0.0,133109.22,1
100810,Groom,569.0,France,Female,36.0,7.0,0.0,2.0,1.0,1.0,199677.74,0
100811,Mistry,634.0,Spain,Female,43.0,5.0,0.0,1.0,0.0,0.0,91943.94,1
100812,Hsueh,717.0,Germany,Female,54.0,5.0,130068.6,1.0,0.0,0.0,54507.11,1
100813,Ives,792.0,Spain,Male,38.0,9.0,0.0,2.0,1.0,0.0,35321.6,0
100814,Okwudilichukwu,642.0,France,Female,25.0,2.0,112674.36,1.0,,1.0,132481.82,0
100815,Chukwufumnanya,,France,Male,29.0,5.0,155935.23,1.0,,1.0,164082.76,0
100816,Hs?,641.0,France,Male,22.0,1.0,0.0,2.0,1.0,1.0,113045.01,0
100817,Kudryashova,,Spain,Male,33.0,1.0,0.0,2.0,1.0,0.0,92915.71,0
100818,K?,661.0,Germany,Male,37.0,,102800.72,2.0,1.0,0.0,180895.87,0
100819,Ozerova,728.0,France,Male,32.0,1.0,111620.91,2.0,1.0,1.0,117333.29,0
100820,Calabrese,644.0,France,,35.0,10.0,0.0,2.0,1.0,,131797.95,0
100821,Hsia,681.0,,Male,32.0,3.0,,2.0,0.0,0.0,59774.65,0
100822,Onwuemelie,613.0,France,Female,62.0,6.0,0.0,1.0,1.0,1.0,161041.43,1
100823,Carroll,682.0,France,Male,29.0,2.0,137780.74,1.0,1.0,0.0,68841.36,0
100824,Niu,757.0,Spain,Male,37.0,5.0,0.0,2.0,1.0,0.0,91350.35,0
100825,King,628.0,Germany,Female,41.0,3.0,120336.72,2.0,0.0,1.0,131801.29,0
100826,Chung,684.0,France,Female,39.0,3.0,109266.25,,1.0,1.0,83341.1,0
100827,H?,593.0,Germany,Male,36.0,5.0,137848.91,2.0,1.0,1.0,152889.33,0
100828,Shih,619.0,Spain,Male,57.0,7.0,117349.68,1.0,0.0,1.0,38226.93,1
100829,Frewin,660.0,,Male,31.0,9.0,0.0,1.0,1.0,0.0,104599.31,0
100830,Ifeatu,585.0,Spain,Male,34.0,1.0,0.0,2.0,1.0,0.0,86377.26,0
100831,Bazarova,662.0,France,Male,23.0,1.0,0.0,2.0,0.0,0.0,105329.95,0
100832,Fu,572.0,France,Male,41.0,8.0,0.0,1.0,0.0,,129060.2,0
100833,Mackenzie,606.0,France,Male,80.0,4.0,0.0,1.0,1.0,0.0,145534.44,0
100834,Cattaneo,489.0,France,Male,37.0,8.0,144336.7,2.0,1.0,1.0,142548.71,0
100835,Zikoranachukwudimma,704.0,Spain,Female,35.0,8.0,0.0,2.0,1.0,0.0,88658.92,0
100836,Okwudiliolisa,592.0,,Male,46.0,7.0,0.0,2.0,1.0,1.0,141175.25,0
100837,Uwaezuoke,596.0,Germany,Female,38.0,7.0,,2.0,1.0,0.0,,0
100838,Nwankwo,608.0,France,Female,41.0,5.0,100723.21,,0.0,,96747.52,0
100839,Hsia,554.0,France,Female,39.0,7.0,129739.07,1.0,0.0,0.0,169352.99,0
100840,Udegbulam,637.0,Germany,Male,34.0,10.0,103563.0,2.0,1.0,1.0,26136.13,0
100841,Cremonesi,639.0,France,Male,31.0,8.0,0.0,1.0,1.0,,55073.67,0
100842,Ts'ai,635.0,Spain,Female,38.0,7.0,0.0,2.0,1.0,1.0,75825.57,0
100843,Nwoye,713.0,France,Female,30.0,8.0,103649.11,1.0,0.0,0.0,,0
100844,Onyemauchechukwu,727.0,France,Female,39.0,7.0,0.0,2.0,,1.0,187622.58,0
100845,Omeokachie,543.0,Spain,Female,35.0,2.0,0.0,2.0,1.0,0.0,,0
100846,K'ung,761.0,Germany,Male,39.0,5.0,,,1.0,0.0,11082.45,1
100847,Ch'ien,679.0,Germany,Female,37.0,5.0,,1.0,1.0,0.0,,0
100848,H?,696.0,Spain,Female,26.0,10.0,0.0,2.0,1.0,0.0,160670.21,0
100849,T'ang,645.0,France,Male,46.0,5.0,0.0,2.0,1.0,1.0,82870.14,0
100850,Tsao,614.0,France,Female,36.0,4.0,0.0,2.0,1.0,1.0,66584.63,0
100851,Greco,590.0,Germany,Male,34.0,7.0,131164.52,1.0,0.0,0.0,,0
100852,Kao,595.0,Spain,Male,28.0,4.0,0.0,2.0,1.0,1.0,,0
100853,Cayley,528.0,Spain,Female,37.0,9.0,0.0,2.0,1.0,0.0,65378.85,0
100854,Moore,523.0,France,Male,37.0,2.0,0.0,2.0,1.0,1.0,121560.77,0
100855,Tien,605.0,Germany,Female,,2.0,129465.33,2.0,0.0,1.0,102115.43,0
100856,Maclean,593.0,France,,38.0,4.0,0.0,2.0,1.0,0.0,89972.19,0
100857,Farrell,696.0,France,Female,39.0,5.0,0.0,2.0,1.0,0.0,176883.42,0
100858,Oluchi,496.0,France,Male,36.0,6.0,0.0,2.0,0.0,0.0,184314.26,0
100859,Chiemenam,602.0,France,Male,31.0,4.0,0.0,2.0,,0.0,84932.3,0
100860,Ni,,Spain,Male,33.0,7.0,166825.01,1.0,,1.0,24550.91,0
100861,Shih,683.0,France,Female,26.0,,0.0,2.0,0.0,1.0,100727.68,0
100862,Wang,619.0,France,Female,34.0,,0.0,1.0,1.0,1.0,117948.0,0
100863,Mironova,711.0,France,Male,32.0,9.0,0.0,1.0,1.0,,71796.28,0
100864,Liao,588.0,Spain,Male,36.0,,0.0,2.0,0.0,1.0,,0
100865,Lin,751.0,France,Male,27.0,6.0,72964.92,2.0,1.0,1.0,,0
100866,Chien,803.0,Spain,Male,32.0,3.0,0.0,2.0,1.0,0.0,145455.57,0
100867,Yevseyev,498.0,Spain,Male,39.0,6.0,109958.23,1.0,0.0,0.0,95904.29,0
100868,Onuchukwu,690.0,Spain,Male,28.0,5.0,123814.58,1.0,1.0,0.0,83606.79,0
100869,Hsieh,668.0,France,Male,40.0,4.0,140856.78,1.0,1.0,1.0,151329.7,0
100870,Anenechi,,France,Male,34.0,8.0,0.0,2.0,1.0,1.0,184542.9,0
100871,McFarland,607.0,Germany,Male,43.0,,64486.46,2.0,1.0,1.0,129190.21,0
100872,Kudryashova,,France,Male,35.0,6.0,0.0,1.0,0.0,0.0,73497.25,0
100873,P'eng,587.0,France,Male,61.0,1.0,0.0,2.0,1.0,1.0,79617.61,0
100874,Yudina,537.0,France,Male,43.0,4.0,,2.0,1.0,1.0,95562.61,0
100875,Calabrese,713.0,France,Male,34.0,5.0,0.0,2.0,1.0,1.0,143317.67,0
100876,Niu,691.0,Spain,Female,24.0,3.0,,,1.0,0.0,195391.25,0
100877,Micklem,557.0,Germany,Male,29.0,8.0,116730.7,2.0,1.0,0.0,166513.93,0
100878,Logue,550.0,Spain,Female,28.0,10.0,0.0,,1.0,1.0,168152.76,0
100879,Owen,472.0,France,Female,33.0,2.0,0.0,2.0,1.0,0.0,182547.04,0
100880,Nwachinemelu,766.0,France,Male,31.0,7.0,0.0,2.0,,0.0,154489.28,0
100881,Arbour,773.0,Germany,Female,58.0,4.0,126603.04,1.0,1.0,0.0,132416.28,1
100882,Bellew,744.0,France,Female,45.0,4.0,0.0,1.0,,0.0,187900.12,1
100883,Walker,663.0,Spain,Female,49.0,6.0,175764.28,,1.0,0.0,107283.71,1
100884,Liang,630.0,France,Female,44.0,6.0,0.0,1.0,1.0,0.0,134550.95,1
100885,Pinto,684.0,Spain,,40.0,1.0,0.0,1.0,1.0,0.0,52448.54,0
100886,T'ang,663.0,Germany,Male,45.0,9.0,96046.36,3.0,1.0,0.0,173868.11,1
100887,Fanucci,546.0,Germany,Male,44.0,9.0,,3.0,,0.0,84030.35,1
100888,Tuan,754.0,France,Female,40.0,5.0,0.0,1.0,1.0,0.0,152656.44,0
100889,Onyemauchechukwu,711.0,France,Male,38.0,6.0,0.0,2.0,1.0,0.0,173845.3,0
100890,Swanton,543.0,Germany,Female,24.0,4.0,124264.36,,1.0,0.0,26977.19,1
100891,Okwudiliolisa,698.0,Spain,Male,37.0,9.0,0.0,2.0,0.0,0.0,,0
100892,Hughes,743.0,Spain,Female,38.0,7.0,157585.3,2.0,1.0,1.0,82995.3,0
100893,Chukwualuka,521.0,France,Male,32.0,8.0,145251.15,1.0,0.0,1.0,5900.78,0
100894,Kuykendall,645.0,Germany,Female,45.0,4.0,,1.0,,,142894.88,0
100895,Belstead,738.0,France,Male,43.0,4.0,0.0,1.0,0.0,0.0,,1
100896,Hsiung,773.0,Germany,Male,43.0,8.0,128743.81,2.0,1.0,0.0,90398.73,0
100897,Chukwuemeka,641.0,France,Male,40.0,4.0,0.0,2.0,0.0,1.0,169288.21,0
100898,Young,752.0,Spain,Male,32.0,7.0,0.0,2.0,1.0,1.0,146049.58,0
100899,Siciliani,668.0,France,Male,32.0,9.0,144875.92,1.0,1.0,1.0,172646.33,0
100900,Hsieh,669.0,France,Female,40.0,4.0,144565.8,1.0,,1.0,180427.38,0
100901,Fyodorova,561.0,France,Male,31.0,5.0,,2.0,1.0,1.0,104912.13,0
100902,Fiorentino,488.0,Germany,Male,34.0,4.0,120017.74,1.0,1.0,0.0,110195.12,1
100903,Teng,598.0,Germany,,50.0,2.0,140445.82,1.0,1.0,0.0,57589.29,1
100904,Macleod,598.0,Spain,Male,46.0,4.0,0.0,,1.0,0.0,191351.37,1
100905,Gordon,732.0,Spain,Male,43.0,4.0,0.0,,1.0,1.0,161954.43,0
100906,Nwokezuike,,Spain,,38.0,6.0,137937.62,1.0,1.0,0.0,53451.35,1
100907,Sagese,751.0,Germany,Female,41.0,5.0,130673.86,1.0,1.0,1.0,48098.18,0
100908,Boni,582.0,France,Male,38.0,2.0,0.0,2.0,,1.0,175743.92,0
100909,Tan,506.0,Germany,,53.0,4.0,102772.7,2.0,1.0,,82386.32,1
100910,Aksenov,648.0,France,Female,29.0,4.0,0.0,2.0,1.0,0.0,27232.36,0
100911,Nnamutaezinwa,584.0,Germany,Male,45.0,1.0,134498.46,1.0,1.0,0.0,199359.43,0
100912,Chigbogu,675.0,,Female,28.0,8.0,152083.83,,1.0,1.0,161407.26,0
100913,Ch'ang,840.0,France,Male,,2.0,132585.49,1.0,1.0,0.0,51670.84,1
100914,Scott,624.0,Spain,,43.0,5.0,0.0,2.0,1.0,0.0,173792.34,0
100915,Chiazagomekpere,,France,Female,,7.0,0.0,2.0,1.0,1.0,144130.94,0
100916,P'eng,726.0,,Male,44.0,6.0,0.0,1.0,0.0,0.0,151764.14,0
100917,Carslaw,621.0,Germany,Male,27.0,9.0,103423.29,1.0,1.0,1.0,49143.04,0
100918,Hsieh,705.0,Germany,Male,48.0,7.0,114078.32,1.0,0.0,0.0,113662.28,1
100919,Gaffney,850.0,France,,32.0,4.0,0.0,2.0,,0.0,103787.28,0
100920,O'Sullivan,571.0,France,Female,,4.0,131283.08,1.0,0.0,0.0,156888.27,0
100921,Chia,456.0,France,Male,33.0,9.0,165900.95,1.0,1.0,0.0,38837.51,0
100922,Onyemachukwu,706.0,Germany,Male,45.0,4.0,122886.74,1.0,0.0,1.0,59904.48,1
100923,Hsu,708.0,France,Female,27.0,3.0,0.0,2.0,1.0,0.0,94774.63,0
100924,Nwokeocha,610.0,France,Female,55.0,2.0,127472.46,1.0,1.0,1.0,83869.43,0
100925,Clements,562.0,Spain,Male,28.0,5.0,0.0,2.0,1.0,0.0,60498.16,0
100926,Kao,600.0,Germany,Male,51.0,3.0,72820.5,1.0,1.0,0.0,31617.99,1
100927,Kao,727.0,France,Male,39.0,2.0,0.0,2.0,0.0,1.0,1568.51,0
100928,Tuan,711.0,France,Female,22.0,4.0,68549.7,2.0,1.0,1.0,139816.1,0
100929,Nwankwo,714.0,France,Male,37.0,5.0,0.0,2.0,1.0,1.0,105880.19,0
100930,Hs?,646.0,Germany,Female,,9.0,109718.53,1.0,1.0,0.0,186489.52,1
100931,McLean,621.0,Germany,Female,56.0,,94466.53,1.0,1.0,0.0,55674.87,1
100932,Johnston,751.0,Germany,Female,47.0,4.0,113614.25,2.0,1.0,1.0,106193.74,1
100933,Chia,447.0,Germany,,,1.0,144961.97,1.0,1.0,0.0,173495.81,1
100934,Smith,684.0,Germany,Female,32.0,10.0,150733.11,2.0,0.0,0.0,163675.39,0
100935,Atkinson,593.0,Germany,Male,29.0,5.0,84577.0,2.0,1.0,1.0,92378.96,0
100936,Ts'ui,693.0,Spain,Male,36.0,8.0,0.0,2.0,1.0,1.0,180350.05,0
100937,Yermolayev,563.0,France,Female,26.0,1.0,131354.25,1.0,1.0,0.0,80498.5,0
100938,T'ang,663.0,France,Female,39.0,3.0,0.0,2.0,1.0,0.0,,0
100939,Kang,679.0,France,,40.0,5.0,0.0,2.0,0.0,1.0,,0
100940,Shih,439.0,France,Female,39.0,3.0,0.0,2.0,1.0,0.0,,0
100941,Teng,669.0,France,Female,28.0,,,,,1.0,194113.99,0
100942,Oluchukwu,628.0,Germany,Female,44.0,5.0,109045.71,,1.0,1.0,148169.29,1
100943,Smith,744.0,France,Male,59.0,5.0,71264.12,,1.0,1.0,166691.57,0
100944,Farrar,516.0,Spain,Female,29.0,1.0,0.0,2.0,0.0,0.0,161069.28,0
100945,Kao,637.0,France,Male,,7.0,,2.0,1.0,1.0,61579.66,0
100946,Onwuamaeze,752.0,France,Male,31.0,9.0,0.0,2.0,1.0,1.0,102957.84,0
100947,Macleod,709.0,Spain,Male,63.0,2.0,120916.68,1.0,0.0,1.0,136973.99,1
100948,Martin,740.0,Germany,Male,31.0,1.0,108820.25,2.0,1.0,1.0,126555.75,0
100949,Folliero,653.0,,Female,55.0,,0.0,1.0,0.0,0.0,120907.79,1
100950,Mazzanti,607.0,Germany,Male,49.0,,102882.71,1.0,0.0,0.0,160998.34,1
100951,Nwankwo,554.0,Spain,Female,35.0,2.0,0.0,2.0,0.0,0.0,161827.62,0
100952,Butler,604.0,France,Male,29.0,4.0,0.0,1.0,1.0,0.0,156774.75,0
100953,Folliero,721.0,France,Male,45.0,,45472.28,1.0,1.0,1.0,92914.67,0
100954,Iloerika,598.0,France,Male,40.0,6.0,0.0,2.0,0.0,1.0,,0
100955,Tyler,742.0,France,Male,45.0,3.0,131578.58,1.0,1.0,0.0,54949.73,0
100956,Pruneda,,France,Male,29.0,1.0,102814.56,2.0,1.0,,,0
100957,Palerma,535.0,France,Female,29.0,6.0,0.0,2.0,1.0,0.0,164741.5,0
100958,Wallace,638.0,France,,33.0,2.0,0.0,1.0,1.0,0.0,196211.3,0
100959,Lo,667.0,France,,36.0,3.0,0.0,1.0,0.0,1.0,79098.06,0
100960,He,678.0,,Female,,0.0,0.0,2.0,1.0,0.0,59864.96,0
100961,Genovese,710.0,Spain,,46.0,4.0,80809.55,1.0,0.0,0.0,48356.64,1
100962,Nnamutaezinwa,437.0,France,Male,36.0,5.0,0.0,1.0,1.0,1.0,164016.19,0
100963,Kuo,598.0,Germany,,35.0,2.0,109235.23,2.0,,1.0,91559.32,0
100964,Zakharov,754.0,Spain,Male,34.0,5.0,0.0,2.0,0.0,1.0,,0
100965,Ibezimako,667.0,France,Male,45.0,9.0,0.0,2.0,0.0,0.0,67615.05,0
100966,Onyemauchechukwu,723.0,France,Female,36.0,4.0,0.0,2.0,0.0,1.0,85568.58,0
100967,Ukaegbunam,533.0,Spain,Male,33.0,4.0,121764.16,2.0,1.0,1.0,55516.13,0
100968,Chukwueloka,569.0,Germany,Female,48.0,5.0,118129.6,2.0,1.0,0.0,35177.93,0
100969,Tsou,590.0,Spain,Female,40.0,2.0,0.0,2.0,1.0,1.0,147525.42,0
100970,Nnamdi,767.0,Germany,Male,59.0,3.0,122321.53,1.0,0.0,0.0,103715.97,1
100971,Hs?,598.0,France,Male,48.0,8.0,0.0,1.0,1.0,1.0,80554.15,1
100972,Smith,651.0,France,Male,34.0,6.0,0.0,1.0,1.0,1.0,167984.72,0
100973,Brennan,679.0,,,43.0,8.0,0.0,2.0,1.0,1.0,160968.22,0
100974,Mazzi,659.0,France,Female,47.0,5.0,96645.54,3.0,0.0,0.0,58478.72,1
100975,Nwebube,601.0,Germany,Male,55.0,4.0,123870.07,1.0,1.0,1.0,162170.33,0
100976,Ting,619.0,Germany,Male,49.0,6.0,144964.58,1.0,0.0,1.0,126712.24,1
100977,Genovese,628.0,France,Female,36.0,3.0,0.0,,1.0,0.0,,1
100978,K'ung,598.0,,Female,42.0,1.0,164901.39,1.0,1.0,1.0,101233.52,0
100979,Ch'en,693.0,France,Male,31.0,1.0,0.0,2.0,1.0,1.0,4397.01,0
100980,Rizzo,738.0,Spain,Male,34.0,3.0,0.0,2.0,0.0,0.0,187567.44,0
100981,Bell,582.0,France,Female,41.0,6.0,0.0,1.0,0.0,0.0,120887.71,1
100982,Ch'ien,562.0,France,Female,37.0,3.0,141581.08,1.0,0.0,0.0,118985.24,0
100983,O'Donnell,577.0,France,Male,40.0,1.0,111105.43,1.0,1.0,,141172.3,0
100984,Mitchell,509.0,Spain,Male,35.0,8.0,108687.98,1.0,1.0,1.0,47651.31,1
100985,Fanucci,604.0,Spain,Female,55.0,3.0,0.0,2.0,1.0,0.0,88729.99,1
100986,Goodman,477.0,France,Male,,1.0,103879.1,1.0,1.0,1.0,80592.25,0
100987,T'ien,730.0,Spain,Male,36.0,6.0,0.0,2.0,1.0,0.0,61182.67,0
100988,Tung,479.0,France,Male,26.0,3.0,0.0,2.0,1.0,1.0,164884.67,0
100989,Douglas,564.0,Germany,Female,35.0,9.0,111865.83,,1.0,1.0,87508.41,0
100990,Hoolan,769.0,France,Male,44.0,7.0,0.0,2.0,1.0,0.0,115793.81,0
100991,Okechukwu,581.0,France,Female,32.0,3.0,0.0,2.0,1.0,1.0,84575.68,0
100992,Chikelu,850.0,France,Female,43.0,1.0,0.0,2.0,1.0,0.0,84130.65,1
100993,Y?an,624.0,Germany,Male,40.0,1.0,95986.25,,1.0,0.0,160862.94,1
100994,Nnachetam,596.0,France,Male,34.0,9.0,86840.04,1.0,0.0,0.0,147796.65,0
100995,Walker,748.0,Germany,Male,38.0,1.0,131183.56,2.0,1.0,0.0,51627.8,0
100996,Padilla,717.0,France,Male,33.0,4.0,0.0,1.0,1.0,0.0,91839.64,0
100997,Maclean,679.0,Germany,Male,34.0,8.0,83704.28,2.0,1.0,0.0,114519.42,0
100998,Trevisani,751.0,France,Female,29.0,10.0,91613.91,1.0,1.0,0.0,59251.12,0
100999,Frolova,627.0,,Female,35.0,6.0,,1.0,1.0,,101251.34,0
101000,Onyemauchechukwu,775.0,France,Female,,8.0,100271.23,1.0,0.0,1.0,136525.6,0
101001,Chidimma,687.0,Spain,Male,36.0,5.0,,2.0,1.0,1.0,159816.79,0
101002,Tuan,,France,Male,42.0,1.0,0.0,2.0,1.0,,,0
101003,Chidubem,544.0,France,Female,25.0,4.0,,1.0,0.0,1.0,138777.0,0
101004,Babbage,765.0,Germany,Male,41.0,6.0,131376.64,1.0,1.0,0.0,116943.99,1
101005,Kesteven,,,Female,46.0,8.0,0.0,1.0,,0.0,62454.36,1
101006,Nkemakonam,580.0,France,Male,40.0,3.0,0.0,2.0,1.0,,71585.24,0
101007,Okwuadigbo,476.0,France,Male,33.0,7.0,148902.31,2.0,1.0,0.0,67926.73,0
101008,Nnachetam,730.0,Spain,Female,29.0,9.0,0.0,1.0,1.0,0.0,132795.13,1
101009,Hao,674.0,Spain,Male,50.0,5.0,82687.71,1.0,0.0,0.0,83250.21,1
101010,Nkemakolam,684.0,France,Male,43.0,,0.0,2.0,1.0,0.0,72872.79,0
101011,Kolesnikov,847.0,Spain,Female,38.0,4.0,128009.09,1.0,0.0,0.0,128870.36,0
101012,Hao,555.0,Spain,Female,35.0,3.0,132934.56,1.0,1.0,0.0,167918.46,0
101013,Belonwu,512.0,France,Female,43.0,4.0,105562.42,2.0,0.0,1.0,152411.0,0
101014,Chuang,671.0,France,Male,36.0,8.0,90558.24,1.0,1.0,0.0,169391.47,0
101015,Shih,587.0,Spain,Male,32.0,6.0,0.0,2.0,1.0,0.0,145562.4,0
101016,Bukowski,703.0,Germany,Female,37.0,8.0,101866.91,2.0,0.0,,83765.93,0
101017,Tsao,553.0,France,Male,33.0,2.0,0.0,2.0,1.0,1.0,93575.72,0
101018,Barese,815.0,France,Female,47.0,8.0,131173.87,1.0,0.0,0.0,111687.46,0
101019,Lo Duca,678.0,France,Female,25.0,,0.0,,,0.0,113493.71,0
101020,Docherty,568.0,Spain,Male,45.0,2.0,0.0,2.0,1.0,0.0,149868.3,0
101021,P'eng,734.0,Germany,Male,39.0,7.0,102792.22,1.0,1.0,1.0,166677.34,0
101022,Toscani,554.0,Germany,Male,34.0,5.0,88903.61,1.0,,1.0,186514.96,0
101023,Nwankwo,803.0,Spain,Male,42.0,7.0,88637.74,1.0,0.0,1.0,93831.06,0
101024,Chukwujekwu,589.0,France,Male,38.0,2.0,0.0,2.0,,1.0,,0
101025,Butcher,632.0,France,Male,41.0,,0.0,2.0,1.0,0.0,,0
101026,Ts'ui,704.0,France,Female,26.0,6.0,0.0,2.0,1.0,0.0,111593.16,0
101027,Maclean,,France,,37.0,6.0,0.0,2.0,1.0,0.0,178310.46,0
101028,Maclean,553.0,Germany,Female,50.0,9.0,124544.12,1.0,1.0,1.0,172576.43,1
101029,Rice,685.0,Spain,,,8.0,0.0,2.0,0.0,1.0,9194.45,0
101030,Fanucci,672.0,France,Male,27.0,3.0,0.0,2.0,1.0,0.0,,0
101031,Walker,593.0,Spain,Male,35.0,6.0,0.0,1.0,1.0,0.0,,0
101032,De Mestre,621.0,Germany,Male,52.0,1.0,,1.0,1.0,0.0,170517.77,1
101033,Hsia,681.0,France,Male,39.0,6.0,,,0.0,1.0,64574.92,0
101034,Smith,710.0,Germany,Female,30.0,5.0,137715.28,2.0,1.0,0.0,119776.24,0
101035,Nworie,584.0,France,,20.0,4.0,84824.27,1.0,,1.0,51634.27,0
101036,Sunderland,651.0,France,Female,44.0,4.0,0.0,1.0,1.0,0.0,161072.35,1
101037,Smith,671.0,,,33.0,,137626.85,2.0,1.0,1.0,,0
101038,Bulgakov,739.0,France,Female,53.0,7.0,0.0,1.0,1.0,0.0,147717.18,1
101039,Fanucci,526.0,France,Male,,1.0,0.0,2.0,1.0,1.0,70774.43,0
101040,Walker,686.0,France,Male,35.0,9.0,121112.23,2.0,0.0,1.0,143926.42,0
101041,Ugochukwutubelum,732.0,Germany,Female,29.0,3.0,114431.17,2.0,0.0,1.0,138582.07,1
101042,Trevisani,597.0,France,Female,43.0,,121873.01,1.0,1.0,0.0,93555.69,1
101043,T'ien,676.0,,Female,38.0,2.0,0.0,2.0,1.0,0.0,46662.57,0
101044,Kovalev,805.0,Spain,Female,33.0,7.0,0.0,2.0,0.0,0.0,163587.48,0
101045,Hsueh,,France,Male,35.0,5.0,96443.28,1.0,0.0,1.0,19625.69,0
101046,Tseng,673.0,Germany,Female,26.0,7.0,149976.78,1.0,0.0,0.0,110574.37,0
101047,Hs?,684.0,France,Male,38.0,9.0,100446.53,2.0,1.0,0.0,2543.05,0
101048,Nwokezuike,642.0,France,Female,35.0,3.0,0.0,2.0,1.0,0.0,141137.52,0
101049,Hsing,682.0,Spain,Male,57.0,1.0,,1.0,0.0,1.0,60373.22,0
101050,Tien,753.0,France,Female,33.0,3.0,95830.5,1.0,1.0,1.0,125979.36,0
101051,Ritchie,580.0,France,Male,35.0,10.0,133676.65,1.0,1.0,1.0,144879.75,0
101052,Baresi,631.0,Spain,Male,28.0,5.0,104784.23,1.0,1.0,1.0,185013.94,0
101053,H?,646.0,Germany,Male,35.0,2.0,142550.42,2.0,,1.0,,0
101054,Nkemdirim,706.0,Germany,Male,43.0,2.0,132578.3,1.0,1.0,0.0,109170.42,1
101055,Chin,579.0,France,Male,29.0,1.0,51690.75,1.0,1.0,1.0,63940.97,0
101056,Hs?,645.0,Germany,Male,29.0,3.0,154601.31,1.0,1.0,1.0,150450.99,0
101057,Meng,545.0,Germany,Male,52.0,7.0,112994.57,1.0,,0.0,177758.91,1
101058,Hutchinson,809.0,Spain,Female,34.0,9.0,0.0,2.0,1.0,1.0,182081.45,0
101059,Mazzanti,621.0,Germany,Female,52.0,6.0,91629.95,2.0,1.0,0.0,173991.68,1
101060,Hs?,725.0,Spain,Male,26.0,10.0,161371.5,1.0,1.0,1.0,175851.06,0
101061,Tillman,684.0,Germany,Male,,4.0,121403.09,1.0,1.0,1.0,170821.01,0
101062,Lombardi,631.0,France,Male,41.0,,,1.0,1.0,0.0,180709.67,0
101063,Zikoranachidimma,775.0,France,Male,35.0,6.0,,1.0,1.0,0.0,164730.13,0
101064,McLean,712.0,Spain,Male,36.0,,0.0,2.0,1.0,0.0,168605.96,0
101065,Pinto,619.0,France,Female,31.0,9.0,147936.42,1.0,1.0,1.0,34509.8,0
101066,Nnaemeka,667.0,Spain,Female,38.0,7.0,116320.1,1.0,1.0,1.0,157566.96,0
101067,Toscani,,France,Male,42.0,10.0,0.0,1.0,0.0,0.0,141265.7,0
101068,Maclean,754.0,,Female,38.0,7.0,136555.74,1.0,1.0,0.0,25669.67,0
101069,Onwuamaeze,678.0,France,Male,39.0,0.0,0.0,1.0,1.0,0.0,121755.95,0
101070,Pharr,650.0,Germany,Male,43.0,6.0,148580.02,1.0,0.0,0.0,28347.53,1
101071,Binder,599.0,Germany,Male,33.0,5.0,133788.04,1.0,0.0,0.0,,0
101072,Yefremova,663.0,France,Male,58.0,9.0,0.0,1.0,1.0,1.0,17802.42,0
101073,Chiu,632.0,France,Female,29.0,9.0,0.0,2.0,1.0,,86254.78,0
101074,Bess,602.0,France,Male,24.0,2.0,103689.43,1.0,1.0,1.0,108139.23,0
101075,Lucchese,622.0,Germany,Male,41.0,2.0,144956.74,1.0,1.0,0.0,97961.91,1
101076,Fennescey,554.0,France,Male,34.0,6.0,0.0,2.0,0.0,1.0,88878.15,0
101077,Chukwubuikem,714.0,Germany,Male,34.0,3.0,124763.84,2.0,1.0,1.0,103604.82,0
101078,Ch'eng,684.0,France,Male,30.0,4.0,156831.44,1.0,1.0,1.0,122984.39,0
101079,Stokes,,Germany,,41.0,5.0,122706.8,2.0,1.0,1.0,92897.16,0
101080,Ch'ien,821.0,France,Female,60.0,8.0,0.0,1.0,1.0,0.0,,1
101081,Ngozichukwuka,712.0,,Male,31.0,8.0,,1.0,1.0,1.0,172097.37,0
101082,Kao,,Spain,Male,29.0,8.0,110022.61,1.0,0.0,,129715.88,0
101083,Beatham,697.0,France,Female,,2.0,0.0,1.0,1.0,1.0,70873.67,1
101084,Forbes,732.0,France,Male,39.0,5.0,154902.66,1.0,1.0,0.0,56434.36,0
101085,Ijendu,,France,Male,38.0,2.0,0.0,2.0,1.0,1.0,186489.16,0
101086,Fan,,France,Male,33.0,4.0,0.0,2.0,0.0,1.0,172550.85,0
101087,Bochsa,710.0,,Female,45.0,,,2.0,1.0,1.0,120797.06,1
101088,Macleod,,France,Female,38.0,4.0,0.0,2.0,1.0,0.0,164923.81,0
101089,Nkemakolam,755.0,Spain,Female,39.0,10.0,,2.0,1.0,1.0,57553.07,0
101090,Mazzanti,675.0,Spain,Female,36.0,5.0,137418.35,1.0,0.0,1.0,160136.74,0
101091,Li Fonti,568.0,France,Male,25.0,8.0,0.0,2.0,1.0,1.0,93336.63,0
101092,Yao,681.0,Germany,Female,40.0,3.0,119764.53,2.0,1.0,0.0,86022.07,0
101093,Massie,663.0,Spain,Female,38.0,6.0,0.0,1.0,0.0,1.0,177915.99,1
101094,White,,Spain,Male,29.0,4.0,0.0,2.0,1.0,1.0,119348.16,0
101095,Anderson,631.0,Spain,Male,,1.0,74793.36,1.0,1.0,1.0,99578.69,1
101096,Nweke,,Germany,Male,33.0,10.0,,1.0,1.0,0.0,123839.22,0
101097,Smith,521.0,France,Female,29.0,8.0,0.0,2.0,1.0,0.0,162486.74,0
101098,Aksenov,571.0,France,,39.0,9.0,0.0,1.0,1.0,0.0,176923.92,0
101099,Mancini,,Spain,Male,34.0,3.0,123715.28,1.0,1.0,0.0,156792.07,0
101100,Chukwufumnanya,669.0,France,Female,23.0,8.0,158796.81,2.0,0.0,0.0,11779.64,0
101101,Abbott,594.0,,Female,55.0,,0.0,1.0,1.0,1.0,,1
101102,Pardey,519.0,,Male,33.0,5.0,0.0,2.0,1.0,,116742.11,0
101103,Nkemdilim,738.0,France,Male,36.0,6.0,0.0,2.0,1.0,1.0,36375.63,0
101104,Tsai,528.0,Spain,Male,40.0,4.0,0.0,1.0,1.0,0.0,91573.67,0
101105,Martin,697.0,France,Male,56.0,7.0,200724.96,1.0,1.0,0.0,40281.79,1
101106,Hs?,637.0,Germany,Male,34.0,1.0,138007.96,1.0,1.0,0.0,156484.17,0
101107,Hs?,628.0,France,Male,27.0,4.0,0.0,2.0,1.0,,,0
101108,Teng,635.0,Spain,Male,41.0,10.0,0.0,2.0,1.0,1.0,60777.0,0
101109,Hamilton,655.0,France,Male,50.0,1.0,0.0,3.0,1.0,0.0,188029.85,1
101110,Onyemere,644.0,Germany,Male,50.0,4.0,121570.68,1.0,1.0,1.0,146390.36,0
101111,Mazzanti,730.0,,Male,28.0,6.0,167864.83,1.0,1.0,1.0,1341.12,0
101112,Trevisan,712.0,France,Male,26.0,,0.0,2.0,0.0,1.0,42398.98,0
101113,K?,653.0,,Male,33.0,9.0,0.0,1.0,1.0,1.0,72929.96,0
101114,Nwabugwu,632.0,Germany,Male,46.0,5.0,145988.49,,,0.0,176924.32,0
101115,Li,581.0,France,Male,32.0,3.0,,1.0,0.0,0.0,147914.79,0
101116,Walker,633.0,Spain,Male,44.0,,0.0,1.0,0.0,0.0,5653.24,1
101117,Hsieh,639.0,France,Female,32.0,2.0,81048.81,1.0,1.0,0.0,22689.94,0
101118,Lo,683.0,France,Male,37.0,7.0,0.0,1.0,1.0,1.0,187988.98,1
101119,Yevseyev,735.0,Spain,Male,55.0,8.0,164483.45,3.0,1.0,1.0,148370.23,1
101120,Martin,623.0,France,Female,35.0,9.0,0.0,1.0,0.0,1.0,117036.76,0
101121,Maclean,691.0,Germany,Male,51.0,2.0,48725.56,1.0,1.0,1.0,22582.43,1
101122,Chijindum,662.0,Spain,Male,37.0,8.0,0.0,2.0,0.0,1.0,152228.85,0
101123,Ch'ien,705.0,France,Female,27.0,3.0,0.0,2.0,1.0,0.0,2465.8,0
101124,Hsiung,681.0,France,Female,28.0,6.0,0.0,,1.0,1.0,76104.11,0
101125,Hsia,661.0,France,Male,43.0,6.0,0.0,2.0,1.0,1.0,57322.52,0
101126,Hsia,689.0,Germany,Female,39.0,2.0,153313.66,1.0,1.0,0.0,56984.58,0
101127,Onyekachukwu,,France,Male,36.0,2.0,0.0,1.0,1.0,1.0,171036.09,0
101128,Koch,732.0,France,Female,46.0,8.0,0.0,1.0,1.0,1.0,73764.3,1
101129,McKay,569.0,France,Female,38.0,6.0,138032.19,1.0,0.0,0.0,101828.39,0
101130,Cremonesi,525.0,Spain,Male,33.0,7.0,,2.0,,0.0,170968.84,0
101131,Nixon,641.0,France,Male,34.0,8.0,0.0,2.0,1.0,0.0,173321.65,0
101132,Onwuamaeze,639.0,Germany,Female,,3.0,108242.68,2.0,1.0,0.0,97939.4,0
101133,Eluemuno,598.0,France,Male,29.0,5.0,0.0,2.0,1.0,0.0,143259.21,0
101134,Ejimofor,490.0,France,,33.0,7.0,121181.87,1.0,,1.0,71078.93,0
101135,Pirozzi,659.0,France,Female,44.0,3.0,141324.48,1.0,1.0,0.0,156364.37,0
101136,Tien,793.0,France,Female,36.0,4.0,97739.63,2.0,1.0,,102904.77,0
101137,Chien,613.0,France,Male,44.0,7.0,,3.0,1.0,1.0,58058.95,0
101138,Palermo,584.0,France,Male,25.0,1.0,0.0,2.0,1.0,1.0,145553.16,0
101139,Hsiung,567.0,France,Male,31.0,3.0,121267.48,2.0,1.0,1.0,116982.01,0
101140,T'ao,601.0,,Male,37.0,6.0,0.0,1.0,1.0,1.0,83646.59,0
101141,Martin,627.0,France,Female,46.0,2.0,169873.84,1.0,1.0,0.0,65884.07,1
101142,Clements,487.0,,Female,35.0,7.0,,2.0,1.0,1.0,161407.48,0
101143,Ebelegbulam,737.0,Spain,Female,46.0,4.0,120030.3,2.0,1.0,0.0,79016.95,0
101144,Chinwendu,718.0,France,Female,27.0,3.0,0.0,2.0,1.0,0.0,183495.76,0
101145,Chidi,630.0,Germany,,31.0,3.0,105599.67,1.0,0.0,0.0,67975.75,1
101146,Shen,584.0,Germany,Female,31.0,7.0,106317.86,2.0,1.0,1.0,54896.6,0
101147,Chu,773.0,France,Male,35.0,5.0,0.0,2.0,1.0,1.0,152885.55,0
101148,Rizzo,850.0,France,Male,,1.0,92431.57,1.0,,1.0,182491.27,0
101149,Calabrese,,France,Female,,7.0,,1.0,0.0,0.0,148540.4,0
101150,Walker,459.0,France,Male,39.0,7.0,0.0,1.0,,1.0,131784.58,0
101151,Burgess,693.0,France,Male,38.0,3.0,0.0,2.0,0.0,0.0,115116.35,0
101152,Ma,809.0,France,Female,52.0,6.0,0.0,4.0,1.0,0.0,141455.6,1
101153,Ts'ui,,Germany,Male,31.0,1.0,112291.55,2.0,1.0,1.0,162501.5,0
101154,Ferrari,529.0,Germany,Female,48.0,9.0,113635.21,1.0,1.0,0.0,193307.3,1
101155,Onyeoruru,663.0,,Male,39.0,4.0,125860.2,1.0,1.0,0.0,163562.52,0
101156,Onwuamaeze,697.0,France,Female,41.0,8.0,0.0,2.0,1.0,0.0,103564.09,0
101157,Hsiao,729.0,France,Male,40.0,2.0,174193.81,1.0,0.0,1.0,146768.47,1
101158,Lai,785.0,France,Male,46.0,2.0,0.0,1.0,1.0,1.0,,1
101159,Pisani,613.0,France,Male,31.0,2.0,0.0,2.0,,1.0,72993.61,0
101160,Tuan,519.0,France,,49.0,9.0,0.0,2.0,1.0,1.0,158100.0,0
101161,Calabresi,652.0,France,Male,33.0,2.0,,2.0,0.0,1.0,118959.64,0
101162,Ignatyev,519.0,France,Female,29.0,10.0,,2.0,1.0,1.0,54440.74,0
101163,Agafonova,559.0,,Male,55.0,8.0,110808.37,1.0,1.0,0.0,,1
101164,L?,730.0,France,Male,39.0,7.0,0.0,2.0,1.0,0.0,190240.75,1
101165,K'ung,710.0,France,Male,31.0,4.0,0.0,,,1.0,199443.08,0
101166,Chukwubuikem,706.0,Spain,Male,39.0,8.0,102020.58,1.0,1.0,0.0,192126.13,0
101167,Efimov,479.0,,Female,54.0,,0.0,1.0,0.0,0.0,177763.35,1
101168,Y?,637.0,Germany,Male,34.0,8.0,128097.18,,0.0,1.0,169428.88,0
101169,T'ang,794.0,Spain,Male,34.0,,,2.0,1.0,0.0,184974.49,0
101170,O'Brien,569.0,,Male,34.0,9.0,0.0,2.0,,1.0,,0
101171,Hilton,,Germany,Male,50.0,8.0,110645.71,1.0,,0.0,104030.42,1
101172,Y?,562.0,France,Male,41.0,1.0,0.0,,1.0,1.0,124508.29,0
101173,Calabrese,450.0,France,Female,37.0,4.0,0.0,2.0,1.0,0.0,60815.8,1
101174,P'eng,676.0,Germany,Male,35.0,4.0,128746.78,3.0,1.0,0.0,171392.18,1
101175,Chukwudi,778.0,France,Female,31.0,8.0,0.0,1.0,1.0,0.0,181429.87,1
101176,Johnston,682.0,France,Male,23.0,7.0,121231.45,1.0,1.0,1.0,52799.82,0
101177,Anderson,701.0,Spain,Male,32.0,5.0,,2.0,0.0,1.0,50829.38,0
101178,Gether,665.0,Germany,Male,49.0,6.0,85910.96,1.0,0.0,1.0,124962.72,0
101179,Clancy,594.0,Spain,Female,36.0,5.0,0.0,2.0,1.0,1.0,48212.33,0
101180,Hs?,637.0,France,Female,39.0,4.0,0.0,2.0,0.0,0.0,184162.72,1
101181,Lucchese,683.0,France,Female,33.0,6.0,144435.34,1.0,0.0,0.0,118318.6,0
101182,Krawczyk,553.0,Germany,Female,50.0,7.0,125920.61,1.0,0.0,0.0,137980.58,1
101183,Lucchesi,628.0,Germany,Female,39.0,3.0,102844.84,2.0,1.0,0.0,,1
101184,Pinto,669.0,France,Male,,5.0,0.0,2.0,1.0,1.0,85414.12,0
101185,Ibeabuchi,627.0,Spain,Male,34.0,1.0,0.0,2.0,1.0,0.0,161847.55,0
101186,Fenton,519.0,France,Female,34.0,10.0,0.0,2.0,,0.0,72478.64,1
101187,Neal,587.0,France,Female,42.0,6.0,0.0,2.0,1.0,0.0,120831.04,0
101188,Mazzi,659.0,France,Female,22.0,9.0,0.0,1.0,1.0,1.0,168945.2,0
101189,Ch'iu,742.0,France,Male,32.0,4.0,149405.18,1.0,1.0,1.0,,0
101190,Ndubueze,790.0,France,Male,18.0,1.0,0.0,2.0,0.0,1.0,16081.62,0
101191,Hsiung,670.0,Germany,Female,52.0,6.0,96347.87,1.0,1.0,0.0,81300.97,1
101192,Palerma,586.0,,Female,40.0,6.0,0.0,2.0,0.0,1.0,93536.56,0
101193,Nkemjika,688.0,Germany,Female,37.0,8.0,101679.78,2.0,1.0,1.0,198441.46,0
101194,Toscani,581.0,Spain,,36.0,2.0,123760.93,1.0,1.0,0.0,158044.09,0
101195,Beatham,,France,Female,29.0,5.0,0.0,2.0,1.0,1.0,192463.31,0
101196,Schiavone,726.0,Germany,Male,33.0,7.0,123544.03,2.0,1.0,0.0,91069.05,0
101197,Maclean,478.0,France,Female,57.0,9.0,0.0,1.0,1.0,0.0,172215.3,1
101198,Tsui,666.0,Germany,Male,26.0,6.0,137964.51,1.0,1.0,0.0,179435.29,0
101199,Chukwuemeka,751.0,France,Male,39.0,9.0,0.0,2.0,1.0,0.0,178038.17,0
101200,Johnson,768.0,Spain,Female,36.0,8.0,0.0,2.0,1.0,1.0,64725.1,0
101201,Tuan,539.0,France,Male,52.0,2.0,0.0,1.0,1.0,0.0,134863.95,1
101202,T'ao,,France,,41.0,5.0,0.0,2.0,0.0,1.0,33803.89,0
101203,Tuan,622.0,Spain,Female,53.0,7.0,0.0,,0.0,,187945.3,0
101204,Cremonesi,598.0,France,Male,56.0,4.0,0.0,1.0,1.0,1.0,177716.62,1
101205,Humphries,575.0,,Male,28.0,3.0,0.0,2.0,1.0,0.0,19059.61,0
101206,Ko,684.0,France,Male,43.0,9.0,0.0,2.0,0.0,0.0,50051.42,0
101207,H?,733.0,Spain,Female,51.0,1.0,0.0,1.0,1.0,0.0,156840.58,1
101208,Chukwuhaenye,670.0,,Male,32.0,7.0,0.0,2.0,1.0,1.0,41288.82,0
101209,Tu,615.0,Germany,Male,,2.0,136625.31,1.0,1.0,0.0,128420.32,1
101210,Cartwright,,France,Female,36.0,1.0,131778.6,1.0,1.0,1.0,170975.87,0
101211,T'ang,655.0,Spain,Female,44.0,5.0,0.0,2.0,0.0,1.0,5361.63,0
101212,Reilly,558.0,Germany,Female,49.0,6.0,136797.82,1.0,0.0,0.0,83677.89,1
101213,Ibezimako,623.0,France,Male,42.0,,,2.0,1.0,,159823.25,0
101214,Jennings,668.0,Germany,Male,39.0,6.0,144972.14,1.0,0.0,0.0,163147.99,1
101215,Hsueh,728.0,France,,35.0,5.0,,2.0,1.0,0.0,151871.84,0
101216,Smith,695.0,,Male,36.0,7.0,0.0,2.0,1.0,1.0,161222.32,0
101217,Hs?,678.0,France,Female,34.0,4.0,161083.87,2.0,0.0,,110835.56,0
101218,Davide,529.0,France,Female,63.0,5.0,0.0,2.0,1.0,1.0,17439.66,0
101219,Pisano,699.0,Spain,Male,,5.0,164229.09,3.0,1.0,0.0,183743.47,1
101220,T'ien,,France,Male,45.0,7.0,0.0,2.0,0.0,1.0,82964.26,0
101221,Eluemuno,661.0,France,Female,31.0,6.0,0.0,1.0,1.0,1.0,,1
101222,Fu,535.0,France,Female,48.0,,0.0,1.0,1.0,,84421.14,1
101223,Maclean,539.0,France,Female,35.0,6.0,0.0,2.0,1.0,0.0,157864.58,0
101224,Y?an,745.0,Spain,Female,49.0,5.0,125559.06,1.0,1.0,1.0,53910.33,0
101225,Nwabugwu,705.0,,Female,45.0,3.0,0.0,,1.0,,142961.94,0
101226,Udinese,642.0,France,Male,34.0,,0.0,2.0,1.0,0.0,129887.95,0
101227,Black,629.0,France,Male,31.0,4.0,0.0,,0.0,0.0,83084.13,0
101228,Ku,684.0,France,Male,42.0,10.0,0.0,,1.0,0.0,,0
101229,McEncroe,604.0,,Male,37.0,1.0,0.0,,1.0,0.0,51372.45,0
101230,Smith,588.0,France,Male,34.0,7.0,108130.41,2.0,1.0,1.0,103775.16,0
101231,Toscani,679.0,France,Male,32.0,2.0,0.0,2.0,1.0,0.0,175789.53,0
101232,Lombardo,687.0,France,Male,34.0,3.0,0.0,2.0,1.0,1.0,166687.81,0
101233,Hs?,538.0,France,Female,54.0,1.0,121258.04,1.0,,0.0,62701.89,1
101234,Pagnotto,752.0,France,Female,29.0,7.0,0.0,1.0,0.0,1.0,103382.68,1
101235,Baresi,594.0,Germany,Male,,7.0,103123.5,1.0,1.0,1.0,125870.62,0
101236,Watson,581.0,,Male,31.0,4.0,0.0,2.0,0.0,1.0,143635.36,0
101237,Okechukwu,572.0,Germany,Male,38.0,9.0,95556.31,1.0,1.0,0.0,104181.07,0
101238,Chiekwugo,581.0,France,,29.0,2.0,0.0,2.0,1.0,1.0,129964.75,0
101239,Smith,667.0,France,Female,38.0,8.0,0.0,2.0,1.0,1.0,34827.43,0
101240,Palerma,652.0,Germany,Female,39.0,0.0,154875.02,1.0,1.0,1.0,62383.59,0
101241,K'ung,629.0,France,Female,39.0,4.0,168420.78,1.0,,0.0,116447.87,0
101242,Y?an,648.0,Spain,Male,,5.0,0.0,2.0,1.0,1.0,102896.81,0
101243,Hsiao,773.0,France,,35.0,4.0,0.0,2.0,1.0,1.0,52318.14,0
101244,Mazzanti,749.0,France,Female,38.0,1.0,118520.26,1.0,1.0,0.0,143944.54,0
101245,T'ien,656.0,France,Male,37.0,9.0,0.0,,,1.0,143681.17,0
101246,Lettiere,811.0,France,Male,26.0,6.0,0.0,,1.0,,67067.69,0
101247,Miah,581.0,France,Male,62.0,7.0,122456.81,1.0,1.0,0.0,169952.82,1
101248,Tuan,690.0,Germany,Female,34.0,,89371.3,3.0,1.0,0.0,103809.1,1
101249,Genovese,846.0,France,Female,44.0,3.0,0.0,2.0,0.0,1.0,177635.06,0
101250,Hsieh,683.0,France,Male,38.0,10.0,123989.95,2.0,1.0,,58820.99,0
101251,Hsiung,693.0,France,Female,32.0,6.0,0.0,1.0,1.0,1.0,8989.3,0
101252,Shao,724.0,Spain,Female,39.0,10.0,0.0,1.0,1.0,1.0,167102.27,0
101253,Blue,632.0,France,Female,43.0,5.0,0.0,2.0,1.0,0.0,,1
101254,Zito,613.0,France,Male,43.0,5.0,0.0,1.0,1.0,0.0,,1
101255,Onyemauchechi,605.0,France,Female,44.0,7.0,0.0,,0.0,1.0,73964.75,0
101256,Palermo,768.0,Germany,,43.0,9.0,142214.95,1.0,1.0,1.0,1564.52,1
101257,Clements,562.0,Germany,Male,30.0,9.0,135050.53,2.0,1.0,1.0,134137.09,0
101258,Gidney,618.0,France,Male,31.0,7.0,0.0,1.0,1.0,0.0,162727.23,0
101259,Ifeatu,695.0,France,Female,34.0,6.0,140931.87,1.0,1.0,1.0,75683.7,0
101260,Pope,705.0,Spain,,26.0,1.0,0.0,2.0,,,173945.06,0
101261,T'ao,656.0,Spain,Male,67.0,8.0,0.0,1.0,1.0,1.0,163777.28,0
101262,Kennedy,586.0,,Male,34.0,1.0,152304.41,1.0,1.0,1.0,169891.82,0
101263,Uchechukwu,678.0,France,Female,,8.0,0.0,1.0,,,127193.69,0
101264,Cross,637.0,Germany,,52.0,4.0,123842.65,1.0,0.0,0.0,170175.18,1
101265,Tsao,598.0,,Male,36.0,7.0,0.0,2.0,1.0,1.0,,0
101266,H?,605.0,France,Female,33.0,5.0,0.0,,1.0,1.0,,0
101267,Harrison,781.0,Germany,,40.0,9.0,114752.15,1.0,1.0,0.0,128563.98,1
101268,Gebhart,633.0,Spain,,,7.0,0.0,2.0,0.0,0.0,120154.58,0
101269,Kornilova,705.0,Spain,Male,39.0,8.0,0.0,2.0,1.0,0.0,170968.83,0
101270,Palermo,646.0,Germany,Female,64.0,1.0,117961.88,1.0,1.0,0.0,175071.01,1
101271,Hsiao,668.0,France,Male,33.0,8.0,0.0,2.0,0.0,1.0,62850.28,0
101272,Akobundu,678.0,France,Male,81.0,3.0,0.0,2.0,1.0,1.0,174094.24,0
101273,Galkin,693.0,France,Male,48.0,7.0,0.0,1.0,1.0,0.0,104780.11,1
101274,Maclean,646.0,Germany,,33.0,6.0,124481.5,1.0,1.0,0.0,18091.48,1
101275,Shao,569.0,France,Female,33.0,7.0,,2.0,1.0,1.0,163480.22,0
101276,Udegbulam,619.0,Spain,Male,35.0,3.0,167735.42,1.0,1.0,0.0,118372.78,0
101277,Chijioke,,France,Male,63.0,9.0,0.0,1.0,1.0,0.0,176679.77,1
101278,Yao,571.0,Spain,Female,38.0,1.0,82786.46,2.0,0.0,1.0,138225.83,0
101279,Mistry,569.0,,Male,37.0,8.0,0.0,2.0,0.0,1.0,136009.29,0
101280,Genovesi,684.0,Germany,Female,37.0,4.0,131954.69,2.0,1.0,1.0,177733.76,0
101281,Aitken,723.0,France,Female,31.0,9.0,113348.27,1.0,1.0,1.0,175084.0,0
101282,Chukwuebuka,706.0,France,Female,48.0,7.0,,1.0,,0.0,177823.18,1
101283,Chidumaga,698.0,Spain,Female,51.0,6.0,152416.08,1.0,0.0,0.0,75164.49,0
101284,Bell,753.0,Spain,Male,46.0,,0.0,1.0,1.0,1.0,111133.66,0
101285,Chibueze,526.0,Spain,Male,32.0,6.0,109327.41,1.0,,1.0,91773.05,0
101286,K'ung,682.0,Germany,,35.0,7.0,,1.0,1.0,0.0,,0
101287,Ch'ang,678.0,Germany,Male,45.0,9.0,125925.21,1.0,1.0,0.0,161542.71,1
101288,McKenzie,641.0,Spain,Male,34.0,1.0,0.0,2.0,1.0,,58894.54,0
101289,Hsiung,699.0,France,Female,36.0,2.0,0.0,2.0,1.0,0.0,87400.52,0
101290,Nwachinemelu,771.0,Spain,Female,36.0,9.0,0.0,1.0,0.0,1.0,153038.27,0
101291,Fiorentino,638.0,France,Female,39.0,8.0,0.0,1.0,1.0,1.0,10209.88,0
101292,Ts'ai,686.0,Spain,Female,37.0,6.0,0.0,2.0,,,66003.15,0
101293,Hs?,618.0,France,Male,,7.0,0.0,1.0,1.0,0.0,149973.85,0
101294,Chukwumaobim,629.0,France,Male,38.0,4.0,127952.57,2.0,1.0,0.0,53736.92,0
101295,Hsia,731.0,France,Female,44.0,3.0,0.0,4.0,0.0,0.0,51554.58,0
101296,Cheng,572.0,Germany,Male,30.0,2.0,139104.55,1.0,0.0,1.0,92415.46,0
101297,Chidiebele,710.0,France,Female,24.0,5.0,0.0,2.0,1.0,1.0,86959.43,0
101298,Ch'ang,797.0,Spain,Male,33.0,2.0,0.0,2.0,1.0,,61213.54,0
101299,Chidubem,754.0,Germany,Female,,4.0,146722.04,1.0,1.0,1.0,164039.31,0
101300,Clements,702.0,Spain,Female,28.0,9.0,0.0,2.0,0.0,1.0,161450.33,0
101301,Onyenachiya,653.0,France,Male,46.0,,0.0,2.0,1.0,1.0,185547.71,0
101302,Hs?,716.0,Spain,Female,63.0,7.0,127636.29,1.0,0.0,,131822.39,0
101303,Ting,794.0,France,Male,33.0,6.0,0.0,2.0,1.0,0.0,,0
101304,Chiwetelu,682.0,France,Male,33.0,5.0,156338.34,1.0,0.0,1.0,126798.31,0
101305,Ch'eng,678.0,France,Male,44.0,4.0,0.0,1.0,0.0,1.0,173513.07,1
101306,Kuo,556.0,Germany,Female,38.0,2.0,,1.0,0.0,1.0,90903.17,0
101307,Wilhelm,619.0,France,Male,29.0,9.0,0.0,,1.0,0.0,123939.14,1
101308,Smith,,Germany,Female,47.0,1.0,116585.44,1.0,1.0,1.0,99854.35,1
101309,Ochoa,637.0,France,Male,46.0,2.0,106829.02,1.0,0.0,,133841.65,0
101310,Craig,676.0,France,Female,61.0,6.0,0.0,1.0,1.0,0.0,194002.23,1
101311,Trevisan,622.0,France,Male,34.0,1.0,0.0,1.0,0.0,,166650.32,0
101312,Clements,677.0,France,Male,28.0,,0.0,2.0,1.0,0.0,136356.97,0
101313,Ojiofor,684.0,,Female,38.0,8.0,,2.0,1.0,1.0,146723.72,0
101314,Chidumaga,841.0,France,Male,38.0,7.0,0.0,2.0,0.0,0.0,130837.98,1
101315,Genovese,575.0,France,Male,,9.0,0.0,2.0,1.0,1.0,162501.73,0
101316,Pirozzi,678.0,Germany,,39.0,6.0,86807.85,2.0,1.0,,129977.91,0
101317,Mitchell,,Spain,Female,41.0,3.0,0.0,2.0,1.0,1.0,103404.84,0
101318,Eluemuno,644.0,France,Female,27.0,6.0,152663.63,,0.0,0.0,58702.63,0
101319,Maclean,598.0,France,Male,26.0,4.0,152320.95,2.0,1.0,1.0,172741.16,0
101320,Onyemauchechukwu,705.0,France,Female,34.0,5.0,0.0,2.0,1.0,,178293.69,0
101321,Sun,619.0,France,Female,45.0,8.0,0.0,2.0,1.0,0.0,183537.38,0
101322,McElhone,725.0,France,Male,38.0,,,2.0,1.0,0.0,181422.0,0
101323,Wilson,597.0,Spain,Male,33.0,2.0,0.0,1.0,,0.0,46888.99,0
101324,Trevisani,699.0,,Female,,0.0,0.0,1.0,1.0,1.0,185008.79,0
101325,Zetticci,651.0,France,Male,41.0,3.0,0.0,2.0,1.0,,126537.56,0
101326,Yermolayev,678.0,Germany,Male,49.0,9.0,,1.0,1.0,0.0,164825.6,1
101327,Chinwenma,640.0,France,Female,38.0,1.0,116314.72,1.0,1.0,0.0,30464.35,0
101328,Dickson,521.0,France,Male,37.0,9.0,0.0,2.0,1.0,1.0,141230.07,0
101329,Nnachetam,850.0,France,Male,39.0,2.0,0.0,2.0,0.0,1.0,126102.69,0
101330,Aitken,632.0,France,Female,39.0,9.0,92348.99,1.0,1.0,1.0,155841.23,0
101331,Houghton,545.0,Spain,Male,42.0,5.0,0.0,2.0,0.0,1.0,176897.65,0
101332,Nkemdilim,715.0,France,,32.0,,0.0,2.0,,1.0,64807.78,0
101333,Hsueh,764.0,France,Female,26.0,1.0,104436.76,1.0,0.0,1.0,109057.9,0
101334,Iweobiegbunam,677.0,France,Male,38.0,7.0,0.0,2.0,0.0,1.0,11982.59,0
101335,Maclean,705.0,France,Male,54.0,10.0,0.0,1.0,0.0,1.0,125848.02,1
101336,Nnamutaezinwa,710.0,France,Male,32.0,,0.0,2.0,1.0,0.0,196875.87,0
101337,L?,748.0,Germany,Male,40.0,6.0,129840.01,1.0,1.0,0.0,117970.54,0
101338,Milne,562.0,France,Female,37.0,1.0,0.0,,1.0,1.0,113613.46,0
101339,Lettiere,593.0,Germany,Female,45.0,5.0,,1.0,1.0,0.0,2917.97,0
101340,Pankhurst,705.0,Spain,Female,24.0,7.0,109724.1,2.0,1.0,0.0,174237.46,0
101341,Ch'iu,715.0,Spain,Male,42.0,2.0,,2.0,1.0,0.0,93749.65,0
101342,Macleod,738.0,France,Female,40.0,7.0,0.0,2.0,1.0,0.0,103379.89,1
101343,Ch'ang,667.0,Spain,Female,25.0,5.0,,2.0,,1.0,27474.62,0
101344,Pagnotto,662.0,Spain,Male,43.0,9.0,166190.55,2.0,1.0,0.0,78942.83,0
101345,Shih,641.0,Spain,Male,35.0,2.0,112028.91,2.0,0.0,1.0,38833.27,0
101346,Warner,662.0,France,Male,32.0,5.0,145839.72,1.0,1.0,1.0,141555.98,0
101347,Okwudilichukwu,554.0,France,Female,29.0,1.0,0.0,2.0,0.0,1.0,,0
101348,Sparks,705.0,France,Male,36.0,6.0,137691.66,1.0,0.0,1.0,147921.83,0
101349,Ozioma,677.0,Germany,Male,,2.0,132044.6,1.0,1.0,0.0,183394.78,1
101350,Chuang,577.0,France,Male,,2.0,0.0,2.0,1.0,1.0,93569.57,0
101351,Tseng,556.0,France,Male,29.0,2.0,123784.57,1.0,1.0,0.0,82649.98,0
101352,Tretiakova,628.0,Germany,Male,51.0,8.0,118917.69,1.0,1.0,0.0,50878.85,1
101353,Heath,663.0,France,Female,39.0,0.0,132893.64,1.0,1.0,0.0,142254.42,1
101354,Ting,713.0,France,Female,30.0,8.0,0.0,2.0,1.0,0.0,86778.0,0
101355,Biryukov,705.0,,Male,30.0,9.0,128743.8,1.0,1.0,1.0,94525.26,0
101356,Lazareva,707.0,France,,35.0,0.0,0.0,2.0,1.0,0.0,85934.93,0
101357,Dike,706.0,France,Male,28.0,5.0,0.0,2.0,1.0,1.0,71239.25,0
101358,Hsiao,556.0,France,,32.0,9.0,0.0,2.0,1.0,1.0,157858.66,0
101359,Robe,705.0,France,Male,37.0,8.0,0.0,1.0,1.0,,131540.73,0
101360,Nnachetam,645.0,,Female,44.0,9.0,0.0,2.0,1.0,1.0,186859.95,0
101361,Manna,755.0,Spain,,,0.0,0.0,2.0,1.0,0.0,36266.38,0
101362,McIntosh,624.0,Germany,Male,26.0,6.0,122031.3,2.0,1.0,0.0,,0
101363,Ojiofor,699.0,Spain,Male,37.0,2.0,0.0,2.0,0.0,0.0,71135.88,0
101364,Hao,543.0,France,Male,48.0,9.0,73045.81,1.0,1.0,0.0,191649.83,1
101365,Groom,565.0,France,Male,47.0,7.0,155606.8,1.0,,1.0,74850.96,0
101366,Brown,551.0,France,Male,27.0,10.0,88863.48,1.0,,0.0,22916.58,0
101367,Gray,850.0,,Female,46.0,2.0,137831.35,1.0,1.0,0.0,162823.93,0
101368,Piazza,659.0,Spain,Male,37.0,3.0,0.0,2.0,1.0,0.0,,0
101369,Onyekachi,696.0,France,Female,38.0,4.0,0.0,1.0,1.0,0.0,13567.71,1
101370,Kruglov,621.0,Spain,Male,27.0,9.0,0.0,1.0,1.0,1.0,131367.28,0
101371,Bergamaschi,793.0,,Female,37.0,9.0,123975.43,1.0,1.0,0.0,110853.88,1
101372,T'ien,637.0,Germany,Female,47.0,7.0,141280.17,1.0,1.0,0.0,162699.72,1
101373,Niu,667.0,Germany,Female,38.0,3.0,154560.49,2.0,,1.0,81475.17,0
101374,Warner,693.0,Spain,Female,24.0,5.0,0.0,,1.0,1.0,72355.2,0
101375,Galkin,714.0,France,,33.0,5.0,0.0,2.0,1.0,1.0,17095.49,0
101376,Onyemere,712.0,Germany,Female,37.0,1.0,106919.98,2.0,0.0,0.0,49130.68,0
101377,Steele,663.0,France,Female,30.0,9.0,0.0,2.0,1.0,1.0,167525.12,0
101378,Mistry,613.0,Germany,Female,31.0,2.0,133040.6,1.0,0.0,,143619.52,1
101379,Genovese,,Spain,Male,36.0,9.0,0.0,1.0,1.0,1.0,140742.67,0
101380,Chidubem,573.0,Spain,Female,49.0,7.0,110005.95,2.0,1.0,0.0,68589.05,0
101381,Udinese,639.0,France,Female,45.0,3.0,0.0,,1.0,1.0,147988.18,1
101382,Okwudiliolisa,726.0,Spain,Male,44.0,8.0,0.0,1.0,1.0,,,0
101383,Hsueh,744.0,Spain,,35.0,1.0,102814.24,1.0,1.0,0.0,117498.11,1
101384,Ritchie,652.0,Germany,Female,41.0,,114491.45,2.0,,1.0,183494.97,0
101385,Toscani,,France,Female,29.0,1.0,0.0,2.0,1.0,0.0,,0
101386,Hsiung,571.0,Spain,Female,38.0,5.0,0.0,2.0,1.0,0.0,67625.7,0
101387,Galkin,673.0,Spain,Male,32.0,3.0,142404.69,1.0,1.0,1.0,62976.86,0
101388,Ch'ang,681.0,Germany,Male,29.0,9.0,140258.99,3.0,0.0,0.0,,1
101389,Massie,675.0,France,Male,44.0,3.0,0.0,2.0,1.0,1.0,171045.31,0
101390,Gboliwe,718.0,Germany,Female,43.0,5.0,120284.25,4.0,1.0,0.0,99035.22,1
101391,Ting,667.0,Germany,Female,44.0,7.0,138777.79,1.0,1.0,,71379.92,0
101392,Chibueze,653.0,France,Male,57.0,6.0,180161.97,1.0,1.0,0.0,115811.25,1
101393,Mironova,778.0,France,Male,40.0,6.0,0.0,2.0,1.0,0.0,179634.8,0
101394,Chiang,619.0,France,Male,57.0,6.0,0.0,1.0,1.0,1.0,93959.75,1
101395,T'ien,617.0,Germany,Male,37.0,2.0,134498.54,1.0,1.0,0.0,54285.47,0
101396,Chidiebele,633.0,Spain,Female,49.0,5.0,0.0,1.0,1.0,1.0,179693.78,1
101397,T'ien,699.0,Spain,,51.0,1.0,92406.88,1.0,1.0,0.0,131675.62,1
101398,Onyekaozulu,619.0,Germany,Female,46.0,6.0,122455.74,1.0,1.0,0.0,122581.76,1
101399,Chukwuemeka,633.0,France,Female,30.0,6.0,0.0,2.0,0.0,0.0,96615.82,0
101400,Ifeatu,608.0,Germany,Male,34.0,2.0,103907.55,2.0,1.0,0.0,146655.15,0
101401,Zito,549.0,Germany,Male,41.0,6.0,115227.56,2.0,1.0,0.0,136878.42,0
101402,P'eng,,Spain,,37.0,3.0,0.0,2.0,0.0,0.0,143631.53,0
101403,Uchenna,633.0,France,Male,40.0,5.0,0.0,2.0,,0.0,161465.31,0
101404,Chukwuebuka,773.0,France,Female,40.0,5.0,130690.56,2.0,1.0,1.0,194889.25,0
101405,Ma,657.0,Spain,Female,,8.0,0.0,2.0,0.0,0.0,,0
101406,Onyemauchechukwu,,Germany,Female,56.0,8.0,152085.89,1.0,1.0,0.0,176712.59,1
101407,Yermakova,662.0,France,,,3.0,0.0,2.0,1.0,0.0,95863.35,0
101408,Ugochukwu,598.0,France,Female,42.0,3.0,83746.67,,0.0,0.0,187537.61,0
101409,Lu,605.0,Spain,Female,30.0,10.0,0.0,2.0,1.0,1.0,16285.49,0
101410,Miah,763.0,Spain,Female,47.0,8.0,0.0,2.0,1.0,0.0,126761.9,0
101411,Brazenor,525.0,France,Female,46.0,7.0,0.0,3.0,1.0,0.0,131293.2,1
101412,Onyemauchechi,671.0,Spain,Male,47.0,3.0,0.0,1.0,1.0,0.0,,1
101413,Lu,712.0,Germany,Female,48.0,,91857.72,1.0,1.0,0.0,134747.24,1
101414,DeRose,757.0,France,Male,31.0,4.0,0.0,2.0,1.0,1.0,57594.27,0
101415,Binder,567.0,Germany,Female,28.0,3.0,,1.0,1.0,1.0,74691.88,0
101416,Kambinachi,747.0,France,Female,,3.0,0.0,2.0,1.0,1.0,135862.0,0
101417,Chukwuemeka,711.0,France,Male,32.0,6.0,0.0,2.0,1.0,1.0,131776.32,0
101418,Watt,576.0,France,Female,34.0,9.0,126568.73,1.0,0.0,1.0,17121.34,0
101419,Kao,684.0,Spain,Male,61.0,7.0,,2.0,1.0,1.0,,0
101420,Tsai,652.0,France,Female,35.0,,0.0,1.0,1.0,0.0,49839.89,1
101421,Manna,604.0,France,Male,37.0,7.0,0.0,2.0,1.0,1.0,57975.8,0
101422,Yudina,637.0,France,Female,36.0,1.0,0.0,2.0,0.0,1.0,160587.57,0
101423,Chidimma,703.0,France,Female,,4.0,0.0,3.0,1.0,0.0,178571.64,1
101424,Palermo,619.0,France,Male,25.0,7.0,113168.86,2.0,1.0,1.0,132750.32,0
101425,Lu,718.0,France,Male,40.0,4.0,0.0,2.0,1.0,1.0,164162.44,0
101426,Kao,634.0,France,Male,34.0,2.0,0.0,2.0,1.0,1.0,93716.35,0
101427,De Luca,669.0,Germany,Female,40.0,9.0,122453.97,1.0,1.0,0.0,78539.44,1
101428,Onwuamaeze,642.0,France,Female,,2.0,0.0,2.0,0.0,1.0,185411.77,0
101429,Walker,637.0,,,35.0,9.0,152261.29,2.0,1.0,0.0,,0
101430,Liao,,,Male,49.0,2.0,161646.72,2.0,1.0,0.0,,1
101431,White,586.0,France,Male,,0.0,83340.78,1.0,,1.0,,0
101432,Polyakova,,France,Male,33.0,5.0,0.0,2.0,0.0,,172097.4,0
101433,Soubeiran,653.0,France,Male,43.0,7.0,0.0,1.0,1.0,0.0,85646.91,1
101434,Nwebube,754.0,Germany,Male,39.0,5.0,96654.59,2.0,1.0,1.0,171774.0,0
101435,Chiawuotu,584.0,Germany,Male,38.0,9.0,,1.0,1.0,0.0,173870.39,1
101436,Hsueh,705.0,France,Male,,4.0,0.0,2.0,1.0,0.0,93332.89,0
101437,Teng,678.0,France,Male,33.0,2.0,151732.13,1.0,1.0,0.0,115147.15,0
101438,Genovese,599.0,France,Male,30.0,,0.0,2.0,1.0,0.0,1849.0,0
101439,Clements,840.0,France,Male,38.0,8.0,139859.54,1.0,1.0,0.0,169964.19,0
101440,Eluemuno,515.0,France,,64.0,5.0,107933.23,1.0,0.0,0.0,174844.87,1
101441,Patterson,581.0,France,Male,50.0,7.0,0.0,,1.0,0.0,106040.87,0
101442,Bage,543.0,France,Male,34.0,10.0,,2.0,,0.0,122964.18,0
101443,Crawford,594.0,France,,38.0,,138459.1,1.0,1.0,0.0,81303.18,0
101444,Iadanza,762.0,Germany,Male,41.0,5.0,124450.13,2.0,1.0,1.0,97384.09,0
101445,Kesteven,521.0,France,Male,30.0,6.0,0.0,2.0,0.0,1.0,134564.26,0
101446,Hughes,832.0,Germany,Female,36.0,2.0,113149.2,2.0,1.0,1.0,,1
101447,Chinomso,651.0,Germany,Female,48.0,9.0,118879.35,1.0,1.0,0.0,153388.35,1
101448,Ts'ao,673.0,France,Male,26.0,3.0,0.0,2.0,0.0,0.0,131501.72,0
101449,Hsueh,521.0,France,Female,45.0,6.0,,2.0,1.0,0.0,122615.14,1
101450,Iadanza,586.0,France,Male,35.0,1.0,103621.38,1.0,0.0,0.0,7760.57,1
101451,Fomin,607.0,France,Male,40.0,8.0,123315.06,1.0,,0.0,96825.15,0
101452,T'ien,815.0,Germany,Female,48.0,8.0,141308.89,1.0,1.0,,61792.76,1
101453,P'eng,732.0,Spain,Female,29.0,4.0,,2.0,1.0,0.0,,0
101454,Nwankwo,707.0,France,Male,48.0,3.0,0.0,2.0,1.0,0.0,71638.16,0
101455,Martin,629.0,France,Male,27.0,3.0,83768.73,1.0,1.0,1.0,136985.76,0
101456,Hsueh,679.0,France,Male,47.0,8.0,0.0,1.0,1.0,1.0,91936.08,1
101457,Nwachinemelu,708.0,France,,34.0,7.0,0.0,2.0,,0.0,163560.63,0
101458,Chin,713.0,France,Male,30.0,,0.0,2.0,0.0,0.0,109146.09,0
101459,Nwankwo,632.0,France,Male,24.0,1.0,0.0,2.0,1.0,1.0,101236.42,0
101460,Chidiebere,648.0,France,Female,,5.0,0.0,2.0,1.0,1.0,66776.53,1
101461,Ch'iu,686.0,France,Male,33.0,6.0,0.0,2.0,1.0,0.0,47789.19,0
101462,Ugochukwu,584.0,France,Female,28.0,8.0,0.0,2.0,,0.0,130860.17,0
101463,Wilson,716.0,France,Female,36.0,5.0,132581.04,1.0,1.0,0.0,,0
101464,Efremov,,France,Female,47.0,9.0,93701.05,1.0,1.0,0.0,152167.04,1
101465,P'eng,607.0,Spain,Male,49.0,3.0,,1.0,1.0,0.0,113675.85,1
101466,Hsieh,569.0,Spain,Male,25.0,4.0,0.0,,1.0,0.0,123757.06,0
101467,Cameron,763.0,Germany,Male,50.0,3.0,115306.23,1.0,1.0,0.0,146717.91,1
101468,Genovese,632.0,France,Female,36.0,8.0,0.0,2.0,1.0,1.0,66397.37,0
101469,Chidimma,597.0,Germany,Male,37.0,3.0,154469.95,2.0,1.0,0.0,91573.19,0
101470,Haugh,590.0,Spain,Male,42.0,6.0,0.0,2.0,1.0,0.0,153025.92,0
101471,Nnaife,725.0,France,Female,60.0,4.0,0.0,1.0,1.0,1.0,52865.1,0
101472,Tipton,667.0,France,Male,,2.0,137967.1,1.0,0.0,0.0,166614.56,0
101473,Zaytseva,,France,Female,35.0,6.0,0.0,2.0,1.0,1.0,38766.67,0
101474,Whitehead,687.0,,Male,43.0,5.0,121433.59,1.0,0.0,1.0,146280.8,0
101475,Trevisano,773.0,Spain,Male,29.0,3.0,129326.64,2.0,1.0,1.0,76056.99,0
101476,Tsou,,France,Female,27.0,4.0,0.0,2.0,1.0,0.0,65869.69,0
101477,Nwankwo,753.0,France,Female,34.0,4.0,0.0,2.0,0.0,0.0,141914.64,1
101478,Nucci,705.0,France,Male,33.0,8.0,110934.54,,1.0,0.0,199312.16,0
101479,Rizzo,850.0,France,Male,47.0,4.0,141630.88,2.0,1.0,1.0,130148.03,0
101480,Riggs,747.0,France,Female,59.0,9.0,0.0,1.0,1.0,0.0,157944.88,1
101481,Chibugo,656.0,Spain,Male,45.0,10.0,0.0,1.0,1.0,0.0,124044.83,1
101482,Nwankwo,760.0,Spain,Female,43.0,6.0,202368.04,2.0,1.0,0.0,167549.96,1
101483,Shih,670.0,Spain,Female,43.0,,147950.91,1.0,0.0,1.0,82087.59,0
101484,Bogle,678.0,France,Male,37.0,1.0,0.0,1.0,1.0,0.0,171060.01,1
101485,Trevisani,786.0,France,Male,34.0,9.0,0.0,2.0,1.0,,80096.54,0
101486,Udokamma,655.0,France,Female,61.0,3.0,0.0,2.0,1.0,1.0,61760.13,0
101487,Chigozie,645.0,France,Female,,7.0,136424.54,1.0,1.0,0.0,192699.83,0
101488,Onwuamaeze,592.0,Spain,Male,43.0,1.0,0.0,2.0,1.0,1.0,62770.93,0
101489,McGregor,,,Male,34.0,9.0,150945.33,2.0,1.0,0.0,71425.06,0
101490,Ni,576.0,Spain,Male,32.0,9.0,0.0,1.0,1.0,,115236.6,0
101491,Ritchie,790.0,France,Female,38.0,6.0,125532.05,2.0,1.0,0.0,84870.23,0
101492,Hsing,527.0,France,Male,29.0,6.0,,2.0,1.0,1.0,62347.71,0
101493,Skelton,732.0,France,Female,42.0,9.0,108279.72,,1.0,1.0,183275.73,0
101494,Fanucci,686.0,France,Female,38.0,2.0,62280.2,2.0,0.0,1.0,93173.31,0
101495,Teng,582.0,France,,29.0,9.0,0.0,2.0,,0.0,141069.24,0
101496,Ts'ai,644.0,France,Female,54.0,5.0,76116.6,1.0,1.0,0.0,116191.17,1
101497,Chuang,542.0,France,Female,38.0,2.0,0.0,2.0,0.0,1.0,25442.5,0
101498,Yancy,710.0,France,Male,54.0,7.0,0.0,1.0,0.0,0.0,55921.44,1
101499,Paterson,551.0,France,Male,29.0,6.0,0.0,1.0,1.0,1.0,172096.79,0
101500,Lo Duca,841.0,France,Female,43.0,5.0,0.0,2.0,1.0,1.0,49825.96,0
101501,Ibezimako,614.0,,Male,44.0,,96151.07,1.0,1.0,0.0,101706.95,0
101502,Hsing,616.0,Germany,Female,40.0,8.0,,2.0,1.0,1.0,71532.46,0
101503,T'ao,741.0,France,,29.0,8.0,0.0,2.0,1.0,,126475.78,0
101504,Baresi,718.0,Spain,Female,35.0,5.0,0.0,2.0,0.0,0.0,163419.32,0
101505,Pai,474.0,France,,44.0,,0.0,2.0,1.0,0.0,63736.05,0
101506,Nnonso,682.0,France,Female,47.0,5.0,0.0,1.0,,0.0,47334.76,1
101507,Chiu,,,Female,40.0,4.0,125552.01,1.0,0.0,1.0,93032.44,0
101508,T'ien,648.0,France,Female,26.0,5.0,108454.95,1.0,1.0,0.0,193630.35,0
101509,Kao,590.0,Germany,Female,40.0,5.0,121356.35,1.0,1.0,0.0,192735.87,1
101510,Ku,669.0,France,Male,30.0,7.0,0.0,1.0,1.0,0.0,166886.34,0
101511,Torkelson,474.0,France,Male,36.0,5.0,0.0,2.0,1.0,1.0,59905.1,0
101512,Tsao,,France,Male,33.0,8.0,,2.0,1.0,0.0,127535.03,0
101513,Lu,,France,Female,39.0,2.0,135944.92,1.0,1.0,1.0,133038.75,0
101514,Onyeoruru,531.0,Spain,Female,47.0,,146756.63,2.0,1.0,0.0,110455.43,1
101515,Hsueh,694.0,Spain,Male,32.0,2.0,0.0,1.0,1.0,1.0,79076.55,0
101516,Chiemenam,584.0,Germany,Female,67.0,5.0,115237.94,2.0,1.0,1.0,105398.23,1
101517,Trevisano,624.0,Spain,Male,38.0,6.0,0.0,2.0,,0.0,143921.34,0
101518,Iweobiegbunam,449.0,France,Male,40.0,9.0,131316.97,1.0,0.0,1.0,81458.81,0
101519,P'eng,667.0,Spain,Female,35.0,1.0,140584.89,2.0,1.0,0.0,136054.45,0
101520,Onyemere,661.0,Spain,Male,31.0,9.0,145978.67,1.0,0.0,0.0,89032.27,0
101521,Okoli,554.0,Germany,Male,49.0,8.0,134937.99,1.0,1.0,0.0,137033.45,1
101522,Ts'ui,706.0,,Male,39.0,3.0,0.0,2.0,1.0,0.0,178375.42,0
101523,Hsing,850.0,France,Male,43.0,4.0,0.0,,,,,0
101524,Nnamutaezinwa,705.0,Germany,Female,39.0,6.0,119725.16,1.0,1.0,,77962.73,1
101525,Ch'in,678.0,Spain,Female,33.0,10.0,0.0,2.0,1.0,1.0,189503.82,0
101526,Onwumelu,633.0,,Male,34.0,9.0,0.0,2.0,0.0,0.0,106139.84,0
101527,Manna,608.0,,Male,41.0,0.0,117553.07,2.0,1.0,1.0,181599.97,0
101528,Zhdanova,652.0,Spain,Male,42.0,9.0,0.0,2.0,0.0,0.0,,0
101529,Hsia,639.0,,Male,44.0,,0.0,2.0,0.0,0.0,182794.02,0
101530,Otitodilichukwu,593.0,France,Male,41.0,9.0,0.0,1.0,1.0,1.0,162784.84,1
101531,Nwachinemelu,754.0,Spain,Male,44.0,0.0,0.0,2.0,1.0,,119681.66,0
101532,Efimov,559.0,Spain,Female,43.0,3.0,0.0,2.0,0.0,0.0,99995.84,0
101533,Sagese,706.0,Germany,Male,31.0,1.0,137910.48,2.0,1.0,1.0,170134.71,0
101534,Fomin,634.0,Germany,,,1.0,145998.5,1.0,0.0,0.0,1454.91,0
101535,Torkelson,703.0,France,Female,40.0,1.0,0.0,2.0,,0.0,167636.15,0
101536,Hsiao,722.0,,Female,26.0,,87796.24,1.0,1.0,1.0,177698.94,1
101537,Robinson,715.0,Germany,Male,40.0,8.0,93590.81,1.0,1.0,1.0,179878.06,1
101538,Nkemakolam,705.0,France,Male,,1.0,96862.83,,1.0,,171421.23,0
101539,De Salis,,,Male,38.0,5.0,147733.22,1.0,1.0,1.0,149536.15,0
101540,Ritchie,728.0,Germany,Female,33.0,6.0,129415.25,1.0,1.0,0.0,18869.24,1
101541,Goliwe,635.0,France,Female,28.0,2.0,0.0,,0.0,1.0,17898.47,0
101542,Pirozzi,655.0,France,Male,30.0,3.0,,1.0,1.0,1.0,136834.56,0
101543,Lettiere,667.0,France,Female,27.0,7.0,0.0,2.0,1.0,1.0,170968.6,0
101544,Tsou,590.0,France,Female,40.0,,0.0,1.0,1.0,1.0,176623.77,0
101545,Chinweike,655.0,,Male,41.0,5.0,90575.51,1.0,1.0,0.0,12072.61,0
101546,Tung,545.0,France,Male,35.0,1.0,0.0,2.0,1.0,1.0,142336.08,0
101547,Fanucci,778.0,Germany,Male,35.0,9.0,127785.46,2.0,1.0,1.0,133682.24,0
101548,Milani,650.0,France,Female,,8.0,129392.49,4.0,1.0,0.0,,1
101549,Chukwudi,612.0,France,Male,43.0,3.0,,1.0,1.0,1.0,132022.68,1
101550,Dickson,703.0,France,Female,26.0,5.0,0.0,2.0,1.0,1.0,125082.62,0
101551,Fang,675.0,Spain,Male,39.0,8.0,157795.6,2.0,0.0,0.0,154868.02,0
101552,Murray,642.0,Germany,Male,67.0,5.0,142278.92,2.0,,1.0,23807.04,0
101553,Milani,644.0,Spain,Female,30.0,5.0,121392.1,1.0,0.0,1.0,62084.46,0
101554,Ndubueze,582.0,Germany,Female,44.0,7.0,157956.21,1.0,0.0,0.0,91064.86,1
101555,Wade,,Spain,Male,32.0,8.0,83382.69,2.0,0.0,0.0,120011.87,0
101556,Pagnotto,850.0,France,Male,,6.0,0.0,2.0,1.0,0.0,48378.4,0
101557,Lucchese,721.0,France,Male,34.0,,0.0,1.0,1.0,0.0,94726.72,0
101558,Yefimova,667.0,Germany,Female,32.0,7.0,,1.0,1.0,0.0,138248.74,0
101559,Shaffer,599.0,Germany,Male,32.0,9.0,102549.2,2.0,0.0,1.0,102916.33,0
101560,Nwabugwu,584.0,France,Male,44.0,5.0,0.0,,1.0,1.0,27885.66,0
101561,Bage,741.0,France,Male,25.0,7.0,0.0,1.0,1.0,0.0,67739.96,1
101562,Hsieh,679.0,France,Female,,6.0,181335.42,1.0,1.0,0.0,83430.49,0
101563,Hsia,682.0,Spain,Male,36.0,8.0,0.0,1.0,1.0,0.0,9300.81,0
101564,Williams,715.0,France,Male,41.0,9.0,0.0,,1.0,1.0,92748.33,0
101565,Chukwumaobim,744.0,France,Male,,10.0,133967.89,1.0,0.0,1.0,113557.71,0
101566,Chinedum,729.0,France,Female,44.0,7.0,0.0,2.0,1.0,0.0,181780.79,1
101567,Grosse,733.0,France,Male,30.0,7.0,138796.96,1.0,1.0,1.0,82797.14,0
101568,Shao,678.0,France,Male,33.0,5.0,0.0,2.0,1.0,0.0,57942.38,0
101569,Davison,706.0,France,Female,22.0,3.0,0.0,2.0,1.0,0.0,187800.61,0
101570,Creswell,,France,Female,48.0,4.0,0.0,1.0,0.0,0.0,148884.17,1
101571,O'Donnell,786.0,France,Male,37.0,2.0,110528.07,,1.0,1.0,180953.18,0
101572,Hsueh,705.0,Germany,Male,30.0,1.0,148843.95,1.0,1.0,0.0,192127.22,1
101573,Chia,706.0,France,Female,,9.0,0.0,,0.0,0.0,178709.98,0
101574,Onwuamaeze,671.0,France,Female,29.0,4.0,0.0,2.0,1.0,1.0,73225.31,0
101575,Napolitani,577.0,France,Female,41.0,4.0,0.0,2.0,1.0,1.0,60045.1,0
101576,Dickinson,526.0,Spain,Female,38.0,7.0,158358.34,1.0,1.0,0.0,68994.39,0
101577,Folliero,598.0,France,Male,38.0,5.0,0.0,2.0,1.0,0.0,166632.45,0
101578,Davidson,656.0,Germany,Male,,8.0,139181.0,1.0,1.0,1.0,138346.94,0
101579,Ch'en,582.0,,Female,40.0,6.0,126194.2,3.0,1.0,1.0,156468.47,1
101580,Yeh,755.0,France,Female,42.0,7.0,147526.04,1.0,,0.0,66475.52,1
101581,Yegorova,532.0,France,,52.0,4.0,85845.47,1.0,1.0,1.0,97708.18,0
101582,Olejuru,520.0,Spain,,29.0,3.0,0.0,2.0,0.0,1.0,175683.91,0
101583,Milano,492.0,Germany,Female,40.0,10.0,,1.0,1.0,0.0,158906.78,1
101584,Ting,614.0,Spain,Female,34.0,3.0,0.0,1.0,,0.0,15201.78,0
101585,Clements,587.0,Germany,Female,36.0,1.0,100513.93,2.0,1.0,1.0,79176.21,0
101586,Ndubuagha,582.0,France,Male,44.0,4.0,0.0,2.0,1.0,0.0,119355.02,0
101587,Greathouse,726.0,France,Female,35.0,2.0,0.0,2.0,1.0,0.0,86937.2,0
101588,Pirozzi,663.0,,Female,37.0,6.0,0.0,2.0,1.0,0.0,138479.68,0
101589,Teng,672.0,France,Female,46.0,8.0,0.0,2.0,1.0,0.0,,0
101590,Nwankwo,525.0,Spain,Male,42.0,4.0,,2.0,1.0,0.0,80130.54,0
101591,Iweobiegbunam,676.0,Germany,Male,34.0,2.0,138456.97,1.0,1.0,1.0,189376.96,0
101592,Chidimma,571.0,France,Female,37.0,,0.0,2.0,1.0,0.0,151169.9,0
101593,H?,687.0,France,Female,35.0,8.0,154970.06,1.0,0.0,1.0,117027.21,0
101594,Palazzi,689.0,France,Female,41.0,8.0,0.0,1.0,1.0,0.0,112332.93,1
101595,Kerr,575.0,Spain,Male,46.0,6.0,0.0,1.0,1.0,1.0,4515.02,0
101596,P'eng,666.0,France,Male,33.0,2.0,0.0,2.0,0.0,1.0,112104.55,0
101597,Macleod,607.0,France,Male,60.0,3.0,0.0,1.0,0.0,0.0,144434.91,1
101598,Bibi,662.0,Germany,Male,29.0,10.0,105776.69,1.0,1.0,1.0,138051.28,0
101599,Chiemenam,606.0,France,Female,46.0,2.0,119011.43,,1.0,0.0,112953.12,0
101600,Y?an,531.0,France,Female,40.0,7.0,0.0,1.0,1.0,1.0,162641.79,1
101601,Hsia,775.0,France,Female,39.0,9.0,0.0,1.0,0.0,0.0,167553.06,1
101602,Frolov,829.0,France,Female,40.0,2.0,95513.04,1.0,1.0,,199480.29,0
101603,Linger,549.0,France,Female,37.0,1.0,152816.67,1.0,1.0,0.0,152817.18,1
101604,Ibezimako,557.0,France,Male,31.0,3.0,85765.64,1.0,1.0,,177852.24,0
101605,Hsia,585.0,Spain,Male,35.0,0.0,80403.17,1.0,0.0,,94433.85,1
101606,Chimaijem,611.0,France,Male,31.0,2.0,0.0,2.0,1.0,1.0,77414.45,0
101607,Ndubueze,725.0,France,Female,35.0,6.0,119003.2,1.0,1.0,0.0,102327.4,1
101608,Wright,758.0,Germany,Female,30.0,1.0,152269.37,1.0,1.0,0.0,183336.12,0
101609,Hargreaves,651.0,Spain,Male,31.0,4.0,0.0,2.0,1.0,0.0,53477.76,0
101610,Douglas,556.0,Spain,Female,42.0,4.0,0.0,1.0,1.0,0.0,135634.78,1
101611,Walker,659.0,France,Female,36.0,6.0,0.0,1.0,1.0,0.0,89954.06,0
101612,Cattaneo,629.0,France,Male,37.0,7.0,0.0,2.0,0.0,1.0,125936.75,0
101613,McDavid,627.0,France,Female,61.0,2.0,0.0,2.0,1.0,,171038.88,0
101614,Milne,648.0,France,Male,39.0,8.0,0.0,2.0,1.0,1.0,,0
101615,Onyekaozulu,663.0,France,Female,47.0,5.0,0.0,1.0,1.0,1.0,161440.83,0
101616,Okonkwo,686.0,Spain,Female,33.0,5.0,0.0,2.0,1.0,,19282.97,0
101617,Ch'en,696.0,France,Female,,7.0,0.0,2.0,0.0,0.0,71366.99,0
101618,Oluchi,731.0,France,,35.0,10.0,0.0,2.0,1.0,1.0,164075.68,0
101619,Yobachi,585.0,,Male,32.0,10.0,110202.46,2.0,1.0,0.0,176755.37,0
101620,Okonkwo,656.0,Germany,Female,36.0,4.0,120790.11,2.0,1.0,0.0,,0
101621,L?,753.0,France,Male,35.0,1.0,0.0,2.0,1.0,1.0,160129.99,0
101622,Nkemdilim,723.0,France,Male,45.0,10.0,0.0,,1.0,1.0,149991.32,0
101623,Chinwemma,696.0,Germany,Female,46.0,6.0,,1.0,1.0,0.0,50825.84,1
101624,Y?an,543.0,Spain,Female,38.0,2.0,0.0,2.0,0.0,0.0,171721.3,0
101625,Hsiung,,France,Female,60.0,2.0,0.0,2.0,1.0,1.0,75884.65,0
101626,Shih,511.0,France,Female,33.0,6.0,92693.27,1.0,1.0,1.0,,0
101627,Ch'ien,583.0,France,Male,33.0,3.0,0.0,2.0,0.0,0.0,12096.24,0
101628,Heller,612.0,Germany,Male,,9.0,143962.81,2.0,1.0,1.0,126811.06,0
101629,Sagese,631.0,Spain,Female,36.0,10.0,99232.73,2.0,1.0,0.0,132811.87,0
101630,Nnonso,593.0,France,Female,42.0,3.0,0.0,1.0,0.0,1.0,77684.95,1
101631,Carter,686.0,Spain,Male,36.0,7.0,61636.97,1.0,,1.0,51338.87,0
101632,Kudryashova,622.0,France,Female,,4.0,0.0,2.0,1.0,0.0,164104.28,1
101633,Onyenachiya,676.0,Spain,Female,36.0,9.0,0.0,1.0,0.0,0.0,60433.0,1
101634,Mazzanti,634.0,France,,50.0,0.0,103688.38,1.0,1.0,1.0,82872.1,1
101635,Hsieh,694.0,France,,,6.0,0.0,1.0,,1.0,162877.62,0
101636,Torres,656.0,Spain,Female,37.0,0.0,117070.78,1.0,1.0,1.0,50304.55,0
101637,Kornilova,732.0,France,Male,48.0,5.0,141458.49,1.0,1.0,1.0,103174.5,0
101638,Pinto,637.0,France,Male,30.0,6.0,,2.0,1.0,1.0,155724.25,0
101639,Hs?,720.0,Spain,Female,29.0,6.0,0.0,2.0,1.0,1.0,198181.02,0
101640,Nwachinemelu,835.0,France,Female,35.0,7.0,0.0,2.0,1.0,1.0,179912.12,0
101641,Yobachi,597.0,France,Male,44.0,,0.0,2.0,1.0,1.0,,0
101642,Nnaife,667.0,Germany,Female,35.0,,112707.18,1.0,1.0,1.0,,0
101643,Lettiere,588.0,France,Male,31.0,7.0,115938.59,1.0,1.0,1.0,125554.55,0
101644,Fisk,696.0,France,Female,35.0,1.0,118770.05,1.0,0.0,0.0,98318.76,0
101645,Pinto,,France,Female,35.0,10.0,113861.09,,0.0,0.0,187638.34,0
101646,McLean,725.0,Spain,Male,36.0,5.0,117698.37,2.0,1.0,1.0,180769.55,0
101647,Li Fonti,709.0,France,Male,,5.0,90699.05,1.0,1.0,0.0,89161.44,0
101648,Hargreaves,679.0,Spain,Male,39.0,7.0,114462.94,1.0,1.0,0.0,49120.08,0
101649,Liao,559.0,Spain,Male,49.0,0.0,0.0,2.0,,0.0,170968.8,0
101650,Chibuzo,599.0,France,Female,34.0,6.0,0.0,2.0,1.0,0.0,65006.4,0
101651,Dickson,686.0,France,Male,32.0,8.0,0.0,2.0,0.0,1.0,163587.75,0
101652,Bezrukova,712.0,Spain,,38.0,5.0,121434.03,1.0,1.0,0.0,77912.92,1
101653,Baresi,472.0,,Male,28.0,2.0,97378.54,1.0,1.0,,129862.59,0
101654,Allan,479.0,France,Female,35.0,3.0,0.0,2.0,0.0,0.0,103315.59,0
101655,L?,592.0,,Male,33.0,,92769.98,2.0,1.0,1.0,195814.89,0
101656,Mai,702.0,France,Male,37.0,8.0,0.0,,1.0,1.0,8742.91,0
101657,Chuang,646.0,France,Male,35.0,1.0,84114.6,1.0,1.0,0.0,,1
101658,Hsia,596.0,Spain,Male,48.0,7.0,0.0,2.0,0.0,1.0,134328.53,0
101659,Toscani,794.0,France,Male,56.0,0.0,126013.92,1.0,0.0,1.0,51964.52,1
101660,Frolova,529.0,France,Male,30.0,4.0,0.0,2.0,0.0,0.0,152977.19,0
101661,Bennet,554.0,France,Male,39.0,6.0,0.0,2.0,1.0,1.0,14081.62,0
101662,Onyemaechi,655.0,France,Female,40.0,8.0,80558.33,,0.0,0.0,125891.68,1
101663,Uwakwe,710.0,France,Female,34.0,4.0,121054.93,1.0,0.0,1.0,94557.56,0
101664,Onwubiko,809.0,,Male,26.0,8.0,142905.51,1.0,1.0,1.0,,0
101665,Tien,735.0,France,Female,37.0,2.0,0.0,2.0,1.0,,142830.26,0
101666,Chidiebele,,Germany,Female,45.0,0.0,118523.15,2.0,1.0,1.0,126557.12,0
101667,Lueck,669.0,France,Female,41.0,9.0,178077.72,1.0,1.0,1.0,52421.31,0
101668,Smith,668.0,Germany,Male,39.0,6.0,141796.63,2.0,1.0,1.0,27758.36,0
101669,Onyemauchechukwu,545.0,Spain,Female,40.0,,104763.47,1.0,1.0,1.0,119749.17,1
101670,Horton,748.0,Spain,Male,36.0,2.0,0.0,2.0,1.0,1.0,86587.67,0
101671,Padovesi,,Spain,Male,28.0,2.0,,2.0,1.0,0.0,123745.65,0
101672,Ch'iu,,France,Male,38.0,7.0,0.0,,1.0,0.0,6926.36,0
101673,Aitken,829.0,Germany,Male,,5.0,131305.28,1.0,0.0,0.0,,0
101674,Kibby,695.0,France,Male,28.0,4.0,91763.61,1.0,1.0,1.0,,0
101675,Nkemjika,561.0,France,Male,37.0,7.0,167345.38,2.0,1.0,1.0,116912.45,0
101676,Tu,609.0,France,Male,32.0,,79636.77,2.0,1.0,1.0,,0
101677,Lucciano,686.0,France,Female,43.0,3.0,146086.09,1.0,1.0,1.0,176692.01,0
101678,Tien,676.0,France,Female,24.0,9.0,77942.5,1.0,0.0,0.0,172450.04,0
101679,Welch,723.0,Germany,,47.0,9.0,129855.32,1.0,1.0,1.0,143917.84,1
101680,Donahue,711.0,France,Female,29.0,5.0,0.0,1.0,1.0,1.0,184072.17,0
101681,Ku,718.0,Spain,,33.0,1.0,0.0,2.0,1.0,1.0,43996.51,0
101682,Aksyonov,702.0,France,,,5.0,0.0,3.0,1.0,0.0,143068.8,1
101683,Wan,681.0,France,Female,50.0,2.0,0.0,2.0,1.0,0.0,146068.63,1
101684,Walker,437.0,France,Male,28.0,7.0,124117.95,1.0,1.0,1.0,82778.37,0
101685,Onyekaozulu,717.0,France,,31.0,0.0,0.0,2.0,1.0,1.0,93717.18,0
101686,Folliero,737.0,,Male,31.0,6.0,0.0,2.0,1.0,0.0,121405.31,0
101687,T'ang,665.0,France,Male,34.0,1.0,0.0,2.0,1.0,1.0,152963.87,0
101688,Lafleur,633.0,Germany,,30.0,4.0,129335.44,2.0,1.0,,,0
101689,Chiu,706.0,France,,35.0,8.0,0.0,2.0,0.0,1.0,,0
101690,Tien,685.0,Germany,Female,37.0,8.0,142813.55,1.0,1.0,0.0,189848.12,0
101691,Ts'ui,633.0,France,Female,54.0,2.0,0.0,1.0,1.0,1.0,,0
101692,Campbell,709.0,France,Female,51.0,6.0,0.0,1.0,1.0,1.0,74042.0,0
101693,Hsing,543.0,France,Female,34.0,0.0,,2.0,1.0,1.0,173951.24,0
101694,Mazzi,683.0,France,Male,55.0,2.0,0.0,1.0,1.0,0.0,1375.47,0
101695,Abbott,594.0,France,Female,41.0,6.0,46388.16,3.0,1.0,0.0,107840.01,1
101696,Onyemere,,Spain,Male,32.0,2.0,0.0,2.0,1.0,1.0,141364.56,0
101697,Groom,704.0,France,Male,35.0,5.0,145533.13,1.0,1.0,0.0,171046.13,0
101698,Ts'ai,712.0,,,31.0,10.0,0.0,2.0,1.0,0.0,,0
101699,Yermakova,700.0,Spain,Male,39.0,7.0,0.0,2.0,,0.0,72346.92,0
101700,Docherty,739.0,Germany,Male,42.0,9.0,143778.4,2.0,1.0,1.0,147533.09,0
101701,Padovesi,673.0,France,Male,26.0,3.0,0.0,2.0,0.0,0.0,108752.49,0
101702,Kuo,651.0,Spain,Male,41.0,9.0,0.0,2.0,0.0,0.0,90879.94,0
101703,Mancini,523.0,Germany,Male,41.0,7.0,103260.87,1.0,,0.0,172590.21,0
101704,Giles,658.0,,Female,48.0,1.0,142768.65,1.0,1.0,0.0,145796.49,1
101705,Hsieh,683.0,France,,79.0,6.0,0.0,1.0,0.0,,131570.77,0
101706,Pirozzi,581.0,Germany,Female,23.0,6.0,129845.24,1.0,1.0,0.0,,1
101707,Chikelu,706.0,France,Male,48.0,4.0,0.0,2.0,,1.0,158690.39,0
101708,Chukwujamuike,494.0,France,Female,33.0,5.0,0.0,2.0,1.0,0.0,193787.17,0
101709,Hsing,634.0,Spain,Male,35.0,9.0,0.0,2.0,0.0,0.0,96448.8,0
101710,Harper,548.0,,Female,42.0,6.0,103772.07,3.0,1.0,0.0,103691.0,1
101711,Y?an,546.0,France,Female,42.0,0.0,117965.14,1.0,1.0,0.0,138565.87,1
101712,Tretiakova,710.0,France,Male,,1.0,0.0,2.0,1.0,1.0,96670.22,0
101713,Jackson,596.0,Germany,Male,25.0,5.0,133666.93,1.0,1.0,0.0,103557.59,0
101714,Chukwumaobim,679.0,Germany,Female,29.0,6.0,92888.77,2.0,1.0,0.0,169849.1,0
101715,Niu,661.0,France,Male,41.0,7.0,0.0,2.0,0.0,1.0,72933.61,0
101716,Y?an,630.0,Germany,Male,43.0,0.0,113673.05,,1.0,0.0,86398.36,0
101717,Obiajulu,707.0,Germany,,43.0,5.0,128262.72,1.0,1.0,0.0,40324.18,0
101718,Zetticci,763.0,France,Male,31.0,2.0,117412.21,1.0,1.0,0.0,139111.33,0
101719,Hudson,648.0,Germany,Female,40.0,6.0,128084.28,4.0,0.0,0.0,103219.21,1
101720,Ives,707.0,,Male,34.0,2.0,0.0,,0.0,0.0,12447.57,1
101721,Nnamdi,686.0,Germany,Female,51.0,7.0,118879.35,1.0,1.0,1.0,161022.31,1
101722,Mancini,613.0,,Female,35.0,9.0,124375.13,1.0,1.0,0.0,54377.0,1
101723,Shao,711.0,France,Female,36.0,4.0,0.0,1.0,1.0,1.0,82447.74,0
101724,Ts'ao,,France,Male,60.0,4.0,0.0,2.0,0.0,1.0,167033.24,0
101725,Onwughara,850.0,France,Male,37.0,7.0,99529.48,1.0,1.0,1.0,62608.5,0
101726,Mancini,444.0,France,Male,49.0,7.0,0.0,1.0,1.0,0.0,140881.1,1
101727,Ugochukwu,752.0,Spain,Female,39.0,8.0,0.0,1.0,1.0,1.0,135396.63,1
101728,Pirozzi,663.0,Spain,Female,32.0,6.0,0.0,2.0,1.0,0.0,,0
101729,Wood,565.0,Germany,Female,42.0,9.0,161590.41,2.0,0.0,1.0,189129.25,0
101730,Sung,,Germany,Female,66.0,9.0,73907.84,,1.0,0.0,131710.76,1
101731,Okeke,479.0,Spain,Male,31.0,9.0,0.0,2.0,0.0,0.0,93960.83,0
101732,Chijindum,705.0,Germany,Male,23.0,4.0,100368.83,,1.0,0.0,53388.33,0
101733,Ijendu,814.0,France,Male,32.0,3.0,0.0,2.0,1.0,1.0,143980.59,0
101734,Pan,752.0,Germany,,,10.0,155927.39,2.0,,1.0,130511.08,0
101735,Pisani,830.0,Germany,Female,47.0,8.0,103033.83,1.0,1.0,0.0,89531.91,1
101736,Aksenov,637.0,France,Female,34.0,8.0,87574.87,1.0,0.0,1.0,149474.68,0
101737,Okeke,673.0,France,Male,54.0,7.0,0.0,1.0,1.0,0.0,123075.12,1
101738,Ting,490.0,Germany,Male,26.0,2.0,134921.29,2.0,1.0,0.0,148838.51,0
101739,Shao,680.0,France,Male,40.0,6.0,0.0,1.0,0.0,0.0,187972.11,1
101740,P'eng,687.0,France,Male,28.0,6.0,0.0,2.0,1.0,0.0,170099.23,0
101741,Smith,639.0,Germany,Male,55.0,6.0,125840.8,2.0,1.0,1.0,29448.76,1
101742,Ogg,710.0,France,Female,45.0,2.0,0.0,2.0,1.0,0.0,60392.05,1
101743,Hsing,635.0,Spain,,45.0,4.0,0.0,2.0,0.0,1.0,177616.74,0
101744,Nwabugwu,706.0,Germany,Male,33.0,4.0,,1.0,1.0,0.0,189905.27,0
101745,Brown,590.0,France,,30.0,6.0,0.0,2.0,0.0,0.0,45416.6,0
101746,Chiu,708.0,Germany,Male,38.0,,154870.28,1.0,1.0,1.0,51345.4,0
101747,Hsia,494.0,France,Male,30.0,9.0,0.0,,1.0,0.0,92887.88,0
101748,Whitehead,703.0,France,Male,31.0,2.0,0.0,1.0,1.0,1.0,34340.22,0
101749,Ts'ui,,France,Male,36.0,4.0,0.0,2.0,1.0,0.0,93714.65,0
101750,Nwankwo,,France,Female,57.0,8.0,95858.37,1.0,1.0,1.0,105135.69,0
101751,Tien,723.0,France,Female,39.0,3.0,0.0,2.0,1.0,1.0,14083.97,0
101752,Yobachukwu,615.0,Germany,Male,33.0,4.0,122302.24,1.0,1.0,0.0,181208.47,0
101753,Chidubem,693.0,Spain,Female,,3.0,0.0,2.0,0.0,1.0,121018.53,0
101754,Greece,718.0,France,,36.0,10.0,0.0,2.0,0.0,1.0,85426.28,0
101755,Mazzi,570.0,,,31.0,7.0,,1.0,1.0,0.0,180377.3,0
101756,Genovesi,656.0,France,Female,40.0,2.0,0.0,2.0,1.0,,84381.89,1
101757,Aksyonova,718.0,Germany,Male,37.0,5.0,93978.96,2.0,1.0,0.0,40231.07,0
101758,Lucciano,535.0,France,Male,40.0,9.0,0.0,2.0,,0.0,46792.38,0
101759,Nwankwo,696.0,Spain,Female,,2.0,97839.44,1.0,1.0,,142502.19,0
101760,Chizoba,545.0,France,Male,34.0,8.0,,1.0,1.0,0.0,104637.84,0
101761,Nwabugwu,,France,Male,33.0,3.0,0.0,2.0,1.0,1.0,72987.57,0
101762,Onwuamaegbu,663.0,Germany,Male,58.0,2.0,,3.0,0.0,0.0,141483.38,1
101763,Hsueh,707.0,Spain,Male,30.0,8.0,139787.98,1.0,1.0,1.0,129892.49,0
101764,Ts'ao,652.0,Germany,Male,34.0,3.0,141786.78,1.0,,1.0,54434.22,0
101765,Hsia,548.0,Germany,Male,32.0,4.0,91229.93,2.0,0.0,0.0,54249.44,0
101766,Frolov,668.0,France,,26.0,7.0,139282.12,1.0,0.0,1.0,97924.89,0
101767,Ts'ai,691.0,France,Male,44.0,2.0,0.0,2.0,1.0,1.0,94811.47,0
101768,T'ang,598.0,Spain,Female,55.0,3.0,183847.99,1.0,1.0,1.0,127217.35,1
101769,Trevisani,652.0,France,Male,38.0,7.0,,2.0,0.0,1.0,168617.1,0
101770,Lettiere,584.0,Germany,Female,34.0,3.0,121155.5,2.0,0.0,0.0,193004.3,0
101771,Hsiung,730.0,France,Female,30.0,7.0,0.0,,1.0,1.0,9984.4,0
101772,Onyemachukwu,681.0,France,Male,46.0,2.0,115097.54,1.0,1.0,1.0,183575.03,0
101773,Hsia,645.0,France,Male,,9.0,0.0,2.0,1.0,1.0,,0
101774,Tsou,584.0,France,Female,35.0,2.0,0.0,2.0,1.0,,,0
101775,Martin,652.0,France,Male,39.0,1.0,0.0,2.0,1.0,0.0,92707.33,0
101776,Ndubueze,605.0,France,Female,42.0,9.0,0.0,,1.0,0.0,140149.45,0
101777,Tung,687.0,Spain,Male,32.0,5.0,0.0,2.0,1.0,1.0,71157.68,0
101778,Ts'ui,788.0,Germany,Male,55.0,7.0,121994.01,2.0,1.0,0.0,129201.12,1
101779,Ch'ang,760.0,,Female,37.0,3.0,0.0,2.0,1.0,0.0,182977.46,0
101780,Nnamdi,683.0,France,Male,36.0,,106764.18,1.0,1.0,1.0,174094.32,0
101781,Alexander,718.0,France,Female,48.0,6.0,155997.67,1.0,0.0,0.0,35023.45,1
101782,Cremonesi,576.0,France,Male,37.0,2.0,0.0,2.0,1.0,1.0,71139.31,0
101783,Pisani,576.0,Germany,Male,28.0,3.0,100263.63,,1.0,0.0,,0
101784,Chigozie,624.0,Germany,Male,32.0,,132597.49,1.0,1.0,0.0,79810.12,0
101785,Onwuamaeze,606.0,,Male,35.0,6.0,0.0,1.0,0.0,1.0,93843.04,0
101786,Hs?,,France,Female,30.0,7.0,0.0,,1.0,1.0,1643.11,0
101787,Nnamutaezinwa,793.0,France,Female,35.0,1.0,137527.55,2.0,1.0,0.0,56927.86,0
101788,Ch'iu,527.0,,Male,33.0,7.0,0.0,2.0,0.0,,120306.35,0
101789,Hsu,,Germany,Female,39.0,2.0,130844.96,2.0,1.0,1.0,130312.08,1
101790,Chien,637.0,France,Male,,2.0,0.0,2.0,1.0,1.0,153681.3,0
101791,Dore,702.0,France,,38.0,9.0,0.0,2.0,0.0,1.0,67978.56,0
101792,Ch'en,648.0,France,Male,34.0,3.0,,2.0,1.0,0.0,146592.95,0
101793,Iloerika,699.0,Spain,Female,29.0,3.0,146942.09,1.0,,1.0,155795.11,1
101794,Andrejew,480.0,Spain,Male,28.0,6.0,,2.0,1.0,0.0,93290.41,0
101795,He,617.0,France,Female,41.0,6.0,0.0,2.0,1.0,1.0,,0
101796,Bogle,518.0,,,41.0,7.0,102773.18,,1.0,1.0,120169.51,0
101797,Yefremov,658.0,Spain,Male,67.0,6.0,0.0,2.0,1.0,1.0,28203.78,0
101798,Kovalev,786.0,Germany,Female,27.0,1.0,101217.57,2.0,,0.0,183651.99,0
101799,Hsiung,576.0,Spain,Male,39.0,1.0,0.0,1.0,1.0,1.0,114071.51,1
101800,Onyeoruru,536.0,France,Female,43.0,8.0,0.0,1.0,0.0,1.0,9734.46,0
101801,Toscani,707.0,Germany,Female,39.0,9.0,,2.0,1.0,1.0,136249.83,1
101802,McWilliam,644.0,Spain,Male,61.0,5.0,0.0,1.0,0.0,0.0,,1
101803,K'ung,,Germany,Female,31.0,9.0,165186.11,1.0,1.0,0.0,51112.55,1
101804,Ritchie,698.0,Spain,Female,40.0,8.0,95016.21,1.0,1.0,1.0,173933.12,0
101805,Pisani,545.0,France,Female,40.0,5.0,138053.73,1.0,1.0,0.0,78663.97,0
101806,Todd,,Germany,Female,43.0,9.0,156772.5,1.0,1.0,0.0,54543.91,0
101807,Kincaid,571.0,,Female,59.0,5.0,0.0,1.0,1.0,0.0,163554.68,1
101808,Maclean,638.0,France,,63.0,2.0,39918.89,1.0,1.0,1.0,143635.9,1
101809,Knepper,692.0,France,Female,33.0,,0.0,1.0,1.0,0.0,143623.23,0
101810,Tuan,662.0,,Male,26.0,6.0,0.0,2.0,1.0,1.0,50113.79,0
101811,Calabrese,803.0,France,Female,57.0,2.0,0.0,2.0,1.0,1.0,7597.83,0
101812,Gordon,712.0,France,Male,42.0,3.0,0.0,2.0,1.0,0.0,1557.82,0
101813,Johnstone,732.0,France,Male,46.0,1.0,100255.49,1.0,0.0,1.0,180595.34,0
101814,Kung,508.0,Germany,Male,33.0,5.0,159171.1,1.0,1.0,1.0,100518.23,0
101815,H?,741.0,Spain,Female,28.0,5.0,0.0,2.0,1.0,0.0,162039.48,0
101816,Onyekaozulu,471.0,Spain,Male,30.0,8.0,0.0,1.0,1.0,0.0,185685.42,0
101817,Yeh,,Germany,Female,38.0,8.0,137453.0,2.0,1.0,0.0,105147.56,0
101818,Chigolum,,France,Female,54.0,6.0,0.0,1.0,0.0,0.0,54485.23,1
101819,Onwuka,652.0,France,Male,33.0,7.0,0.0,1.0,1.0,0.0,,0
101820,Clements,648.0,France,Male,32.0,,0.0,2.0,1.0,,93718.16,0
101821,Nkemjika,691.0,France,Female,46.0,0.0,0.0,1.0,0.0,0.0,179511.37,1
101822,McKenzie,646.0,Germany,Male,30.0,8.0,131459.92,1.0,1.0,0.0,42143.61,0
101823,Lombardi,,France,Male,35.0,6.0,124618.6,1.0,,1.0,109076.37,0
101824,Brookes,745.0,France,Male,39.0,1.0,0.0,,1.0,0.0,70613.16,0
101825,Lucciano,630.0,,Female,35.0,10.0,0.0,2.0,1.0,0.0,71756.08,0
101826,Hsing,756.0,Germany,Female,41.0,9.0,122491.74,1.0,1.0,1.0,130924.17,1
101827,Lori,850.0,France,Male,42.0,1.0,,1.0,,1.0,171376.45,0
101828,Y?an,543.0,Spain,Male,42.0,9.0,0.0,1.0,1.0,0.0,130466.42,1
101829,Wilson,730.0,France,Female,25.0,,0.0,2.0,1.0,1.0,14595.11,0
101830,L?,741.0,,Female,40.0,1.0,0.0,2.0,1.0,1.0,81465.26,0
101831,Galkin,684.0,Germany,,33.0,2.0,142616.74,1.0,1.0,0.0,153604.69,1
101832,Lombardo,625.0,France,Male,22.0,7.0,0.0,,1.0,0.0,190929.98,1
101833,Maclean,707.0,France,Female,34.0,0.0,0.0,2.0,,0.0,170981.25,0
101834,Macleod,597.0,Spain,Male,22.0,5.0,0.0,2.0,0.0,1.0,125382.04,0
101835,Chiang,703.0,Germany,Female,39.0,3.0,103582.11,1.0,1.0,0.0,172516.42,1
101836,Dickson,561.0,France,Female,26.0,1.0,0.0,1.0,1.0,1.0,153577.04,0
101837,Ts'ui,710.0,France,Male,30.0,1.0,,,1.0,1.0,170529.26,0
101838,Tuan,741.0,France,Male,28.0,10.0,142221.61,2.0,,0.0,113391.62,0
101839,Udegbulam,707.0,,Female,38.0,4.0,126494.08,2.0,,0.0,,0
101840,Gomes,772.0,Germany,Female,41.0,7.0,150804.94,2.0,0.0,0.0,130335.57,0
101841,Ts'ai,687.0,,Male,,2.0,102966.88,1.0,1.0,1.0,47914.73,0
101842,Lucchese,727.0,France,Female,30.0,3.0,,2.0,0.0,0.0,69538.67,0
101843,Ritchie,637.0,France,Female,37.0,1.0,0.0,2.0,1.0,1.0,174825.57,0
101844,Brown,815.0,France,,52.0,6.0,0.0,3.0,0.0,1.0,,1
101845,Hs?eh,652.0,France,Female,39.0,1.0,144265.99,1.0,1.0,1.0,93445.84,0
101846,Belousov,678.0,Spain,Male,32.0,7.0,0.0,2.0,1.0,0.0,153922.88,0
101847,Korovina,578.0,Germany,Male,38.0,,120777.92,1.0,1.0,0.0,159670.07,0
101848,Anderson,576.0,France,Male,42.0,4.0,139480.81,1.0,1.0,0.0,102832.59,1
101849,Mott,697.0,Spain,Male,54.0,2.0,0.0,,1.0,1.0,85744.75,0
101850,P'eng,632.0,Spain,Male,,5.0,0.0,1.0,1.0,0.0,48337.59,0
101851,Garner,,France,Female,42.0,4.0,106385.96,1.0,0.0,0.0,141891.68,0
101852,Ts'ui,622.0,France,Male,40.0,7.0,96863.76,1.0,1.0,1.0,79469.93,0
101853,Ijendu,569.0,France,Male,37.0,2.0,,1.0,1.0,0.0,131284.55,0
101854,Johnstone,560.0,France,Male,30.0,8.0,0.0,2.0,0.0,0.0,110535.0,0
101855,Samsonova,703.0,France,Male,36.0,1.0,0.0,2.0,1.0,1.0,182775.28,0
101856,Hsueh,670.0,France,Male,36.0,,114542.12,2.0,1.0,0.0,84356.96,0
101857,O'Loghlen,583.0,France,Male,52.0,,0.0,1.0,1.0,1.0,196998.82,0
101858,L?,535.0,France,Female,30.0,6.0,141631.29,1.0,1.0,,,0
101859,Lo,598.0,France,Female,35.0,8.0,126424.3,2.0,,0.0,31353.24,0
101860,Chukwukere,683.0,France,Male,30.0,7.0,0.0,2.0,0.0,1.0,167895.51,0
101861,L?,775.0,France,Female,37.0,1.0,0.0,2.0,,0.0,38678.4,0
101862,Goliwe,,Germany,Female,,4.0,128058.8,1.0,,0.0,109259.12,1
101863,Teng,675.0,France,Female,39.0,7.0,165349.08,1.0,0.0,0.0,102325.49,1
101864,Trevisano,648.0,France,Female,,2.0,0.0,1.0,1.0,0.0,61246.61,1
101865,Chukwufumnanya,562.0,,Male,39.0,7.0,0.0,2.0,,1.0,52461.51,0
101866,Mills,678.0,France,Female,57.0,4.0,,1.0,1.0,0.0,55725.04,1
101867,Ch'eng,753.0,France,,48.0,8.0,154586.51,1.0,1.0,1.0,131771.93,0
101868,Ch'eng,598.0,Germany,Male,,8.0,123971.19,2.0,1.0,1.0,181909.14,0
101869,Chukwuemeka,660.0,France,Female,39.0,9.0,80926.02,1.0,1.0,0.0,167648.58,0
101870,Burt,662.0,Germany,Male,30.0,1.0,96467.53,2.0,1.0,0.0,94820.99,0
101871,T'ao,644.0,France,Male,29.0,7.0,105770.28,1.0,1.0,1.0,143897.31,0
101872,T'ien,683.0,France,Male,,1.0,84401.18,2.0,1.0,,80602.12,0
101873,Hsing,,,Female,25.0,4.0,105621.77,1.0,1.0,,181224.56,0
101874,Hsia,775.0,Germany,Female,51.0,0.0,124425.11,1.0,,0.0,116320.83,1
101875,Henderson,662.0,France,Female,42.0,9.0,121582.35,1.0,0.0,0.0,110452.86,1
101876,Nwachinemelu,797.0,France,Female,29.0,8.0,0.0,2.0,0.0,,189536.47,0
101877,Ts'ui,744.0,Germany,Female,40.0,9.0,124577.49,1.0,0.0,0.0,103871.69,0
101878,Stewart,775.0,Spain,Female,38.0,5.0,,2.0,1.0,1.0,136051.02,0
101879,Fang,,Germany,Male,29.0,4.0,83861.89,1.0,1.0,0.0,152869.18,0
101880,Chibueze,724.0,Spain,Male,40.0,,0.0,2.0,,0.0,91522.39,0
101881,Y?,663.0,France,Male,41.0,5.0,,2.0,1.0,,28336.49,0
101882,Okagbue,478.0,France,Female,26.0,4.0,167998.6,1.0,1.0,0.0,159734.71,0
101883,Ward,576.0,France,Male,32.0,1.0,,2.0,1.0,1.0,45611.2,0
101884,West,627.0,France,Female,37.0,3.0,0.0,1.0,1.0,1.0,124625.94,0
101885,Ts'ui,702.0,France,Male,28.0,2.0,123948.49,1.0,1.0,1.0,163940.39,0
101886,Fuller,547.0,Germany,Female,22.0,5.0,156041.05,2.0,1.0,0.0,131077.8,1
101887,Toscani,710.0,,Male,40.0,4.0,0.0,3.0,0.0,1.0,165667.76,1
101888,Fielding,535.0,Spain,Male,36.0,,0.0,2.0,1.0,1.0,176921.0,0
101889,Yefremova,724.0,,Male,41.0,3.0,134721.57,1.0,1.0,0.0,28328.73,0
101890,Onyekachukwu,732.0,France,Male,22.0,3.0,,2.0,1.0,1.0,117792.27,0
101891,Moore,717.0,France,Male,32.0,6.0,106518.52,1.0,1.0,1.0,123878.68,0
101892,Allsop,684.0,Germany,,41.0,6.0,81366.29,2.0,0.0,1.0,52328.02,0
101893,Onyekaozulu,817.0,France,,39.0,7.0,0.0,2.0,1.0,1.0,185097.32,0
101894,Lo Duca,592.0,France,Female,37.0,7.0,0.0,2.0,0.0,1.0,,0
101895,Barton,703.0,France,Female,,2.0,0.0,2.0,1.0,1.0,114565.75,0
101896,Ch'ang,,France,Female,53.0,5.0,,2.0,1.0,1.0,137720.56,0
101897,Ch'in,679.0,France,Female,30.0,2.0,0.0,2.0,1.0,0.0,185561.89,0
101898,Ugochukwu,500.0,Spain,Male,38.0,4.0,111960.29,1.0,0.0,1.0,94895.0,0
101899,Chukwufumnanya,646.0,Spain,Female,36.0,2.0,0.0,2.0,1.0,0.0,103863.65,1
101900,Hs?,622.0,France,Female,24.0,7.0,0.0,,1.0,,180960.49,0
101901,Ch'iu,599.0,France,Female,37.0,8.0,0.0,2.0,1.0,0.0,90195.18,0
101902,Kung,682.0,Germany,,39.0,8.0,125908.7,1.0,0.0,0.0,141851.97,0
101903,Gadsdon,717.0,Germany,Female,42.0,6.0,135284.05,2.0,1.0,1.0,109320.08,0
101904,Ndubueze,545.0,France,Male,42.0,2.0,0.0,2.0,1.0,0.0,168113.34,0
101905,Lujan,682.0,France,Male,56.0,2.0,0.0,2.0,1.0,1.0,163787.01,0
101906,Fanucci,635.0,France,Male,48.0,,,1.0,1.0,0.0,161671.15,1
101907,Liao,683.0,Germany,Male,39.0,9.0,105770.6,2.0,1.0,0.0,172469.79,0
101908,Tung,792.0,Germany,Female,37.0,1.0,106917.63,2.0,0.0,0.0,166937.69,0
101909,Lucciano,438.0,Germany,Male,47.0,6.0,101698.25,1.0,0.0,1.0,101354.94,1
101910,Vasilyev,699.0,France,Male,36.0,4.0,,1.0,1.0,1.0,114609.7,0
101911,Chukwudi,593.0,Germany,Male,21.0,2.0,170028.81,2.0,1.0,0.0,122502.74,0
101912,Wilson,551.0,Germany,Male,28.0,8.0,128015.83,1.0,1.0,0.0,100524.0,0
101913,Tuan,692.0,Spain,Female,32.0,9.0,,2.0,,1.0,166682.15,0
101914,P'an,504.0,Germany,Male,32.0,4.0,61671.46,2.0,1.0,,,0
101915,Fanucci,677.0,France,Male,43.0,,0.0,1.0,0.0,0.0,89573.58,0
101916,Torkelson,686.0,France,Male,62.0,1.0,123106.93,2.0,1.0,1.0,92389.45,0
101917,O'Donnell,,Germany,Male,39.0,10.0,152325.69,1.0,1.0,,165192.03,0
101918,McDonald,593.0,France,Male,34.0,8.0,0.0,1.0,1.0,0.0,30885.48,0
101919,Greco,674.0,Spain,Male,34.0,9.0,0.0,1.0,0.0,1.0,97517.6,0
101920,Pagnotto,659.0,Spain,Female,,7.0,,2.0,0.0,,121821.16,0
101921,Ts'ai,708.0,Spain,Female,46.0,3.0,0.0,1.0,,0.0,73329.38,1
101922,P'an,651.0,Spain,Female,45.0,6.0,118858.0,1.0,1.0,0.0,78776.07,0
101923,Chiganu,771.0,France,Female,,3.0,0.0,2.0,1.0,0.0,122655.25,0
101924,Maclean,638.0,Spain,Male,47.0,2.0,0.0,3.0,1.0,0.0,66963.97,1
101925,Ojiofor,583.0,Germany,Female,42.0,9.0,86062.88,1.0,1.0,0.0,45959.64,1
101926,Maclean,656.0,Spain,Female,33.0,5.0,113381.3,1.0,1.0,0.0,,0
101927,K'ung,571.0,Spain,Male,41.0,0.0,0.0,2.0,1.0,0.0,83128.96,1
101928,Martin,745.0,Germany,Male,42.0,2.0,121284.58,2.0,0.0,0.0,63980.75,0
101929,P'eng,,Germany,Male,44.0,3.0,123660.11,2.0,0.0,0.0,147832.76,1
101930,Ting,593.0,Spain,Male,36.0,3.0,0.0,2.0,1.0,0.0,143681.85,0
101931,Lettiere,473.0,France,Male,38.0,7.0,0.0,2.0,1.0,1.0,68815.24,0
101932,Pugh,734.0,Germany,,29.0,2.0,98899.76,2.0,,0.0,104734.24,0
101933,Onochie,,France,Male,32.0,10.0,0.0,2.0,1.0,0.0,133639.8,0
101934,K?,455.0,France,Male,42.0,8.0,0.0,2.0,1.0,1.0,72462.25,0
101935,Lo Duca,773.0,France,Male,37.0,7.0,0.0,1.0,0.0,1.0,142472.58,0
101936,Hsing,,Germany,Male,31.0,2.0,105701.88,2.0,0.0,1.0,166435.22,0
101937,Pisano,656.0,France,Male,51.0,4.0,0.0,1.0,0.0,0.0,161282.98,1
101938,Tien,727.0,Germany,Male,51.0,7.0,115123.19,2.0,1.0,0.0,129964.65,0
101939,Obidimkpa,537.0,France,Male,41.0,7.0,0.0,2.0,1.0,0.0,79711.42,0
101940,T'ien,849.0,,Female,38.0,1.0,118565.36,3.0,1.0,1.0,178587.36,0
101941,Hao,655.0,France,Female,45.0,4.0,148205.92,1.0,,1.0,180935.86,1
101942,Hsia,637.0,Germany,Male,32.0,8.0,,2.0,1.0,0.0,78631.15,0
101943,Y?an,582.0,France,Male,39.0,8.0,0.0,2.0,1.0,0.0,141756.86,0
101944,Chiang,754.0,Germany,Female,27.0,1.0,139480.18,1.0,1.0,1.0,81435.39,0
101945,Zhirov,577.0,France,Female,31.0,4.0,0.0,2.0,0.0,1.0,61920.55,0
101946,Biryukov,667.0,France,Female,,6.0,0.0,2.0,0.0,1.0,133807.04,0
101947,T'ien,607.0,France,Male,32.0,8.0,0.0,1.0,1.0,1.0,143581.74,0
101948,K'ung,562.0,France,Male,25.0,7.0,0.0,2.0,1.0,1.0,,0
101949,Shih,636.0,,Male,38.0,,130274.25,1.0,1.0,1.0,149293.78,0
101950,Gregory,679.0,France,Female,35.0,8.0,131284.53,1.0,1.0,0.0,133690.17,0
101951,Pisano,850.0,France,Female,43.0,5.0,148771.8,2.0,1.0,0.0,44420.18,0
101952,Chinonyelum,683.0,France,Male,31.0,,56474.25,2.0,0.0,0.0,,0
101953,Nwankwo,488.0,France,Female,27.0,9.0,0.0,1.0,1.0,1.0,51677.61,0
101954,K?,632.0,Spain,Male,51.0,4.0,157442.36,1.0,0.0,1.0,175056.44,0
101955,Nnachetam,526.0,,Female,42.0,5.0,114446.72,1.0,1.0,0.0,180150.49,1
101956,Macleod,774.0,France,Male,38.0,5.0,69534.27,1.0,1.0,1.0,105085.25,0
101957,Pirozzi,554.0,France,Male,34.0,,,,1.0,1.0,51553.53,0
101958,O'Donnell,738.0,Spain,Male,35.0,8.0,0.0,2.0,1.0,0.0,168816.24,0
101959,P'eng,732.0,France,Male,29.0,8.0,0.0,2.0,0.0,1.0,154850.85,0
101960,Bradshaw,634.0,France,Male,39.0,1.0,0.0,,1.0,1.0,182619.62,0
101961,H?,567.0,France,Male,27.0,6.0,0.0,2.0,1.0,0.0,141822.25,0
101962,Ugochukwu,763.0,Spain,Male,38.0,9.0,0.0,2.0,1.0,0.0,130468.25,0
101963,Nwachinemelu,676.0,Spain,Male,30.0,5.0,115243.87,1.0,1.0,0.0,85983.54,0
101964,K?,614.0,France,Female,46.0,4.0,121758.92,1.0,1.0,1.0,140822.96,1
101965,Teng,577.0,France,Female,45.0,6.0,0.0,2.0,,1.0,,0
101966,Obidimkpa,622.0,,Female,56.0,10.0,113348.82,1.0,1.0,,125155.21,0
101967,Ch'in,717.0,France,Male,44.0,8.0,110899.68,1.0,0.0,0.0,165891.5,0
101968,Ni,592.0,Spain,Male,38.0,2.0,0.0,2.0,1.0,0.0,102502.01,0
101969,Ugochukwu,790.0,France,Male,44.0,5.0,160445.09,1.0,0.0,0.0,93790.99,0
101970,Williamson,649.0,France,Male,44.0,6.0,0.0,2.0,1.0,0.0,122942.98,0
101971,Hsueh,576.0,Germany,Male,,9.0,170363.98,2.0,1.0,1.0,72953.84,0
101972,Pisano,529.0,Germany,Male,27.0,9.0,152020.13,1.0,1.0,0.0,69369.09,0
101973,Chimaijem,634.0,France,Female,48.0,8.0,0.0,1.0,1.0,0.0,180537.13,1
101974,Tien,615.0,,Male,43.0,9.0,83497.71,1.0,0.0,1.0,,0
101975,Bellucci,542.0,France,Female,34.0,4.0,0.0,2.0,1.0,0.0,166037.93,0
101976,Trevisano,517.0,Spain,Male,57.0,9.0,112119.48,1.0,0.0,0.0,27702.01,0
101977,Hsing,569.0,Spain,,37.0,6.0,0.0,2.0,1.0,0.0,125585.15,0
101978,Padovano,731.0,France,,41.0,9.0,0.0,1.0,1.0,,57582.38,0
101979,Ferguson,619.0,France,Male,32.0,2.0,,2.0,1.0,1.0,165576.55,0
101980,Richardson,594.0,France,,,3.0,125511.0,1.0,1.0,1.0,106848.21,0
101981,Kashiwagi,704.0,France,Male,28.0,4.0,0.0,2.0,1.0,1.0,104035.41,0
101982,Frolov,628.0,France,Female,40.0,5.0,0.0,1.0,1.0,1.0,120575.41,1
101983,Dyer,807.0,Spain,Female,35.0,1.0,86829.79,1.0,1.0,0.0,126835.45,0
101984,Iadanza,635.0,Germany,Male,30.0,2.0,99565.94,2.0,1.0,0.0,175749.82,0
101985,Nucci,,Germany,Male,36.0,4.0,136186.44,2.0,1.0,1.0,138536.09,0
101986,Smith,629.0,Spain,Male,45.0,7.0,0.0,1.0,1.0,0.0,162830.5,1
101987,Pagnotto,598.0,France,Female,53.0,2.0,0.0,2.0,1.0,1.0,122639.73,0
101988,McGregor,634.0,France,Female,44.0,4.0,116290.89,1.0,0.0,0.0,22191.82,1
101989,Mancini,709.0,Spain,Male,41.0,9.0,0.0,2.0,1.0,,143883.1,0
101990,Simpson,556.0,France,Male,35.0,1.0,,1.0,0.0,0.0,126747.55,0
101991,Yegorov,695.0,France,Male,24.0,1.0,0.0,,1.0,,,0
101992,Manna,648.0,Spain,Female,28.0,8.0,0.0,2.0,1.0,0.0,80992.93,0
101993,Chinweuba,637.0,France,Female,63.0,6.0,0.0,1.0,0.0,0.0,65447.09,1
101994,Chiazagomekpere,599.0,,Male,33.0,,0.0,2.0,,,29388.02,0
101995,Uchenna,513.0,Germany,Female,49.0,4.0,106854.15,1.0,1.0,0.0,38227.64,1
101996,Tuan,770.0,,Female,30.0,5.0,0.0,2.0,1.0,1.0,181635.31,0
101997,Kuo,,France,Female,53.0,,171786.25,1.0,1.0,1.0,89001.89,1
101998,Scott,,Spain,Male,41.0,6.0,137894.11,1.0,,0.0,8632.34,0
101999,Lettiere,592.0,Germany,Male,32.0,3.0,121245.3,2.0,1.0,1.0,86838.24,0
102000,Gardener,564.0,France,Male,28.0,,0.0,2.0,0.0,1.0,143927.0,0
102001,Hsia,637.0,France,Male,37.0,9.0,0.0,2.0,1.0,0.0,164975.73,0
102002,Hsia,652.0,France,Female,31.0,,145614.94,2.0,1.0,0.0,,0
102003,Fomin,691.0,France,Female,33.0,10.0,0.0,2.0,1.0,1.0,57988.79,0
102004,Tien,710.0,France,Male,30.0,5.0,122030.59,1.0,1.0,1.0,136859.71,0
102005,Onyekachukwu,642.0,Spain,,46.0,4.0,0.0,2.0,1.0,1.0,146891.07,0
102006,Baldwin,576.0,France,Female,32.0,9.0,0.0,1.0,1.0,,41657.37,0
102007,Maclean,,France,Male,,5.0,0.0,2.0,0.0,0.0,109563.38,0
102008,H?,597.0,Germany,Female,34.0,8.0,95727.05,2.0,1.0,0.0,190606.9,0
102009,Ross,676.0,Spain,Female,54.0,4.0,0.0,1.0,1.0,0.0,100826.02,1
102010,Sagese,709.0,France,Male,47.0,6.0,0.0,1.0,1.0,1.0,172895.1,0
102011,Shih,507.0,France,Female,44.0,1.0,118833.32,1.0,1.0,1.0,,0
102012,Mancini,650.0,Spain,,29.0,6.0,100281.1,2.0,0.0,0.0,23489.47,0
102013,Y?,749.0,France,Male,38.0,7.0,0.0,,,1.0,52191.17,0
102014,De Luca,627.0,,Female,51.0,1.0,159962.68,2.0,1.0,1.0,121571.06,0
102015,Hsiung,614.0,France,Female,60.0,8.0,0.0,1.0,0.0,0.0,167592.8,1
102016,Chikwendu,447.0,Spain,Female,36.0,1.0,0.0,2.0,1.0,0.0,97977.26,0
102017,Chiu,742.0,France,Male,37.0,1.0,0.0,2.0,1.0,1.0,146652.1,0
102018,Chuang,710.0,Spain,Male,44.0,8.0,0.0,2.0,1.0,0.0,115453.52,0
102019,Hsia,697.0,France,Female,36.0,8.0,0.0,2.0,1.0,1.0,176779.46,0
102020,Chidozie,588.0,France,Female,39.0,7.0,0.0,1.0,,1.0,156759.76,1
102021,Hsia,768.0,Spain,Male,39.0,2.0,124437.95,1.0,0.0,0.0,17795.03,0
102022,Gonzalez,567.0,Germany,Female,47.0,2.0,123657.15,,1.0,,142940.99,1
102023,Ugochukwutubelum,526.0,France,Male,33.0,1.0,0.0,2.0,0.0,1.0,,0
102024,Milano,696.0,Spain,Female,46.0,5.0,0.0,2.0,1.0,,,0
102025,Milanesi,586.0,Spain,Male,34.0,0.0,0.0,2.0,1.0,1.0,,0
102026,Onyeoruru,632.0,Germany,Female,40.0,6.0,102624.5,1.0,1.0,1.0,119331.2,0
102027,Huggins,758.0,Germany,Female,42.0,2.0,,1.0,1.0,0.0,74501.05,1
102028,Ojiofor,710.0,France,Male,37.0,5.0,121404.74,1.0,1.0,1.0,27980.8,0
102029,Ch'ien,,,Male,30.0,,0.0,2.0,1.0,1.0,92489.59,0
102030,Chukwufumnanya,613.0,France,Male,34.0,,0.0,2.0,1.0,1.0,72930.12,0
102031,Tien,696.0,France,Male,34.0,5.0,95649.56,1.0,1.0,0.0,115742.12,0
102032,Clements,729.0,France,Female,45.0,,0.0,1.0,1.0,0.0,161417.16,1
102033,Kuo,629.0,France,Female,28.0,8.0,0.0,1.0,1.0,0.0,102289.99,0
102034,Hs?,584.0,,Male,42.0,9.0,136624.6,1.0,1.0,1.0,187857.52,1
102035,Onyemere,726.0,Spain,Female,36.0,5.0,0.0,2.0,1.0,0.0,146800.08,0
102036,Ojiofor,805.0,France,Female,39.0,6.0,133363.57,1.0,1.0,1.0,89535.39,0
102037,Omeokachie,698.0,Germany,Female,55.0,5.0,141685.36,1.0,0.0,0.0,,0
102038,Chukwumaobim,584.0,Germany,Female,61.0,5.0,76819.66,1.0,,,51334.45,0
102039,Manna,671.0,Spain,Male,24.0,8.0,0.0,,1.0,1.0,102484.88,0
102040,Tuan,715.0,France,Male,36.0,0.0,0.0,2.0,1.0,1.0,78858.07,0
102041,Fiorentini,850.0,France,Female,39.0,3.0,114126.57,1.0,1.0,1.0,7019.29,0
102042,L?,635.0,Germany,Female,34.0,9.0,75544.07,1.0,0.0,1.0,101012.36,0
102043,H?,669.0,Germany,Male,33.0,4.0,114866.98,2.0,0.0,1.0,85545.73,0
102044,Cribb,,Germany,Female,44.0,,142638.31,2.0,0.0,0.0,134829.3,1
102045,Hsiung,591.0,France,Male,29.0,6.0,127834.25,2.0,1.0,0.0,12130.25,0
102046,Chien,582.0,Germany,Female,33.0,3.0,98188.7,,0.0,0.0,109283.21,0
102047,Kao,644.0,,Male,48.0,3.0,0.0,1.0,0.0,0.0,158559.78,1
102048,Hsia,796.0,Spain,Male,36.0,9.0,125696.97,,0.0,0.0,86344.63,0
102049,Baryshnikov,678.0,Spain,Female,38.0,2.0,0.0,1.0,1.0,1.0,99740.36,0
102050,T'ao,637.0,France,Male,59.0,1.0,0.0,2.0,1.0,1.0,60721.4,0
102051,Vasilieva,635.0,Germany,Female,,,134572.82,1.0,1.0,0.0,,1
102052,Stephenson,586.0,Germany,Male,33.0,3.0,168242.63,3.0,,,109491.19,0
102053,Onwumelu,586.0,France,Female,52.0,5.0,0.0,1.0,1.0,0.0,116855.76,1
102054,Hsieh,696.0,,Male,34.0,8.0,0.0,2.0,1.0,1.0,167027.22,0
102055,Golubeva,714.0,France,Female,42.0,6.0,102270.46,,1.0,0.0,33043.44,0
102056,Clements,751.0,France,Male,31.0,7.0,0.0,2.0,0.0,0.0,1140.02,0
102057,Palerma,579.0,Germany,Male,38.0,8.0,96813.33,,1.0,1.0,103444.74,0
102058,Baresi,556.0,Spain,Female,33.0,6.0,0.0,2.0,0.0,0.0,99295.47,0
102059,Nwokezuike,,France,Female,32.0,2.0,0.0,2.0,1.0,1.0,143585.29,0
102060,Chinonyelum,751.0,France,Female,36.0,9.0,0.0,2.0,1.0,0.0,48233.27,0
102061,Nwabugwu,628.0,Spain,Female,,5.0,0.0,1.0,1.0,1.0,131748.88,1
102062,Fancher,645.0,France,Male,39.0,6.0,0.0,2.0,1.0,0.0,,0
102063,Mott,542.0,,Male,37.0,3.0,98899.79,2.0,1.0,1.0,198108.69,0
102064,T'ang,663.0,Germany,Female,65.0,1.0,167833.95,1.0,1.0,0.0,180614.72,1
102065,Baresi,,France,Female,40.0,9.0,0.0,1.0,0.0,0.0,35025.48,1
102066,Udinese,679.0,Spain,,44.0,2.0,136745.26,1.0,0.0,0.0,14865.91,1
102067,Ejimofor,775.0,France,Female,,2.0,0.0,2.0,1.0,1.0,52896.74,0
102068,Ndubueze,742.0,France,Female,37.0,3.0,0.0,1.0,1.0,0.0,176942.83,0
102069,Tuan,774.0,Germany,,41.0,4.0,97361.66,1.0,1.0,,160130.18,0
102070,Teng,687.0,France,Male,47.0,,148451.45,3.0,1.0,0.0,99057.14,1
102071,Hsiung,703.0,,Male,41.0,5.0,133463.1,1.0,1.0,1.0,28397.7,0
102072,Sagese,728.0,,,40.0,3.0,0.0,2.0,1.0,0.0,180969.6,0
102073,Goliwe,,France,Female,43.0,5.0,135140.17,1.0,1.0,0.0,17590.21,1
102074,Hao,731.0,Germany,Male,39.0,1.0,105775.1,1.0,1.0,1.0,96866.02,0
102075,Ts'ai,581.0,Spain,Female,44.0,1.0,0.0,1.0,1.0,1.0,57896.27,1
102076,Ndukaku,666.0,Spain,Male,48.0,8.0,0.0,2.0,1.0,1.0,56472.74,0
102077,Hsia,641.0,France,Male,30.0,8.0,140051.23,1.0,1.0,0.0,183656.12,0
102078,Okeke,607.0,Germany,Female,54.0,,138498.66,,1.0,1.0,168035.46,1
102079,Butler,605.0,France,Female,30.0,1.0,0.0,2.0,,1.0,23384.43,0
102080,Krichauff,745.0,France,Male,31.0,10.0,0.0,1.0,1.0,0.0,21819.89,0
102081,Hsiung,665.0,France,Female,42.0,6.0,0.0,1.0,0.0,1.0,93399.31,0
102082,Trevisano,722.0,Spain,Male,44.0,3.0,0.0,2.0,1.0,1.0,,0
102083,Nkemdilim,735.0,Germany,Male,35.0,1.0,132512.31,1.0,1.0,1.0,182028.44,0
102084,Macdonald,583.0,France,Male,38.0,6.0,0.0,1.0,1.0,0.0,104437.96,0
102085,Goliwe,712.0,Germany,Male,,9.0,,1.0,1.0,1.0,13819.42,0
102086,Ferrari,757.0,Spain,Male,35.0,,90721.52,2.0,0.0,0.0,182490.07,1
102087,Fokine,652.0,France,Female,31.0,4.0,144618.13,1.0,1.0,0.0,199414.01,0
102088,Thompson,757.0,France,,34.0,8.0,0.0,2.0,,,64445.71,0
102089,Trentino,748.0,,Male,40.0,2.0,105731.58,,0.0,1.0,86791.9,0
102090,Olisaemeka,714.0,Spain,Male,33.0,2.0,0.0,2.0,1.0,1.0,85901.76,0
102091,Ibezimako,682.0,France,Male,38.0,4.0,0.0,2.0,0.0,1.0,133698.78,0
102092,Mazzi,707.0,France,,37.0,4.0,0.0,2.0,1.0,1.0,156502.58,0
102093,Macintyre,827.0,France,Male,32.0,5.0,0.0,2.0,1.0,1.0,177531.48,0
102094,Fan,652.0,Spain,Female,33.0,1.0,0.0,1.0,1.0,1.0,110737.44,1
102095,Tretyakova,,Germany,Female,59.0,1.0,132938.21,1.0,0.0,0.0,171457.06,0
102096,Hargreaves,821.0,Germany,Male,39.0,8.0,94108.54,2.0,1.0,0.0,141023.01,0
102097,Yeh,,,Male,30.0,8.0,0.0,1.0,1.0,0.0,72908.16,0
102098,Folliero,622.0,France,Male,36.0,10.0,0.0,2.0,1.0,1.0,126246.0,0
102099,Li,743.0,Germany,Male,31.0,3.0,129843.96,1.0,1.0,1.0,120168.65,0
102100,Beavers,659.0,France,Female,53.0,2.0,0.0,1.0,1.0,1.0,184861.55,1
102101,Hs?,587.0,Germany,Male,64.0,7.0,116762.97,,1.0,1.0,,0
102102,Yefremova,793.0,Spain,Female,40.0,2.0,0.0,2.0,1.0,0.0,146846.1,0
102103,T'ien,671.0,France,Male,37.0,4.0,0.0,2.0,1.0,0.0,,0
102104,Okwuoma,685.0,Spain,Female,37.0,4.0,0.0,2.0,1.0,0.0,49227.87,0
102105,T'ao,732.0,Germany,Male,33.0,6.0,175914.8,2.0,1.0,0.0,73440.63,0
102106,Maconochie,633.0,France,Female,38.0,7.0,0.0,2.0,1.0,,82900.53,0
102107,Udinesi,491.0,France,Female,30.0,10.0,0.0,,1.0,1.0,45993.13,0
102108,Padovesi,629.0,France,Female,45.0,3.0,0.0,1.0,1.0,0.0,12144.11,1
102109,Hs?,728.0,France,Female,30.0,4.0,0.0,1.0,0.0,,154117.63,0
102110,Chidozie,695.0,France,Male,38.0,,,1.0,1.0,1.0,77435.83,0
102111,Chidubem,758.0,France,,36.0,1.0,0.0,2.0,,1.0,4157.43,0
102112,Yobachukwu,850.0,,Female,44.0,3.0,0.0,3.0,1.0,,,1
102113,Hsia,634.0,France,Female,38.0,8.0,0.0,2.0,0.0,1.0,81228.17,0
102114,Nnamdi,703.0,France,Male,34.0,6.0,,1.0,0.0,1.0,1710.88,0
102115,Hsueh,609.0,,Male,45.0,3.0,99258.23,1.0,0.0,0.0,149913.87,0
102116,Bellucci,628.0,Spain,Female,50.0,8.0,0.0,2.0,0.0,0.0,,0
102117,Nebechi,709.0,Spain,Male,34.0,8.0,0.0,2.0,1.0,1.0,83635.67,0
102118,Loane,588.0,France,Female,37.0,6.0,0.0,2.0,1.0,1.0,70524.14,0
102119,Folliero,573.0,Germany,Female,30.0,,105418.67,2.0,0.0,0.0,153368.89,1
102120,Okwukwe,756.0,Spain,Male,,2.0,0.0,2.0,,,,0
102121,Chukwualuka,569.0,France,Male,36.0,2.0,0.0,2.0,1.0,1.0,91094.83,0
102122,Murray,660.0,France,Male,34.0,5.0,0.0,,1.0,1.0,52471.36,0
102123,Chukwualuka,526.0,Spain,Male,35.0,5.0,0.0,2.0,1.0,0.0,38157.63,0
102124,Fenton,677.0,France,Male,42.0,1.0,184256.86,1.0,1.0,1.0,38967.22,0
102125,Chieloka,,Spain,Female,36.0,8.0,,2.0,1.0,1.0,142542.48,0
102126,Goliwe,714.0,Spain,Male,41.0,1.0,121081.24,1.0,0.0,1.0,145695.23,0
102127,Bates,749.0,Germany,Female,40.0,7.0,131928.9,2.0,1.0,1.0,84878.41,0
102128,Ch'ien,521.0,Germany,,32.0,8.0,130427.65,1.0,1.0,0.0,,0
102129,She,659.0,France,Male,44.0,4.0,127224.59,2.0,1.0,0.0,,0
102130,Bibi,619.0,Germany,Female,35.0,,107481.26,1.0,1.0,0.0,173464.43,1
102131,Mazzanti,748.0,France,Female,36.0,4.0,0.0,2.0,0.0,0.0,49326.07,0
102132,Gray,641.0,Spain,Male,29.0,3.0,0.0,2.0,1.0,1.0,160141.41,0
102133,Lo Duca,678.0,France,Female,33.0,8.0,0.0,2.0,1.0,1.0,82106.19,0
102134,Udinesi,490.0,Spain,Female,27.0,2.0,0.0,2.0,1.0,,55500.17,0
102135,Craig,667.0,France,Male,45.0,9.0,,1.0,,0.0,470.07,1
102136,Aitken,584.0,Germany,Female,41.0,7.0,133506.21,1.0,1.0,1.0,167771.81,1
102137,Okorie,607.0,France,Female,34.0,6.0,0.0,,0.0,1.0,,0
102138,Webb,844.0,France,Male,33.0,6.0,0.0,1.0,0.0,1.0,157113.66,0
102139,K?,746.0,France,Male,33.0,,0.0,2.0,0.0,0.0,86797.21,0
102140,Hao,823.0,Spain,Male,67.0,4.0,145165.6,1.0,0.0,1.0,134876.48,1
102141,Ross,516.0,Spain,Male,37.0,1.0,,2.0,1.0,0.0,161713.6,0
102142,Shao,638.0,Spain,Male,37.0,8.0,102309.66,1.0,1.0,1.0,168886.16,0
102143,Nwabugwu,767.0,France,Male,43.0,5.0,0.0,,1.0,,114514.13,0
102144,Smith,773.0,France,Male,26.0,9.0,0.0,1.0,,1.0,183168.73,0
102145,T'ao,584.0,France,Male,41.0,4.0,0.0,2.0,1.0,1.0,105886.84,0
102146,P'eng,516.0,France,Male,40.0,8.0,141515.59,1.0,1.0,1.0,128521.16,0
102147,Lo,791.0,France,Female,,6.0,0.0,2.0,1.0,0.0,64832.22,0
102148,Burgess,700.0,Germany,Female,46.0,6.0,121338.98,3.0,1.0,1.0,111007.98,1
102149,Yin,793.0,France,Male,40.0,1.0,0.0,1.0,0.0,,26764.67,0
102150,Lombardo,607.0,France,Female,,5.0,,2.0,1.0,0.0,79777.88,0
102151,Frolova,646.0,Germany,Female,34.0,8.0,129837.04,1.0,1.0,1.0,184446.56,1
102152,Efremov,633.0,France,Male,37.0,4.0,0.0,1.0,0.0,1.0,,0
102153,Shao,,Spain,Male,56.0,1.0,142137.91,1.0,1.0,1.0,162796.16,0
102154,Shao,628.0,Spain,Male,38.0,1.0,0.0,2.0,,1.0,,0
102155,Kao,691.0,Spain,Female,42.0,3.0,65758.29,1.0,1.0,1.0,186856.34,0
102156,Esposito,837.0,Spain,Male,,2.0,122452.84,1.0,1.0,,175795.87,0
102157,Yermakova,706.0,France,Male,55.0,5.0,137682.68,2.0,,,473.51,0
102158,Hsiung,619.0,France,Male,30.0,1.0,0.0,1.0,1.0,0.0,76424.26,0
102159,Ebelechukwu,645.0,France,Male,37.0,8.0,0.0,2.0,,1.0,111094.51,0
102160,Chieloka,589.0,Spain,Female,37.0,6.0,0.0,2.0,1.0,0.0,141846.62,0
102161,Oluchi,681.0,Spain,Male,37.0,1.0,0.0,1.0,,,145972.22,0
102162,Hsieh,589.0,Germany,Male,35.0,2.0,104584.14,1.0,1.0,0.0,28351.48,1
102163,Nwachinemelu,568.0,France,Male,22.0,8.0,40152.99,1.0,1.0,0.0,1055.26,0
102164,Cattaneo,638.0,France,Female,33.0,7.0,120873.15,1.0,1.0,0.0,179897.9,0
102165,Ts'ai,694.0,France,Female,33.0,8.0,,,0.0,0.0,,0
102166,Hughes,,France,,40.0,4.0,0.0,2.0,1.0,1.0,80698.97,0
102167,Chinomso,645.0,France,Male,33.0,4.0,0.0,1.0,1.0,0.0,10758.33,1
102168,Hsing,665.0,Germany,Female,28.0,9.0,132053.07,2.0,1.0,1.0,,0
102169,Mao,727.0,Germany,Male,29.0,2.0,118081.16,2.0,1.0,1.0,131914.91,0
102170,Onwuamaeze,644.0,France,Male,33.0,9.0,72572.4,1.0,0.0,0.0,91574.76,0
102171,Manna,771.0,France,Male,29.0,6.0,106818.14,1.0,1.0,0.0,84152.43,0
102172,Onyemaechi,581.0,France,Male,37.0,9.0,82547.11,2.0,1.0,1.0,172852.16,0
102173,Zikoranachidimma,691.0,France,Male,38.0,3.0,,,,1.0,172363.59,0
102174,Ting,569.0,Spain,Female,,3.0,0.0,2.0,1.0,0.0,88798.25,0
102175,Chukwuemeka,743.0,France,Male,39.0,7.0,0.0,1.0,1.0,0.0,72949.08,0
102176,Dellucci,714.0,France,Male,35.0,3.0,83679.31,1.0,0.0,1.0,172749.4,0
102177,Ch'eng,554.0,France,Female,29.0,2.0,0.0,2.0,0.0,1.0,196609.87,0
102178,Ch'en,544.0,France,Female,33.0,,0.0,,1.0,1.0,173365.87,0
102179,Whitehouse,749.0,France,Male,61.0,5.0,147511.17,1.0,1.0,0.0,97573.1,0
102180,Roberts,695.0,France,Male,45.0,9.0,89366.19,1.0,1.0,1.0,150066.31,1
102181,De Luca,671.0,Germany,Male,23.0,5.0,116914.87,2.0,1.0,1.0,82696.74,0
102182,Nwachukwu,687.0,France,Female,40.0,4.0,0.0,1.0,1.0,1.0,34476.24,0
102183,Tien,591.0,France,Female,62.0,3.0,0.0,3.0,1.0,1.0,147780.85,1
102184,Nkemdilim,656.0,Spain,Male,41.0,9.0,172413.8,1.0,1.0,0.0,64404.26,0
102185,Jamieson,611.0,Spain,Female,37.0,1.0,0.0,2.0,1.0,0.0,142513.5,0
102186,Tseng,588.0,Germany,Female,44.0,4.0,133055.33,1.0,1.0,0.0,172668.39,1
102187,Ch'in,,Germany,Male,37.0,3.0,135661.87,1.0,0.0,1.0,75105.91,0
102188,Chidozie,782.0,France,Male,33.0,10.0,,2.0,,0.0,132889.48,1
102189,Findlay,707.0,France,Male,39.0,2.0,113657.73,1.0,1.0,0.0,133698.64,0
102190,Reeves,582.0,Spain,Male,41.0,9.0,0.0,2.0,0.0,1.0,140190.42,0
102191,Hsueh,605.0,Spain,Female,24.0,3.0,140197.18,1.0,1.0,1.0,183447.06,0
102192,Ojiofor,725.0,,Male,32.0,9.0,112397.0,1.0,0.0,0.0,122613.59,0
102193,Pagnotto,850.0,France,Female,30.0,6.0,0.0,,1.0,1.0,105568.47,0
102194,Tang,631.0,France,Male,,7.0,,2.0,1.0,,71139.54,0
102195,Whitehead,588.0,France,Male,29.0,5.0,0.0,2.0,1.0,1.0,4791.88,0
102196,Hsia,593.0,France,Male,,6.0,,2.0,1.0,0.0,145558.42,0
102197,Lucchesi,,Spain,Male,50.0,5.0,124621.13,1.0,1.0,1.0,126551.45,0
102198,Chiang,596.0,Germany,Male,33.0,4.0,134593.27,2.0,1.0,1.0,124961.42,0
102199,Nkemakolam,616.0,Spain,Male,40.0,2.0,,2.0,,1.0,134939.35,0
102200,Yudin,675.0,,Male,,7.0,0.0,2.0,1.0,0.0,100843.82,0
102201,Tung,579.0,France,Female,40.0,4.0,133906.81,2.0,1.0,0.0,100720.94,0
102202,Folliero,637.0,Germany,Male,36.0,9.0,101830.05,,1.0,0.0,47780.39,0
102203,Mazzanti,631.0,France,Male,38.0,7.0,0.0,2.0,1.0,0.0,83629.84,0
102204,Onyemachukwu,590.0,Germany,Male,35.0,1.0,138627.63,1.0,,1.0,139463.84,0
102205,Gordon,754.0,Germany,Male,58.0,2.0,126773.19,3.0,1.0,1.0,104471.33,1
102206,Ts'ao,725.0,France,Female,,6.0,118857.81,1.0,1.0,,171771.28,0
102207,Ts'ui,543.0,Germany,Male,38.0,9.0,110940.06,1.0,1.0,0.0,1684.2,0
102208,T'ien,569.0,Germany,Female,57.0,0.0,122453.23,1.0,1.0,0.0,89041.32,1
102209,Chiemenam,673.0,Germany,Female,46.0,7.0,113877.19,1.0,0.0,0.0,96447.34,1
102210,Iloerika,646.0,Spain,Male,43.0,8.0,0.0,1.0,,1.0,193477.54,0
102211,Lucchesi,680.0,Spain,Female,42.0,7.0,0.0,2.0,1.0,0.0,60419.79,0
102212,Ts'ui,696.0,Germany,Female,38.0,2.0,109341.27,2.0,1.0,1.0,103564.13,0
102213,Liao,684.0,,Male,,3.0,0.0,2.0,1.0,0.0,89275.36,0
102214,Maclean,765.0,France,Male,36.0,5.0,0.0,2.0,1.0,1.0,53437.1,0
102215,Kulikova,652.0,France,Female,48.0,1.0,0.0,2.0,1.0,1.0,55873.65,0
102216,Ts'ai,706.0,France,Female,40.0,2.0,0.0,2.0,0.0,0.0,103367.93,0
102217,T'ien,506.0,Germany,,35.0,4.0,148766.41,2.0,1.0,0.0,142919.55,1
102218,Hsiung,538.0,Germany,Male,43.0,5.0,121874.89,1.0,0.0,1.0,182412.6,0
102219,Mault,714.0,Spain,Female,39.0,5.0,0.0,1.0,1.0,1.0,157562.42,1
102220,Clark,611.0,France,Male,24.0,5.0,0.0,2.0,1.0,0.0,168052.88,0
102221,T'an,644.0,Germany,Female,34.0,8.0,88897.83,2.0,1.0,0.0,124846.63,0
102222,Forbes,684.0,Spain,Male,,1.0,,1.0,1.0,1.0,82559.4,0
102223,Chiedozie,633.0,France,Female,,1.0,100183.77,1.0,1.0,1.0,67385.04,0
102224,Milani,609.0,Germany,,,4.0,114515.09,1.0,1.0,1.0,133804.92,0
102225,Atkinson,528.0,,Male,32.0,2.0,91048.05,1.0,1.0,0.0,156348.22,0
102226,Genovesi,523.0,,Male,39.0,1.0,109209.24,2.0,1.0,0.0,53673.27,0
102227,Tyler,580.0,,Female,42.0,3.0,0.0,2.0,1.0,1.0,147598.66,0
102228,Hao,762.0,Spain,Male,33.0,5.0,128085.33,,,0.0,69439.61,0
102229,Tsou,588.0,France,Female,,5.0,122266.34,1.0,1.0,0.0,71532.21,0
102230,Kao,775.0,Germany,Male,43.0,1.0,137480.25,2.0,1.0,1.0,77142.67,0
102231,Aksenov,580.0,France,Female,33.0,10.0,0.0,,1.0,0.0,134790.94,0
102232,Palerma,679.0,France,Female,46.0,4.0,0.0,,1.0,,141210.5,0
102233,Ts'ui,751.0,France,Male,29.0,5.0,0.0,2.0,1.0,0.0,95686.6,0
102234,Chidimma,,France,,,2.0,0.0,2.0,1.0,1.0,179862.08,0
102235,Smith,578.0,Spain,,,8.0,,1.0,1.0,1.0,75741.61,0
102236,Zaytseva,667.0,Germany,Female,41.0,7.0,156827.31,1.0,1.0,1.0,164811.07,1
102237,Amaechi,585.0,Spain,Female,36.0,8.0,0.0,2.0,1.0,0.0,1725.85,0
102238,Hao,602.0,France,,58.0,6.0,120615.15,1.0,0.0,1.0,119852.56,0
102239,Forster,573.0,France,Male,47.0,1.0,0.0,1.0,0.0,0.0,86423.89,1
102240,Kao,,Germany,Female,,8.0,100400.09,1.0,1.0,1.0,127815.21,0
102241,Hsia,,Spain,Male,39.0,3.0,0.0,2.0,1.0,0.0,138882.36,0
102242,Ch'eng,722.0,France,Male,28.0,,69962.81,1.0,1.0,0.0,89891.8,0
102243,Lucciano,694.0,France,Male,31.0,,124241.82,1.0,0.0,,160584.87,0
102244,Chukwualuka,686.0,France,Female,34.0,2.0,0.0,2.0,1.0,0.0,112442.63,0
102245,Chiemela,637.0,Spain,Male,37.0,1.0,108044.24,1.0,1.0,1.0,142515.73,0
102246,Chidimma,675.0,France,Male,34.0,9.0,0.0,2.0,1.0,1.0,16897.19,0
102247,Genovese,730.0,France,Female,35.0,4.0,139562.05,1.0,1.0,0.0,64795.59,0
102248,Tsao,623.0,France,Male,52.0,10.0,0.0,1.0,1.0,0.0,86686.42,0
102249,T'ien,592.0,France,Male,36.0,7.0,141665.63,1.0,1.0,1.0,25959.47,0
102250,Yefremova,696.0,France,Female,52.0,7.0,0.0,1.0,1.0,1.0,122319.93,1
102251,Madukwe,850.0,France,Female,52.0,8.0,0.0,1.0,0.0,0.0,20739.72,1
102252,Yuriev,769.0,France,Female,52.0,3.0,0.0,1.0,1.0,0.0,123952.14,1
102253,Chidimma,742.0,Germany,Female,37.0,6.0,57886.8,1.0,1.0,0.0,107108.17,0
102254,Chukwudi,569.0,Spain,Female,38.0,3.0,0.0,,0.0,0.0,134808.33,0
102255,McGregor,776.0,Spain,Male,36.0,,0.0,2.0,1.0,0.0,166588.6,0
102256,Nwachinemelu,613.0,France,Female,,6.0,112610.81,1.0,1.0,0.0,100717.54,0
102257,Nnamutaezinwa,704.0,France,Male,37.0,3.0,140481.77,1.0,1.0,0.0,89679.88,0
102258,Hsieh,652.0,Germany,Female,41.0,9.0,108010.86,2.0,1.0,0.0,183563.17,1
102259,O'Donnell,699.0,Spain,Male,,,0.0,1.0,1.0,1.0,705.22,0
102260,Chidimma,585.0,France,Male,29.0,4.0,,2.0,1.0,0.0,105886.77,0
102261,Chiazagomekpele,767.0,France,Female,,10.0,0.0,2.0,1.0,0.0,115818.51,0
102262,Tien,645.0,Germany,Female,25.0,4.0,93716.72,,1.0,1.0,144776.82,0
102263,Kao,641.0,Germany,,49.0,9.0,114231.19,1.0,1.0,0.0,177779.89,1
102264,Chia,608.0,Spain,Male,26.0,7.0,0.0,3.0,1.0,0.0,121094.62,0
102265,Bledsoe,710.0,France,Male,,9.0,0.0,2.0,1.0,,168034.71,0
102266,T'ien,681.0,France,Male,38.0,4.0,0.0,2.0,1.0,0.0,75786.55,0
102267,Palermo,579.0,Spain,Female,35.0,8.0,0.0,1.0,,0.0,,0
102268,Dyer,579.0,France,Male,39.0,2.0,0.0,2.0,1.0,,36560.51,0
102269,Kay,,Germany,Male,25.0,4.0,,1.0,1.0,0.0,129980.1,0
102270,Hsia,551.0,France,Female,,6.0,0.0,2.0,1.0,0.0,6119.98,0
102271,Kennedy,598.0,France,Female,39.0,1.0,93010.6,2.0,1.0,,175867.1,0
102272,Chidubem,535.0,France,Male,39.0,7.0,160909.04,1.0,0.0,1.0,62674.8,0
102273,Nnamdi,667.0,France,Female,47.0,3.0,0.0,1.0,1.0,0.0,151641.39,1
102274,Fan,697.0,Germany,Male,37.0,7.0,126278.97,2.0,1.0,0.0,88562.72,0
102275,Chizuoke,567.0,France,Male,38.0,1.0,0.0,2.0,1.0,1.0,98940.99,0
102276,Hsia,715.0,Spain,Female,29.0,,0.0,2.0,1.0,1.0,140930.56,0
102277,Ch'in,679.0,Germany,Female,25.0,1.0,113941.79,2.0,0.0,1.0,158042.6,0
102278,Ershova,766.0,France,Male,40.0,8.0,0.0,2.0,1.0,1.0,44172.49,0
102279,Ts'ui,633.0,France,Female,37.0,6.0,0.0,1.0,1.0,0.0,41938.93,1
102280,Ting,758.0,Germany,Female,39.0,8.0,83747.62,1.0,,0.0,122021.39,0
102281,Ch'iu,749.0,Spain,Male,,2.0,121088.29,1.0,1.0,1.0,30966.33,0
102282,Yobachi,573.0,Germany,,41.0,5.0,122568.97,1.0,1.0,0.0,141446.05,1
102283,Okwuadigbo,605.0,France,Male,35.0,,148045.45,,1.0,0.0,88085.16,0
102284,Lu,427.0,France,Male,43.0,5.0,0.0,2.0,1.0,,126599.05,0
102285,Nwebube,684.0,France,Female,34.0,3.0,0.0,2.0,1.0,0.0,89964.25,0
102286,Pugh,658.0,France,Female,36.0,1.0,0.0,2.0,1.0,0.0,129912.74,0
102287,Bezrukov,652.0,Spain,Female,66.0,5.0,0.0,1.0,1.0,1.0,137321.11,0
102288,Chiazagomekpere,684.0,,Female,51.0,2.0,0.0,2.0,0.0,1.0,152989.93,0
102289,Craig,815.0,,Male,34.0,9.0,0.0,2.0,1.0,1.0,,0
102290,Hs?eh,651.0,France,Female,35.0,2.0,0.0,2.0,,0.0,199504.47,0
102291,Ts'ui,850.0,France,Female,30.0,6.0,0.0,2.0,,1.0,123102.01,0
102292,Hsieh,598.0,France,Male,35.0,8.0,0.0,1.0,0.0,1.0,55601.58,0
102293,Baresi,651.0,Spain,Male,29.0,2.0,0.0,2.0,0.0,1.0,92888.73,0
102294,L?,715.0,Spain,Male,34.0,10.0,0.0,2.0,1.0,0.0,3894.28,0
102295,Gardiner,651.0,Germany,Female,51.0,7.0,134796.88,1.0,1.0,0.0,160528.44,1
102296,Tsao,578.0,France,Male,33.0,8.0,0.0,2.0,0.0,0.0,45946.92,0
102297,Stevens,679.0,Spain,,34.0,2.0,0.0,2.0,0.0,0.0,90359.21,0
102298,Kao,598.0,Spain,Female,31.0,2.0,0.0,1.0,1.0,1.0,106532.88,1
102299,Yobanna,681.0,France,Male,41.0,2.0,0.0,,1.0,1.0,100824.79,0
102300,Padovesi,717.0,,Male,58.0,9.0,0.0,1.0,1.0,1.0,129892.87,0
102301,Hsia,686.0,Spain,Female,30.0,,0.0,2.0,1.0,0.0,135851.64,0
102302,Chiu,637.0,France,Male,28.0,,146034.48,1.0,1.0,1.0,143705.1,0
102303,Ch'eng,753.0,Spain,Female,46.0,1.0,0.0,1.0,0.0,0.0,81485.94,1
102304,Chiu,544.0,France,Female,41.0,,0.0,1.0,0.0,0.0,,1
102305,Maclean,684.0,Germany,Male,60.0,1.0,112027.17,1.0,0.0,1.0,61338.33,1
102306,Ugochukwu,638.0,France,Female,47.0,4.0,180377.05,3.0,1.0,0.0,,1
102307,Lane,597.0,Germany,Male,24.0,5.0,,1.0,1.0,1.0,128484.06,0
102308,Smith,,France,Male,30.0,4.0,0.0,2.0,1.0,1.0,136859.55,0
102309,Maclean,757.0,Germany,Female,32.0,7.0,146380.24,1.0,1.0,0.0,47779.53,0
102310,McGregor,682.0,Germany,Female,42.0,10.0,120334.09,2.0,1.0,0.0,88890.57,0
102311,Hsueh,,France,Male,36.0,1.0,126826.67,1.0,0.0,1.0,,0
102312,Milano,712.0,France,Male,39.0,6.0,109568.92,1.0,1.0,0.0,143929.09,0
102313,Ch'iu,714.0,France,Male,35.0,8.0,0.0,2.0,1.0,0.0,138350.8,0
102314,Hs?,758.0,Germany,Male,,4.0,128743.86,2.0,1.0,,158037.69,0
102315,Hs?,652.0,France,Male,43.0,6.0,140202.97,1.0,0.0,0.0,,1
102316,Trevisano,835.0,Germany,Female,48.0,5.0,143656.73,1.0,1.0,0.0,86920.05,1
102317,Ni,675.0,,Male,33.0,1.0,,1.0,,1.0,131234.72,0
102318,Chidiebere,,France,Male,29.0,5.0,0.0,2.0,1.0,0.0,172665.21,0
102319,Yuryeva,710.0,Spain,Female,34.0,3.0,0.0,2.0,1.0,0.0,159920.27,0
102320,Barese,730.0,Germany,Female,37.0,6.0,129028.66,1.0,1.0,0.0,129891.84,1
102321,Kao,641.0,Spain,Female,37.0,6.0,0.0,1.0,0.0,0.0,,0
102322,Chinedum,,Germany,Female,55.0,2.0,121355.99,1.0,0.0,0.0,171207.74,1
102323,Fanucci,594.0,Spain,Female,54.0,9.0,0.0,1.0,0.0,0.0,102910.12,1
102324,Ts'ai,,Germany,Female,34.0,9.0,,1.0,1.0,0.0,143599.5,1
102325,Ch'iu,593.0,Germany,Female,47.0,6.0,127072.83,1.0,1.0,0.0,120852.85,1
102326,Owens,757.0,Germany,,30.0,3.0,113686.1,1.0,0.0,0.0,152912.87,1
102327,Houghton,733.0,Germany,Male,30.0,8.0,122325.43,1.0,0.0,1.0,53323.07,0
102328,Montemayor,,Germany,Female,43.0,,127505.96,1.0,1.0,0.0,53691.8,1
102329,Bage,682.0,France,Female,26.0,4.0,0.0,,0.0,0.0,94862.77,0
102330,Hsueh,750.0,Spain,Female,40.0,,0.0,2.0,1.0,1.0,149310.22,0
102331,O'Donnell,721.0,Spain,Male,33.0,7.0,139561.46,1.0,1.0,1.0,1453.04,0
102332,Messersmith,582.0,France,,36.0,1.0,0.0,3.0,1.0,1.0,156497.55,0
102333,Pisano,516.0,France,Male,40.0,8.0,0.0,2.0,1.0,1.0,14080.13,0
102334,Gearheart,684.0,,Female,44.0,8.0,0.0,1.0,0.0,0.0,121633.54,0
102335,Galkin,453.0,Germany,Male,45.0,9.0,86944.24,1.0,1.0,0.0,108878.61,0
102336,Chu,694.0,Germany,Male,33.0,6.0,137880.83,2.0,0.0,0.0,51120.48,0
102337,Hayes,606.0,France,Male,33.0,0.0,105522.06,1.0,1.0,1.0,105718.48,0
102338,Uspensky,684.0,France,Female,35.0,5.0,0.0,2.0,1.0,1.0,125912.8,0
102339,Liao,569.0,Spain,Female,34.0,3.0,0.0,2.0,0.0,1.0,82964.01,0
102340,Nwachinemelu,,France,Female,37.0,3.0,0.0,2.0,1.0,0.0,144400.76,0
102341,Fiorentini,472.0,Spain,Female,56.0,1.0,81692.97,1.0,0.0,0.0,181357.23,1
102342,Chukwufumnanya,521.0,France,Female,45.0,7.0,0.0,2.0,,0.0,116466.11,0
102343,Watson,681.0,,Male,,4.0,,1.0,1.0,1.0,171025.66,0
102344,Maclean,652.0,Germany,Male,52.0,9.0,114732.34,1.0,1.0,0.0,53308.18,1
102345,Kao,739.0,Spain,Male,28.0,4.0,,1.0,1.0,1.0,173455.97,0
102346,Dann,641.0,Germany,,46.0,2.0,156749.04,1.0,1.0,1.0,151426.91,0
102347,McIntyre,,France,Female,52.0,6.0,0.0,1.0,1.0,1.0,128920.34,1
102348,Young,633.0,Germany,Male,27.0,4.0,124450.21,1.0,,1.0,108127.69,0
102349,Ugochukwutubelum,624.0,France,Male,39.0,5.0,74979.89,1.0,,1.0,179632.03,0
102350,Saunders,676.0,France,Female,26.0,7.0,0.0,2.0,,0.0,,0
102351,Hs?eh,596.0,France,Male,39.0,4.0,81215.72,1.0,1.0,0.0,1375.27,0
102352,Gilchrist,716.0,Spain,Male,34.0,5.0,87585.47,2.0,1.0,0.0,82975.0,0
102353,Manna,739.0,France,Male,36.0,1.0,0.0,2.0,1.0,0.0,122929.99,0
102354,McIntosh,,Spain,Female,,3.0,0.0,1.0,1.0,1.0,145791.1,1
102355,Goliwe,682.0,France,Male,30.0,2.0,0.0,2.0,1.0,0.0,60247.23,0
102356,Padovesi,489.0,Germany,Male,37.0,7.0,142167.71,2.0,1.0,0.0,140933.36,0
102357,Nworie,708.0,France,Male,26.0,9.0,0.0,2.0,0.0,1.0,134440.97,0
102358,Fanucci,,Germany,Female,37.0,9.0,107842.96,1.0,1.0,0.0,164061.6,1
102359,Folliero,735.0,Spain,Male,38.0,8.0,115025.91,1.0,1.0,0.0,103077.35,0
102360,Nwokezuike,489.0,Spain,Male,36.0,5.0,0.0,1.0,1.0,1.0,94619.91,0
102361,Virgo,773.0,Spain,Female,34.0,6.0,,1.0,1.0,1.0,132468.5,0
102362,Lucchesi,657.0,Germany,Female,31.0,1.0,118849.65,1.0,1.0,0.0,74577.21,1
102363,Nwokeocha,687.0,France,Female,39.0,4.0,87449.11,2.0,0.0,1.0,13188.39,0
102364,Tretiakova,764.0,Germany,Male,40.0,3.0,108621.53,,0.0,1.0,14102.54,0
102365,Chigolum,607.0,Germany,Male,37.0,8.0,132991.45,2.0,1.0,1.0,51766.08,0
102366,Zetticci,586.0,,Male,31.0,10.0,0.0,1.0,0.0,1.0,75869.02,0
102367,H?,670.0,Spain,Male,40.0,8.0,0.0,2.0,1.0,0.0,181177.9,0
102368,Young,773.0,France,Female,34.0,8.0,0.0,1.0,0.0,1.0,44419.57,0
102369,McNeil,721.0,Germany,Female,39.0,5.0,141806.01,2.0,,0.0,192672.16,0
102370,Lo,521.0,France,Female,38.0,1.0,0.0,1.0,1.0,0.0,75608.14,1
102371,Okeke,807.0,France,Male,38.0,5.0,91899.5,2.0,1.0,1.0,112015.94,1
102372,Onwumelu,597.0,,Female,28.0,6.0,0.0,2.0,0.0,1.0,161556.34,0
102373,Wang,,Spain,Female,,6.0,0.0,2.0,,1.0,26151.71,0
102374,Onwuamaeze,679.0,Germany,Male,53.0,1.0,108287.53,1.0,,0.0,168815.71,1
102375,Hsu,727.0,France,Female,32.0,9.0,0.0,2.0,0.0,1.0,131827.15,0
102376,Hsing,642.0,France,Male,35.0,5.0,133650.52,1.0,1.0,1.0,102924.82,0
102377,H?,587.0,Spain,Male,22.0,6.0,207805.65,2.0,1.0,0.0,94857.98,0
102378,Nwankwo,714.0,France,Female,32.0,10.0,0.0,2.0,,1.0,95463.29,0
102379,Onyekachi,693.0,Germany,Male,48.0,,132408.09,1.0,1.0,0.0,145535.25,1
102380,Obidimkpa,694.0,,Female,34.0,7.0,154764.05,2.0,1.0,0.0,,0
102381,Sharpe,683.0,Germany,Male,32.0,,,1.0,1.0,1.0,152293.3,0
102382,Chigolum,729.0,,Male,29.0,3.0,109957.11,2.0,0.0,1.0,171413.66,0
102383,Woronoff,628.0,France,Male,71.0,9.0,0.0,1.0,1.0,0.0,42882.18,0
102384,Chin,723.0,Spain,Female,51.0,8.0,0.0,1.0,1.0,0.0,114555.67,1
102385,Sagese,596.0,,Male,31.0,7.0,103315.18,1.0,1.0,1.0,165573.54,0
102386,Chukwujamuike,629.0,Spain,,43.0,,131633.67,1.0,1.0,0.0,199805.24,1
102387,Goliwe,600.0,France,Male,37.0,2.0,0.0,2.0,1.0,1.0,152992.04,0
102388,Chiang,850.0,France,Male,29.0,3.0,107141.27,1.0,1.0,0.0,28173.18,0
102389,O'Toole,637.0,,Female,27.0,3.0,127080.82,1.0,1.0,0.0,184108.49,0
102390,Nwachukwu,681.0,France,Female,66.0,9.0,0.0,3.0,,1.0,66631.72,1
102391,Eluemuno,485.0,Spain,Female,37.0,,0.0,2.0,0.0,1.0,141426.78,0
102392,Cameron,768.0,France,Male,37.0,4.0,66683.1,1.0,1.0,1.0,108004.78,1
102393,O'Sullivan,819.0,Germany,Female,49.0,6.0,112039.96,1.0,1.0,0.0,186123.37,1
102394,Chineze,601.0,France,Male,,7.0,0.0,2.0,,1.0,126813.75,0
102395,John,714.0,France,Female,59.0,1.0,0.0,1.0,1.0,0.0,123410.15,1
102396,Ts'ai,564.0,France,Male,26.0,5.0,0.0,2.0,1.0,1.0,185543.35,0
102397,Hsia,682.0,France,Male,30.0,7.0,,2.0,1.0,1.0,177929.64,0
102398,Ts'ai,632.0,France,Female,57.0,,0.0,4.0,1.0,1.0,63498.25,1
102399,Smith,609.0,France,,34.0,5.0,81540.09,1.0,1.0,1.0,87169.27,0
102400,H?,670.0,Spain,Female,28.0,1.0,62788.91,1.0,1.0,0.0,110825.92,0
102401,Onyemachukwu,696.0,France,,37.0,2.0,0.0,,0.0,,88842.8,0
102402,Nwankwo,790.0,France,Female,37.0,0.0,111357.45,1.0,1.0,,102635.4,0
102403,Ch'eng,684.0,France,Male,40.0,2.0,0.0,2.0,1.0,0.0,5102.36,0
102404,Hs?eh,838.0,France,,38.0,7.0,0.0,1.0,0.0,0.0,166682.28,1
102405,Ts'ui,663.0,France,Male,32.0,3.0,0.0,,0.0,1.0,121091.89,0
102406,Efremova,645.0,,,51.0,10.0,107711.28,1.0,1.0,0.0,146548.48,1
102407,Yobachukwu,703.0,,Female,46.0,2.0,137814.72,1.0,0.0,1.0,114547.56,0
102408,K'ung,667.0,France,Male,39.0,9.0,115169.28,1.0,0.0,0.0,81776.62,0
102409,Hsiung,,France,Female,31.0,9.0,0.0,2.0,1.0,1.0,142670.61,0
102410,Walker,581.0,Spain,Male,27.0,2.0,0.0,2.0,1.0,1.0,,0
102411,Udokamma,706.0,Spain,Male,31.0,9.0,0.0,2.0,0.0,1.0,72943.29,0
102412,Gboliwe,686.0,France,Female,33.0,4.0,0.0,2.0,,1.0,143865.91,0
102413,Nkemdirim,613.0,,Female,36.0,8.0,0.0,2.0,1.0,0.0,199709.99,0
102414,Palermo,695.0,France,Male,52.0,2.0,0.0,2.0,1.0,1.0,146036.02,0
102415,Black,628.0,France,Male,41.0,6.0,0.0,2.0,1.0,0.0,142331.85,0
102416,P'eng,,Spain,Male,29.0,6.0,0.0,2.0,1.0,0.0,121763.68,0
102417,Ritchie,587.0,France,Male,35.0,9.0,0.0,2.0,1.0,1.0,70899.27,0
102418,Iloerika,525.0,Spain,Male,39.0,8.0,0.0,1.0,1.0,0.0,193283.24,1
102419,McNeil,611.0,France,Male,54.0,9.0,0.0,,1.0,1.0,173870.39,1
102420,Zikoranachidimma,727.0,Spain,Female,38.0,4.0,0.0,3.0,1.0,0.0,185116.62,1
102421,Udegbunam,792.0,France,Male,40.0,6.0,0.0,2.0,1.0,1.0,48475.2,0
102422,T'ien,630.0,Spain,Male,34.0,7.0,102148.26,1.0,0.0,0.0,126455.24,0
102423,Lambert,554.0,Spain,Female,44.0,,121455.31,1.0,1.0,,55629.56,1
102424,Nwachinemelu,705.0,Spain,Male,33.0,1.0,107791.16,,1.0,1.0,112781.5,0
102425,Gray,564.0,France,Male,24.0,1.0,,,1.0,0.0,127021.09,0
102426,Kao,650.0,France,Male,28.0,3.0,0.0,2.0,1.0,1.0,152412.35,0
102427,Fang,624.0,France,Male,28.0,4.0,0.0,1.0,0.0,1.0,81663.21,0
102428,O'Donnell,706.0,France,Male,40.0,3.0,0.0,2.0,1.0,0.0,194617.98,0
102429,Nnaife,774.0,Germany,Male,40.0,5.0,98547.94,,,0.0,60955.13,0
102430,Kao,684.0,France,Female,31.0,5.0,,1.0,0.0,1.0,67108.67,0
102431,Tretiakova,474.0,France,Female,38.0,3.0,0.0,2.0,1.0,0.0,186105.99,0
102432,Yermakova,781.0,Germany,Female,42.0,10.0,,2.0,1.0,1.0,123199.55,0
102433,Chukwudi,,,Male,35.0,4.0,0.0,2.0,1.0,1.0,27012.0,0
102434,Marsh,675.0,Spain,Male,34.0,7.0,0.0,1.0,1.0,1.0,3541.55,0
102435,Ch'ien,758.0,France,Male,44.0,7.0,146466.43,1.0,1.0,0.0,158511.54,0
102436,Nnonso,,Germany,Male,43.0,9.0,121355.69,1.0,1.0,1.0,47610.51,1
102437,Lucchese,622.0,France,Female,55.0,0.0,0.0,1.0,1.0,0.0,143791.77,1
102438,Yermakov,724.0,Germany,Male,28.0,5.0,,2.0,0.0,1.0,153360.83,0
102439,Nweke,531.0,France,Female,33.0,1.0,0.0,1.0,1.0,0.0,44794.95,1
102440,Chien,,France,Female,43.0,9.0,82481.95,1.0,1.0,0.0,182683.29,0
102441,Mao,682.0,France,Female,31.0,4.0,0.0,1.0,0.0,1.0,162705.82,1
102442,John,,France,Female,45.0,,0.0,2.0,1.0,0.0,184832.94,0
102443,Cremonesi,633.0,Germany,,54.0,8.0,131585.27,1.0,1.0,,181852.58,0
102444,Yobachukwu,,,Male,32.0,1.0,104438.46,1.0,1.0,0.0,141501.84,0
102445,Ch'ien,746.0,,Female,35.0,9.0,162544.37,1.0,1.0,0.0,17079.39,0
102446,Nkemdilim,685.0,Spain,Female,54.0,6.0,105914.49,1.0,0.0,0.0,,1
102447,Walker,,Spain,Female,33.0,2.0,0.0,1.0,1.0,0.0,,1
102448,Kao,717.0,France,Male,41.0,0.0,0.0,2.0,1.0,0.0,66644.59,0
102449,Ch'in,589.0,Spain,Male,45.0,7.0,0.0,2.0,0.0,0.0,102925.76,0
102450,Ibezimako,641.0,France,Male,35.0,8.0,0.0,,,0.0,169415.3,0
102451,Chidubem,597.0,Germany,Male,39.0,5.0,123913.35,2.0,1.0,,93533.01,0
102452,Ts'ui,,France,Female,41.0,1.0,160540.67,1.0,1.0,0.0,124977.55,1
102453,Pinto,444.0,Spain,Male,32.0,6.0,0.0,,,1.0,23816.37,0
102454,Enyinnaya,717.0,Spain,Female,29.0,6.0,0.0,2.0,1.0,1.0,134891.04,0
102455,Okwudiliolisa,744.0,France,Male,37.0,8.0,,2.0,0.0,,79476.42,0
102456,T'ang,850.0,France,Female,,1.0,127731.21,,1.0,1.0,39619.31,0
102457,Chukwueloka,614.0,Germany,Male,33.0,4.0,127677.35,1.0,1.0,1.0,122844.52,0
102458,Hurst,644.0,Spain,Female,35.0,1.0,0.0,2.0,1.0,1.0,191453.28,0
102459,Palerma,670.0,France,Male,,1.0,0.0,2.0,1.0,1.0,86979.44,0
102460,Nkemakonam,844.0,France,Male,41.0,1.0,,2.0,1.0,0.0,129964.5,0
102461,H?,500.0,France,Female,36.0,,139392.31,2.0,1.0,,113893.45,0
102462,Harris,,Germany,Male,36.0,6.0,,1.0,0.0,0.0,,1
102463,O'Sullivan,757.0,Spain,Female,38.0,5.0,109036.75,1.0,,1.0,172408.59,0
102464,Shao,564.0,France,Female,31.0,5.0,0.0,2.0,1.0,1.0,93152.41,0
102465,Tien,673.0,France,Male,40.0,1.0,0.0,2.0,0.0,0.0,153437.61,0
102466,Radcliffe-Brown,758.0,France,Male,30.0,9.0,89044.13,1.0,0.0,1.0,142998.62,0
102467,Pirozzi,663.0,France,Female,40.0,3.0,0.0,1.0,1.0,1.0,166844.63,1
102468,Y?an,482.0,France,Female,38.0,9.0,0.0,2.0,0.0,1.0,26389.92,0
102469,Trevisani,673.0,France,Male,38.0,3.0,108166.6,1.0,0.0,1.0,158259.96,0
102470,Ts'ui,683.0,Spain,Male,34.0,2.0,0.0,2.0,1.0,0.0,91660.72,0
102471,Ch'ien,,Germany,Female,,4.0,107639.17,2.0,0.0,1.0,181890.41,0
102472,Ulyanova,634.0,,Female,41.0,3.0,136483.02,1.0,1.0,0.0,76072.13,0
102473,Manfrin,632.0,France,,33.0,8.0,0.0,2.0,1.0,1.0,122642.87,0
102474,Craig,619.0,France,Male,34.0,,0.0,2.0,1.0,1.0,187985.41,0
102475,Obidimkpa,655.0,France,Female,40.0,10.0,0.0,1.0,1.0,0.0,61417.42,1
102476,Okwudilichukwu,650.0,France,Male,39.0,5.0,0.0,1.0,1.0,1.0,131640.46,0
102477,Frolov,,France,Male,41.0,2.0,81938.68,1.0,1.0,,151623.71,0
102478,Jackson,689.0,France,Female,42.0,1.0,,1.0,,0.0,131802.92,1
102479,Andrews,676.0,Spain,,33.0,6.0,0.0,2.0,0.0,0.0,138308.44,0
102480,H?,624.0,France,Male,,2.0,127227.69,1.0,1.0,0.0,102284.14,1
102481,Palmer,706.0,France,,38.0,4.0,0.0,2.0,1.0,1.0,70955.95,0
102482,Meng,582.0,France,Female,26.0,4.0,145899.66,1.0,1.0,0.0,90547.36,0
102483,Chukwualuka,,Germany,Female,34.0,8.0,123572.25,2.0,1.0,0.0,164975.53,0
102484,Ozoemena,584.0,,Male,47.0,7.0,0.0,1.0,1.0,0.0,21279.5,0
102485,Chukwuebuka,565.0,Germany,Male,30.0,5.0,97595.6,1.0,1.0,1.0,71166.31,0
102486,Calabrese,684.0,France,Female,37.0,3.0,0.0,2.0,1.0,1.0,136970.38,0
102487,K'ung,751.0,France,Male,30.0,4.0,0.0,2.0,0.0,0.0,158886.39,0
102488,Nkemakolam,498.0,France,Male,43.0,8.0,151917.3,1.0,1.0,1.0,145560.18,0
102489,Chibuzo,612.0,Germany,Female,28.0,5.0,186501.8,,1.0,1.0,177815.63,0
102490,Chukwueloka,850.0,Spain,Male,23.0,,0.0,2.0,1.0,0.0,,0
102491,Nnanna,426.0,France,Female,46.0,7.0,0.0,2.0,0.0,0.0,75928.14,0
102492,Mancini,588.0,France,Male,31.0,4.0,,2.0,1.0,0.0,62805.13,1
102493,O'Donnell,850.0,Germany,Male,71.0,5.0,,2.0,1.0,1.0,130800.68,0
102494,H?,690.0,France,Female,56.0,8.0,0.0,1.0,1.0,1.0,173946.7,1
102495,Calabrese,551.0,Germany,Male,52.0,9.0,115327.58,2.0,1.0,1.0,133813.86,0
102496,Hsia,575.0,Spain,Male,25.0,8.0,0.0,2.0,1.0,1.0,,0
102497,Tuan,704.0,France,Male,28.0,9.0,0.0,2.0,1.0,0.0,163109.38,0
102498,Ch'in,651.0,Spain,Male,39.0,3.0,0.0,2.0,1.0,,127569.03,0
102499,Ibeamaka,652.0,France,Male,53.0,5.0,132791.18,1.0,0.0,0.0,140954.43,1
102500,K?,648.0,France,Female,39.0,3.0,0.0,2.0,1.0,1.0,62976.46,0
102501,McGregor,472.0,,Male,31.0,7.0,0.0,2.0,1.0,1.0,88890.05,0
102502,Fan,614.0,France,Female,60.0,7.0,0.0,1.0,1.0,1.0,68170.03,1
102503,Chukwukere,755.0,Spain,Male,43.0,7.0,0.0,2.0,1.0,0.0,114809.64,0
102504,Calabrese,735.0,Germany,Female,25.0,8.0,92731.71,2.0,1.0,1.0,54587.83,0
102505,Fanucci,697.0,Germany,Male,41.0,2.0,106070.89,1.0,1.0,0.0,182300.73,1
102506,Maconochie,632.0,France,Male,,5.0,135515.7,1.0,1.0,1.0,,0
102507,Calabrese,,Germany,Male,23.0,9.0,107666.11,2.0,0.0,0.0,102437.72,0
102508,Cowger,691.0,Germany,Male,30.0,4.0,91739.34,2.0,,0.0,121154.54,0
102509,McDonald,686.0,France,Male,39.0,4.0,0.0,2.0,1.0,1.0,107616.21,0
102510,Wang,734.0,France,Female,42.0,6.0,117373.03,1.0,,0.0,105269.22,1
102511,Kao,,France,Male,36.0,5.0,0.0,2.0,1.0,1.0,49337.84,0
102512,Lira,597.0,France,Female,36.0,4.0,0.0,1.0,0.0,1.0,62525.43,0
102513,Lo Duca,634.0,France,Male,37.0,9.0,0.0,,1.0,0.0,66724.44,0
102514,Hs?,682.0,France,Female,39.0,7.0,0.0,2.0,1.0,,43486.73,0
102515,Hilton,755.0,France,Male,45.0,5.0,146329.73,1.0,1.0,1.0,155007.81,0
102516,Hsia,683.0,France,,33.0,7.0,0.0,1.0,1.0,0.0,73478.88,0
102517,Moysey,847.0,France,Female,26.0,4.0,80728.94,1.0,1.0,0.0,114446.39,0
102518,Y?,668.0,France,,37.0,2.0,139562.05,1.0,1.0,1.0,180356.45,0
102519,Smith,629.0,France,Male,39.0,3.0,106891.85,1.0,1.0,0.0,82538.96,0
102520,Teng,653.0,France,Male,36.0,1.0,121063.47,1.0,1.0,0.0,158583.31,0
102521,Lai,737.0,France,Male,,8.0,0.0,2.0,0.0,1.0,142348.9,1
102522,Chiu,704.0,France,Female,37.0,2.0,0.0,1.0,1.0,0.0,82576.24,1
102523,Hsiung,633.0,Spain,Male,42.0,2.0,120583.52,1.0,1.0,0.0,,0
102524,Fokina,667.0,France,Female,37.0,7.0,,1.0,0.0,0.0,183757.92,1
102525,Galkin,773.0,Germany,Male,,,128740.26,1.0,1.0,0.0,96463.61,0
102526,Artemova,635.0,France,Male,44.0,3.0,0.0,1.0,1.0,0.0,97629.64,1
102527,Naylor,642.0,France,Male,31.0,9.0,0.0,2.0,1.0,0.0,12813.25,0
102528,Tsao,578.0,Germany,Male,58.0,2.0,142701.49,1.0,1.0,1.0,65689.62,1
102529,Nwora,717.0,France,Female,32.0,7.0,0.0,1.0,1.0,1.0,94763.32,0
102530,Ts'ai,850.0,France,Male,29.0,8.0,110967.82,1.0,0.0,1.0,182668.76,0
102531,Y?an,722.0,Spain,Male,24.0,3.0,0.0,2.0,,1.0,124038.04,0
102532,Yobachukwu,699.0,France,Female,45.0,3.0,172646.82,1.0,1.0,1.0,180598.28,0
102533,Onwumelu,568.0,Germany,Female,38.0,1.0,138493.34,3.0,0.0,1.0,152652.93,1
102534,Harris,678.0,France,Male,29.0,9.0,0.0,2.0,1.0,1.0,143681.84,0
102535,Hawkins,766.0,France,Female,40.0,3.0,98292.73,,1.0,0.0,78379.42,1
102536,Onyeorulu,587.0,Spain,Male,45.0,2.0,127518.4,2.0,1.0,1.0,55352.69,0
102537,Nwankwo,573.0,Germany,Female,35.0,3.0,122271.95,1.0,,0.0,42619.3,1
102538,Y?an,782.0,,Female,43.0,10.0,151788.99,1.0,1.0,0.0,132423.63,1
102539,Alexeeva,758.0,France,Female,27.0,8.0,0.0,2.0,,1.0,133535.21,0
102540,Manners,689.0,Spain,Female,45.0,6.0,95756.46,1.0,1.0,0.0,95160.82,0
102541,Holmes,697.0,France,Male,40.0,2.0,102604.37,2.0,1.0,0.0,30488.43,0
102542,Shao,592.0,Germany,Female,,4.0,152220.86,1.0,1.0,1.0,147572.66,1
102543,H?,593.0,France,Male,32.0,4.0,0.0,2.0,1.0,0.0,84524.78,0
102544,McLean,644.0,France,Male,45.0,5.0,0.0,,1.0,1.0,143746.66,0
102545,Zito,841.0,France,Female,,6.0,0.0,3.0,,0.0,110495.46,1
102546,Shih,535.0,France,Male,40.0,5.0,154870.28,1.0,1.0,1.0,152643.69,0
102547,Lucchese,582.0,France,Female,40.0,1.0,,1.0,1.0,0.0,138396.3,0
102548,Ch'ang,528.0,Spain,Male,37.0,3.0,0.0,1.0,1.0,0.0,173840.42,0
102549,Hsiung,629.0,France,Female,28.0,,0.0,2.0,1.0,0.0,116559.58,0
102550,Chukwuemeka,649.0,France,Male,19.0,5.0,,1.0,1.0,,46878.39,0
102551,T'ang,,France,Male,,7.0,0.0,2.0,0.0,0.0,,0
102552,Palerma,708.0,France,Male,,6.0,0.0,2.0,1.0,0.0,132800.08,0
102553,Hsieh,,France,Female,,5.0,0.0,2.0,1.0,0.0,141389.74,0
102554,Iweobiegbunam,674.0,Germany,Female,52.0,4.0,125921.37,1.0,1.0,0.0,156597.54,1
102555,Abel,637.0,France,Male,,3.0,0.0,2.0,1.0,0.0,120893.07,0
102556,Kentish,696.0,Spain,Female,57.0,4.0,0.0,1.0,,0.0,57729.93,1
102557,Mazzanti,737.0,France,Male,33.0,9.0,,2.0,0.0,1.0,147798.98,0
102558,Isayev,667.0,Spain,Female,,7.0,111979.75,2.0,1.0,1.0,82847.59,0
102559,Chukwudi,583.0,Spain,Male,47.0,7.0,,1.0,,0.0,166931.71,1
102560,Chidozie,,France,Male,38.0,2.0,85109.36,1.0,1.0,,81491.7,0
102561,Shepherd,655.0,,Female,36.0,7.0,95847.64,1.0,,0.0,184588.95,0
102562,Y?an,684.0,Spain,Male,37.0,9.0,0.0,2.0,0.0,0.0,81338.66,0
102563,Ulyanov,748.0,France,Female,,7.0,0.0,2.0,,0.0,138526.96,0
102564,Ts'ui,675.0,France,Male,36.0,7.0,0.0,1.0,1.0,1.0,138360.28,0
102565,Tung,705.0,Spain,Male,24.0,6.0,0.0,2.0,1.0,0.0,178750.47,0
102566,Nkemakonam,756.0,France,Male,38.0,7.0,0.0,2.0,,1.0,64804.59,0
102567,Uchenna,833.0,France,Female,40.0,1.0,0.0,1.0,1.0,0.0,171771.72,0
102568,Ch'iu,718.0,France,Male,26.0,1.0,,1.0,1.0,1.0,10884.85,0
102569,P'eng,589.0,France,Male,34.0,4.0,0.0,,1.0,1.0,,0
102570,Warner,738.0,France,Male,41.0,9.0,0.0,2.0,0.0,,176984.34,0
102571,Hs?,653.0,France,Female,38.0,7.0,0.0,2.0,1.0,0.0,163563.07,0
102572,Chidubem,,France,Female,54.0,3.0,95898.62,1.0,1.0,1.0,9679.34,0
102573,Shao,653.0,France,Female,40.0,5.0,0.0,1.0,,0.0,155103.91,0
102574,T'ang,637.0,France,Male,50.0,4.0,70940.84,2.0,,0.0,183417.74,0
102575,Ch'ang,692.0,Germany,Male,30.0,9.0,81070.46,2.0,1.0,0.0,109836.61,0
102576,Macleod,709.0,Spain,Female,38.0,2.0,0.0,1.0,0.0,,140349.86,0
102577,Ndubuagha,809.0,Spain,,58.0,9.0,0.0,2.0,,0.0,98253.57,0
102578,Binder,638.0,France,Male,31.0,5.0,0.0,2.0,1.0,1.0,102088.29,0
102579,Wallace,751.0,France,Male,76.0,,98937.51,2.0,1.0,0.0,112516.23,0
102580,Ponomarev,594.0,France,Male,28.0,4.0,0.0,,1.0,1.0,138380.11,0
102581,Napolitano,708.0,Germany,Male,,1.0,,1.0,1.0,1.0,186499.14,0
102582,Lai,559.0,France,Female,37.0,8.0,107553.27,1.0,1.0,0.0,13484.71,0
102583,Bruno,684.0,France,Male,50.0,,0.0,,1.0,1.0,74861.91,0
102584,Dickinson,676.0,France,Male,32.0,6.0,128149.47,1.0,1.0,0.0,131285.11,0
102585,Tuan,540.0,Germany,Male,29.0,8.0,129739.93,1.0,0.0,0.0,47825.35,0
102586,Cheng,652.0,France,Male,50.0,4.0,0.0,2.0,1.0,,20440.03,0
102587,Hsiung,474.0,France,,35.0,7.0,0.0,2.0,1.0,,171149.1,0
102588,Lucchese,678.0,France,Male,43.0,8.0,0.0,1.0,1.0,,159869.45,1
102589,Tseng,585.0,Germany,Male,42.0,1.0,96540.01,,0.0,0.0,126551.87,0
102590,Chinwendu,678.0,France,Female,39.0,10.0,0.0,1.0,1.0,1.0,187648.51,0
102591,Chinedum,634.0,France,Female,33.0,0.0,104541.33,1.0,1.0,0.0,156756.02,1
102592,Uwaezuoke,597.0,,Male,,,113494.56,,0.0,1.0,31448.86,0
102593,Nwokezuike,749.0,France,,45.0,7.0,113773.8,2.0,0.0,0.0,147660.41,1
102594,Hsueh,743.0,France,Female,34.0,4.0,93293.57,2.0,0.0,0.0,171413.66,0
102595,Maclean,549.0,France,Female,46.0,8.0,0.0,1.0,1.0,0.0,57657.56,1
102596,Marcelo,675.0,France,Female,45.0,1.0,,2.0,1.0,1.0,124874.61,0
102597,Nkemjika,704.0,Spain,Male,28.0,8.0,0.0,2.0,0.0,0.0,146420.16,0
102598,Mazzanti,571.0,Spain,Male,35.0,9.0,0.0,1.0,0.0,0.0,77227.84,1
102599,Fiorentino,745.0,France,,39.0,1.0,0.0,2.0,1.0,1.0,73331.24,0
102600,Chukwudi,646.0,France,Male,49.0,1.0,0.0,2.0,1.0,1.0,162347.05,0
102601,Ch'eng,603.0,France,Male,50.0,6.0,117567.29,2.0,1.0,1.0,133137.34,0
102602,Feng,668.0,France,,26.0,1.0,0.0,2.0,1.0,0.0,134594.56,0
102603,Li Fonti,583.0,Spain,,36.0,6.0,121355.21,1.0,1.0,1.0,,0
102604,O'Brien,,,Male,51.0,9.0,153555.81,1.0,1.0,1.0,86570.09,0
102605,Lai,546.0,France,Female,32.0,3.0,,1.0,,1.0,115394.87,0
102606,Ts'ui,850.0,Spain,Male,33.0,2.0,0.0,2.0,1.0,1.0,142873.67,0
102607,Goliwe,736.0,Spain,Female,36.0,8.0,0.0,2.0,1.0,1.0,33161.53,0
102608,Pirozzi,688.0,France,Male,37.0,7.0,0.0,2.0,1.0,0.0,65816.53,0
102609,Quinn,743.0,Spain,Male,32.0,2.0,0.0,2.0,1.0,1.0,136608.19,0
102610,Teng,696.0,France,Male,,5.0,0.0,,1.0,0.0,73470.75,0
102611,Holt,,France,Male,33.0,4.0,0.0,2.0,1.0,0.0,93077.68,0
102612,Hobbs,639.0,Spain,Male,36.0,9.0,129938.07,1.0,1.0,0.0,184969.33,0
102613,Wall,793.0,France,Male,63.0,,95599.76,1.0,1.0,0.0,107973.53,0
102614,Chia,611.0,France,Female,,8.0,56131.88,2.0,,1.0,136543.27,0
102615,Chiu,850.0,Germany,Male,,6.0,139628.43,1.0,1.0,0.0,75863.99,0
102616,Esomchi,759.0,France,Female,64.0,3.0,0.0,2.0,0.0,1.0,161217.16,0
102617,Kemp,613.0,France,Female,37.0,,76539.2,1.0,1.0,0.0,80242.97,0
102618,Samuel,678.0,France,Male,34.0,5.0,0.0,2.0,1.0,1.0,75969.11,0
102619,Martin,518.0,France,Female,41.0,7.0,114358.45,,0.0,,132077.04,0
102620,Chiekwugo,646.0,France,Female,46.0,9.0,0.0,1.0,1.0,1.0,75568.82,0
102621,Chukwudi,606.0,Spain,Male,41.0,7.0,93608.28,,1.0,,40329.71,0
102622,Hsu,687.0,Germany,,,9.0,109960.92,3.0,1.0,0.0,,1
102623,Ting,627.0,France,Male,32.0,8.0,0.0,,,1.0,180139.87,0
102624,Udinese,516.0,France,Male,35.0,0.0,0.0,2.0,1.0,1.0,51705.02,0
102625,Smith,682.0,France,Female,50.0,5.0,,1.0,1.0,1.0,167558.61,0
102626,Olisaemeka,586.0,France,Male,,1.0,0.0,2.0,1.0,1.0,121485.1,0
102627,Odell,713.0,France,Female,30.0,,0.0,2.0,1.0,0.0,70781.05,0
102628,Nnonso,524.0,France,Male,32.0,7.0,72840.51,1.0,1.0,1.0,132973.18,0
102629,Ritchie,639.0,France,Male,44.0,6.0,0.0,2.0,1.0,1.0,66926.83,0
102630,Ross,678.0,Germany,Male,40.0,10.0,164873.37,2.0,,1.0,83849.05,0
102631,Kennedy,673.0,France,Male,47.0,,109494.52,1.0,0.0,1.0,142314.42,0
102632,Ozerova,619.0,Germany,Female,27.0,7.0,121815.22,1.0,0.0,1.0,177745.01,1
102633,Cheng,685.0,France,Female,33.0,,0.0,1.0,1.0,0.0,134920.36,1
102634,K'ung,723.0,Germany,Female,45.0,3.0,126871.11,1.0,0.0,0.0,149115.17,1
102635,Fanucci,731.0,Germany,Male,,7.0,98899.76,2.0,1.0,0.0,173316.23,0
102636,Bales,663.0,France,Female,36.0,8.0,0.0,1.0,1.0,1.0,57292.47,0
102637,Milanesi,561.0,Germany,Female,30.0,5.0,127631.62,2.0,1.0,1.0,52806.56,0
102638,Somadina,628.0,Spain,Female,45.0,2.0,0.0,2.0,0.0,0.0,146246.74,1
102639,Ejimofor,745.0,,Male,42.0,8.0,0.0,2.0,1.0,0.0,114364.18,1
102640,Ch'iu,652.0,Spain,Female,45.0,8.0,86033.74,1.0,1.0,1.0,,0
102641,Gibson,605.0,Germany,Male,30.0,10.0,63030.59,2.0,0.0,1.0,82822.93,0
102642,Shao,727.0,Germany,Female,43.0,2.0,132652.8,,1.0,0.0,160055.82,1
102643,Maclean,663.0,France,Male,33.0,5.0,0.0,1.0,0.0,0.0,163603.73,1
102644,Chinedum,659.0,Germany,Male,31.0,2.0,128245.11,2.0,1.0,,45957.38,1
102645,Bock,686.0,Germany,Male,34.0,3.0,91957.21,,1.0,0.0,132464.48,0
102646,Onyemauchechukwu,648.0,France,Female,36.0,7.0,0.0,2.0,1.0,1.0,63736.17,0
102647,De Salis,629.0,France,Male,37.0,4.0,97534.69,1.0,1.0,1.0,,0
102648,O'Donnell,573.0,France,Female,28.0,1.0,0.0,2.0,1.0,1.0,121426.9,0
102649,Trevisano,786.0,France,,35.0,2.0,0.0,2.0,1.0,1.0,51362.6,0
102650,Obiajulu,648.0,France,Male,47.0,2.0,0.0,2.0,1.0,1.0,134530.33,0
102651,Ts'ai,619.0,Spain,Female,40.0,4.0,0.0,2.0,1.0,1.0,16286.52,0
102652,Ts'ai,669.0,Germany,Male,37.0,8.0,117937.71,1.0,1.0,0.0,181843.36,1
102653,Hsia,554.0,France,Male,27.0,5.0,0.0,2.0,1.0,0.0,65611.08,0
102654,Hs?,587.0,France,Male,52.0,9.0,0.0,2.0,1.0,0.0,133086.45,0
102655,Pugh,554.0,France,Female,40.0,6.0,0.0,1.0,1.0,0.0,133878.27,1
102656,Palerma,718.0,Germany,Female,25.0,4.0,106969.32,2.0,1.0,0.0,79456.56,0
102657,Li Fonti,640.0,France,Female,50.0,1.0,0.0,2.0,1.0,0.0,,1
102658,Tung,738.0,Germany,Male,62.0,5.0,122253.94,3.0,0.0,,109542.67,1
102659,T'ien,593.0,France,Female,35.0,8.0,0.0,2.0,1.0,1.0,180553.48,0
102660,Iadanza,,France,Male,45.0,8.0,0.0,2.0,0.0,0.0,1829.68,0
102661,Maclean,681.0,France,Female,40.0,7.0,0.0,1.0,1.0,0.0,60242.04,1
102662,Marino,535.0,Germany,Female,,10.0,98606.68,1.0,0.0,1.0,91415.49,1
102663,Milne,694.0,Germany,Male,33.0,9.0,,2.0,1.0,1.0,64741.12,0
102664,Uspenskaya,,Spain,Male,49.0,7.0,0.0,1.0,1.0,1.0,97761.21,0
102665,Belonwu,628.0,France,Male,35.0,10.0,0.0,2.0,1.0,0.0,,0
102666,Hsueh,602.0,Spain,Male,41.0,4.0,0.0,1.0,1.0,1.0,27049.38,1
102667,Onyemauchechukwu,594.0,Germany,Female,30.0,6.0,121387.47,1.0,0.0,,175796.94,1
102668,Nwachukwu,559.0,France,,46.0,3.0,85292.34,1.0,1.0,1.0,171430.76,1
102669,Slattery,683.0,France,Male,24.0,6.0,0.0,2.0,1.0,0.0,184840.05,0
102670,Chukwuhaenye,691.0,France,Male,32.0,2.0,,2.0,1.0,0.0,130130.31,0
102671,Mault,694.0,Spain,Male,50.0,8.0,63025.13,1.0,1.0,0.0,136521.82,1
102672,Lo Duca,767.0,Germany,Female,,2.0,113657.83,1.0,1.0,0.0,15298.51,1
102673,Palermo,678.0,Spain,Male,,4.0,0.0,2.0,1.0,0.0,9759.97,0
102674,Cremonesi,729.0,Spain,Female,42.0,5.0,114935.43,2.0,1.0,0.0,156774.94,1
102675,Ch'eng,607.0,France,Male,39.0,1.0,0.0,2.0,1.0,1.0,64717.9,0
102676,Rios,699.0,Spain,Female,30.0,8.0,0.0,2.0,1.0,1.0,47892.64,0
102677,Nwankwo,556.0,Germany,Female,34.0,,110151.16,2.0,1.0,0.0,75246.25,0
102678,Chu,582.0,Germany,Female,40.0,9.0,139972.48,,1.0,0.0,106142.29,0
102679,Chukwuebuka,,France,Male,44.0,6.0,0.0,2.0,1.0,0.0,185580.89,0
102680,Nkemdilim,721.0,France,Female,29.0,1.0,0.0,2.0,0.0,1.0,33617.13,0
102681,Tuan,850.0,France,Male,48.0,10.0,0.0,1.0,1.0,0.0,131719.89,1
102682,Lucciano,549.0,France,,41.0,1.0,139702.75,2.0,1.0,0.0,,0
102683,St Clair,592.0,Germany,Female,44.0,,126411.57,1.0,0.0,1.0,195240.02,0
102684,Trentino,625.0,Spain,Female,37.0,3.0,0.0,1.0,,0.0,125975.0,1
102685,Tan,654.0,Germany,Male,49.0,3.0,136129.86,2.0,1.0,,78359.01,1
102686,Teng,710.0,,Male,45.0,4.0,0.0,2.0,0.0,0.0,154563.46,0
102687,McGregor,511.0,France,Male,40.0,1.0,0.0,2.0,1.0,0.0,118843.75,0
102688,Chidumaga,611.0,France,,38.0,4.0,,2.0,0.0,1.0,154460.82,0
102689,Lo Duca,687.0,France,Male,40.0,3.0,,1.0,1.0,1.0,166896.79,0
102690,Cremonesi,675.0,France,Male,50.0,4.0,57053.71,1.0,0.0,1.0,120192.32,0
102691,Nwachukwu,594.0,France,Female,39.0,0.0,0.0,2.0,1.0,0.0,121507.42,0
102692,Chiu,593.0,Germany,Female,33.0,2.0,156589.98,2.0,,1.0,152951.89,0
102693,Hsiung,711.0,Spain,Male,30.0,10.0,0.0,2.0,1.0,0.0,158976.57,0
102694,Martin,741.0,France,Female,36.0,1.0,,2.0,1.0,1.0,97416.34,0
102695,Folliero,850.0,France,Male,30.0,1.0,0.0,2.0,1.0,,26261.0,0
102696,Chuang,445.0,France,Male,39.0,9.0,0.0,2.0,1.0,0.0,115828.31,0
102697,Wallis,597.0,France,Male,37.0,9.0,,1.0,1.0,0.0,114962.52,0
102698,Steele,,Germany,Female,27.0,1.0,127545.52,2.0,0.0,0.0,197660.29,0
102699,Oluchukwu,,Germany,Male,38.0,6.0,126758.3,1.0,1.0,0.0,90927.85,0
102700,Endrizzi,,Germany,Female,55.0,1.0,121540.53,1.0,0.0,0.0,141824.33,1
102701,Chukwubuikem,663.0,Germany,Male,38.0,0.0,103933.83,1.0,0.0,0.0,103685.81,0
102702,Kao,805.0,Spain,Male,43.0,6.0,0.0,2.0,1.0,1.0,107893.35,0
102703,Ma,633.0,France,Female,36.0,4.0,0.0,2.0,1.0,0.0,178033.15,0
102704,Watson,714.0,France,Male,,8.0,0.0,2.0,1.0,1.0,126965.82,0
102705,Thomson,,Germany,,71.0,7.0,123276.38,2.0,1.0,1.0,146738.29,0
102706,Cremonesi,682.0,France,Male,35.0,9.0,0.0,2.0,0.0,1.0,26891.56,0
102707,Chiu,613.0,France,,32.0,1.0,98791.38,1.0,1.0,,180000.86,0
102708,Ts'ai,,Spain,Male,32.0,8.0,103131.32,1.0,1.0,1.0,145144.76,1
102709,Kent,681.0,France,Male,40.0,1.0,108698.96,1.0,1.0,1.0,107433.84,0
102710,Nworie,678.0,France,Male,52.0,5.0,0.0,2.0,1.0,1.0,56780.91,0
102711,Hsing,586.0,Spain,Female,33.0,8.0,0.0,2.0,1.0,0.0,161499.37,0
102712,Hsueh,,Spain,Female,38.0,9.0,0.0,2.0,1.0,1.0,46263.28,0
102713,O'Donnell,632.0,Spain,Male,37.0,1.0,92317.84,1.0,1.0,1.0,91431.8,0
102714,Ts'ui,777.0,France,,46.0,,0.0,1.0,1.0,1.0,120890.98,0
102715,Zetticci,479.0,France,Male,25.0,2.0,0.0,2.0,1.0,1.0,163830.82,0
102716,Nwachukwu,554.0,Spain,Female,34.0,2.0,0.0,2.0,1.0,1.0,170525.03,0
102717,Venables,687.0,,Male,31.0,5.0,,,1.0,0.0,176854.82,0
102718,Zikoranachidimma,707.0,France,,51.0,1.0,148915.36,1.0,0.0,,110494.81,1
102719,Cremonesi,667.0,France,Male,34.0,9.0,0.0,2.0,1.0,0.0,4484.55,0
102720,Fanucci,645.0,France,Female,29.0,2.0,0.0,2.0,1.0,1.0,77866.91,0
102721,Onyemauchechukwu,561.0,France,Male,29.0,1.0,0.0,2.0,0.0,1.0,138627.89,0
102722,Davidson,850.0,Spain,Female,32.0,3.0,101957.83,1.0,0.0,1.0,85301.53,0
102723,Findlay,,Germany,Female,40.0,1.0,107975.36,3.0,1.0,0.0,181195.15,1
102724,Yobachi,542.0,France,Male,32.0,2.0,107914.29,1.0,,1.0,,0
102725,Ibezimako,576.0,Spain,Male,42.0,,0.0,1.0,,1.0,91323.56,0
102726,Horsley,573.0,France,Male,42.0,0.0,0.0,1.0,1.0,0.0,168515.61,1
102727,T'ien,658.0,France,Male,34.0,7.0,0.0,2.0,1.0,0.0,140138.98,0
102728,Hao,686.0,France,Male,37.0,9.0,106884.57,2.0,1.0,0.0,,0
102729,T'ao,697.0,France,Female,28.0,7.0,0.0,1.0,1.0,1.0,102495.19,0
102730,White,717.0,Spain,Male,33.0,9.0,0.0,2.0,1.0,1.0,191419.32,0
102731,Y?an,587.0,France,Male,41.0,7.0,0.0,2.0,0.0,1.0,150433.84,0
102732,Echezonachukwu,743.0,,Male,31.0,1.0,91644.13,1.0,1.0,1.0,136886.86,0
102733,Dellucci,575.0,France,Male,31.0,4.0,0.0,1.0,1.0,1.0,38056.58,0
102734,Esposito,577.0,France,Female,35.0,7.0,0.0,2.0,1.0,1.0,,0
102735,Bischof,580.0,France,Male,32.0,6.0,101817.18,1.0,1.0,1.0,65827.24,0
102736,Mancini,668.0,Germany,Female,43.0,,100595.93,1.0,0.0,1.0,169966.03,0
102737,Nworie,565.0,Germany,Male,40.0,10.0,91550.06,2.0,0.0,0.0,88471.43,0
102738,Ch'ien,537.0,Spain,Male,54.0,9.0,0.0,2.0,,1.0,155703.9,0
102739,Hao,714.0,France,Female,50.0,5.0,0.0,2.0,1.0,0.0,85485.85,1
102740,Krawczyk,624.0,Spain,Female,,,0.0,1.0,1.0,0.0,149576.88,1
102741,Ngozichukwuka,689.0,Germany,Female,49.0,3.0,121112.4,3.0,1.0,0.0,149619.29,1
102742,Shao,619.0,France,Male,,2.0,0.0,2.0,1.0,0.0,160171.84,0
102743,Hallahan,703.0,Germany,Female,54.0,1.0,120157.21,1.0,1.0,1.0,173486.56,1
102744,Nwokike,536.0,France,Male,27.0,8.0,0.0,2.0,1.0,0.0,69026.69,0
102745,Ugochukwutubelum,704.0,Spain,Female,31.0,3.0,0.0,2.0,0.0,1.0,4708.67,0
102746,Palerma,705.0,France,Male,,9.0,0.0,1.0,0.0,0.0,29429.08,1
102747,Manna,,Germany,Female,41.0,3.0,133024.08,1.0,0.0,0.0,44757.47,1
102748,Chiu,604.0,France,Female,62.0,6.0,103762.93,2.0,1.0,0.0,71164.95,0
102749,Shao,,France,Male,24.0,1.0,0.0,2.0,1.0,0.0,197226.32,0
102750,Ch'ang,505.0,Germany,Male,33.0,7.0,137777.83,2.0,0.0,0.0,,0
102751,Chukwualuka,571.0,Germany,Male,41.0,2.0,181659.73,1.0,1.0,1.0,128838.78,0
102752,Wright,562.0,France,Female,29.0,5.0,74161.69,2.0,1.0,0.0,158021.2,0
102753,Warner,708.0,France,Female,29.0,1.0,116321.35,1.0,0.0,1.0,9984.38,0
102754,Martin,477.0,France,Female,30.0,4.0,136507.92,1.0,1.0,1.0,169920.92,0
102755,Onyekaozulu,648.0,Germany,Male,42.0,10.0,124575.69,1.0,1.0,,59672.5,1
102756,Kline,635.0,,Male,38.0,10.0,0.0,2.0,1.0,1.0,166031.94,0
102757,Biryukov,678.0,Spain,Female,28.0,4.0,0.0,2.0,1.0,0.0,142228.26,1
102758,Ch'eng,711.0,France,Male,29.0,8.0,0.0,2.0,1.0,1.0,94817.27,0
102759,Leonard,,France,Female,38.0,5.0,0.0,2.0,1.0,1.0,,0
102760,Kao,561.0,France,Female,27.0,9.0,74236.42,2.0,1.0,1.0,57913.87,0
102761,Lettiere,641.0,Spain,Male,35.0,6.0,0.0,2.0,1.0,0.0,120833.52,0
102762,Ijendu,773.0,France,Male,38.0,1.0,0.0,2.0,0.0,0.0,158683.95,0
102763,Ibragimova,645.0,France,Female,35.0,2.0,0.0,,,1.0,94784.21,0
102764,Chinwemma,663.0,France,Male,49.0,3.0,138398.6,1.0,0.0,1.0,56925.21,0
102765,Hamilton,506.0,France,Male,28.0,7.0,145047.31,2.0,,1.0,73077.86,0
102766,Lettiere,542.0,France,Female,29.0,5.0,0.0,1.0,1.0,,137631.88,1
102767,Hsueh,826.0,France,Female,29.0,7.0,0.0,2.0,0.0,0.0,109201.2,0
102768,Nkemjika,672.0,Spain,Male,37.0,5.0,0.0,2.0,1.0,1.0,110230.4,0
102769,Jideofor,641.0,Spain,Male,29.0,2.0,95859.51,1.0,0.0,0.0,16177.67,0
102770,Chukwufumnanya,662.0,Germany,Male,36.0,6.0,127841.65,2.0,1.0,1.0,65951.65,0
102771,Hsia,597.0,Germany,Female,48.0,3.0,97403.27,2.0,0.0,0.0,179488.21,1
102772,Calabresi,683.0,France,Male,28.0,9.0,0.0,1.0,1.0,1.0,168018.28,0
102773,Ts'ai,704.0,France,Female,59.0,9.0,0.0,1.0,0.0,,,0
102774,Kilgour,687.0,Germany,Male,32.0,3.0,116320.36,2.0,1.0,1.0,5610.45,0
102775,Zikoranachidimma,,Spain,Female,40.0,5.0,122776.32,1.0,1.0,0.0,162788.96,0
102776,Pai,598.0,France,Male,,6.0,0.0,2.0,1.0,0.0,172665.21,0
102777,Enderby,591.0,Germany,,34.0,7.0,115944.22,2.0,1.0,,145461.77,0
102778,Okwudiliolisa,573.0,,Male,34.0,9.0,0.0,2.0,1.0,1.0,71410.32,0
102779,Sun,,France,Female,33.0,3.0,122815.93,2.0,1.0,0.0,,0
102780,Ch'in,638.0,Germany,Male,38.0,,132593.53,1.0,1.0,0.0,56887.92,0
102781,Palerma,727.0,France,Female,30.0,6.0,0.0,2.0,0.0,,121440.8,0
102782,Onwumelu,715.0,Germany,Male,38.0,8.0,126670.37,1.0,1.0,0.0,141170.05,1
102783,P'an,619.0,France,Female,20.0,3.0,105765.29,1.0,1.0,1.0,73686.75,0
102784,Onyemere,738.0,France,Male,38.0,5.0,0.0,2.0,1.0,1.0,158527.55,0
102785,Hsia,538.0,France,Male,38.0,7.0,0.0,2.0,1.0,1.0,142937.09,0
102786,Ts'ai,682.0,France,Female,25.0,,156067.05,1.0,0.0,0.0,74884.66,0
102787,Ts'ui,616.0,France,Male,33.0,3.0,0.0,2.0,1.0,1.0,3453.4,0
102788,Maclean,627.0,France,,35.0,6.0,0.0,2.0,1.0,1.0,175072.47,0
102789,Hsueh,644.0,Spain,Male,,5.0,0.0,2.0,1.0,0.0,19717.4,0
102790,P'an,718.0,France,Male,49.0,4.0,112584.82,1.0,1.0,1.0,8227.04,0
102791,Huddart,617.0,France,Female,42.0,4.0,0.0,2.0,1.0,1.0,166677.94,0
102792,Ting,667.0,,Male,36.0,7.0,0.0,2.0,1.0,0.0,58954.29,0
102793,H?,558.0,France,Male,36.0,3.0,0.0,1.0,1.0,,47550.61,0
102794,Chiedozie,696.0,Spain,Male,55.0,9.0,120454.37,1.0,0.0,1.0,126384.25,1
102795,Fanucci,577.0,Spain,Male,25.0,2.0,108845.02,2.0,1.0,1.0,187011.73,0
102796,Yobachukwu,695.0,Germany,Male,43.0,4.0,101808.15,2.0,0.0,1.0,43496.31,0
102797,Chiang,678.0,Spain,Male,47.0,6.0,0.0,2.0,1.0,1.0,94415.94,0
102798,Ch'ang,633.0,Germany,Female,47.0,1.0,102289.83,1.0,1.0,0.0,120870.34,1
102799,Chien,594.0,Spain,Female,38.0,4.0,0.0,2.0,1.0,1.0,,0
102800,Manna,531.0,Spain,,,5.0,108023.63,2.0,0.0,0.0,174606.35,0
102801,Tuan,683.0,France,Female,35.0,3.0,0.0,2.0,0.0,1.0,139408.81,0
102802,Manna,574.0,France,Male,30.0,6.0,0.0,2.0,1.0,1.0,124564.58,0
102803,Bergamaschi,771.0,France,Female,46.0,10.0,125710.87,1.0,1.0,1.0,127822.53,0
102804,K'ung,773.0,,Female,44.0,9.0,0.0,2.0,1.0,0.0,101079.45,0
102805,D'Albertis,,France,Male,28.0,8.0,0.0,2.0,1.0,0.0,130275.58,0
102806,Munro,,Spain,Male,54.0,5.0,0.0,3.0,1.0,1.0,49476.0,1
102807,Williamson,656.0,France,Male,,8.0,0.0,2.0,1.0,1.0,136804.15,0
102808,Chukwudi,579.0,Germany,Male,35.0,7.0,108433.38,1.0,1.0,0.0,111235.9,0
102809,Joseph,775.0,France,Female,22.0,9.0,0.0,1.0,1.0,1.0,163564.91,0
102810,Lucciano,850.0,,Female,66.0,4.0,105342.64,1.0,1.0,1.0,138766.82,0
102811,Chidozie,516.0,France,Male,38.0,6.0,0.0,2.0,0.0,0.0,121451.21,0
102812,Chiang,708.0,France,Male,34.0,8.0,0.0,2.0,1.0,1.0,143980.33,0
102813,Ts'ao,607.0,Germany,Male,36.0,8.0,135828.77,1.0,1.0,1.0,183769.75,0
102814,Hsia,737.0,Germany,Male,42.0,4.0,68579.67,1.0,0.0,0.0,77803.55,0
102815,K?,,France,Male,47.0,8.0,0.0,1.0,1.0,0.0,166333.91,0
102816,P'eng,,France,Female,32.0,7.0,125167.74,1.0,1.0,0.0,129696.14,1
102817,Onyemauchechukwu,706.0,France,Male,43.0,3.0,0.0,1.0,1.0,1.0,122580.48,1
102818,Martin,670.0,Spain,Female,43.0,1.0,0.0,1.0,1.0,0.0,92654.6,1
102819,Black,464.0,Germany,Male,45.0,,86792.07,2.0,0.0,1.0,6337.17,1
102820,Ch'iu,673.0,France,Female,38.0,,0.0,2.0,1.0,1.0,185599.21,0
102821,Fang,586.0,France,Female,34.0,9.0,0.0,2.0,1.0,0.0,44255.65,0
102822,Moon,688.0,France,Female,56.0,3.0,0.0,1.0,0.0,1.0,138551.18,1
102823,Ch'iu,583.0,France,Male,67.0,3.0,0.0,2.0,1.0,1.0,134857.19,0
102824,Osonduagwuike,621.0,France,Female,31.0,,0.0,1.0,,1.0,109601.74,0
102825,Maclean,683.0,France,Male,29.0,7.0,,2.0,0.0,1.0,92612.88,0
102826,Arcuri,681.0,France,Female,38.0,1.0,0.0,1.0,1.0,1.0,174504.23,0
102827,Ch'ang,728.0,France,Female,60.0,5.0,0.0,1.0,0.0,0.0,141028.91,1
102828,Kao,747.0,France,Female,29.0,0.0,0.0,3.0,1.0,1.0,132486.87,1
102829,Pisano,627.0,Germany,Male,51.0,7.0,95085.83,1.0,0.0,,46775.21,1
102830,Tuan,517.0,France,Male,57.0,3.0,96672.47,,0.0,1.0,139821.23,1
102831,Nwachinemelu,735.0,Germany,Female,46.0,2.0,108693.78,,1.0,1.0,117079.4,0
102832,Akeroyd,759.0,Germany,Male,39.0,9.0,123972.25,2.0,0.0,1.0,63251.2,0
102833,Pepper,550.0,France,Female,28.0,1.0,0.0,1.0,1.0,0.0,,1
102834,Fedorova,651.0,France,Male,47.0,8.0,,1.0,1.0,0.0,173776.86,0
102835,Mistry,567.0,France,Female,45.0,5.0,147230.31,3.0,1.0,0.0,131509.42,1
102836,Onyeoruru,698.0,France,Male,63.0,1.0,162301.21,1.0,1.0,1.0,100423.31,0
102837,Mazzanti,652.0,France,Female,44.0,,0.0,2.0,1.0,0.0,67796.69,0
102838,Toscani,786.0,Spain,Male,34.0,2.0,108398.17,1.0,1.0,1.0,,0
102839,Nucci,,Germany,Male,27.0,3.0,109187.21,2.0,1.0,0.0,166257.7,0
102840,Ts'ao,697.0,France,Male,43.0,4.0,0.0,2.0,1.0,0.0,76664.01,0
102841,Mason,643.0,France,Male,32.0,2.0,0.0,2.0,1.0,1.0,64871.59,0
102842,Chukwujamuike,727.0,Spain,Male,60.0,3.0,90774.65,,1.0,1.0,69628.56,0
102843,Lucchesi,679.0,Germany,Male,46.0,9.0,,,1.0,0.0,162706.61,1
102844,Onyekaozulu,644.0,Germany,Female,44.0,5.0,127536.53,2.0,1.0,0.0,186948.35,0
102845,Okwudilichukwu,491.0,France,Female,,1.0,0.0,1.0,1.0,0.0,132524.27,0
102846,Smith,477.0,France,,34.0,8.0,0.0,2.0,1.0,0.0,193352.69,0
102847,Lindell,678.0,Germany,Male,35.0,5.0,185766.88,1.0,1.0,0.0,,0
102848,Ch'in,714.0,France,Male,29.0,1.0,141787.82,,1.0,1.0,173518.36,0
102849,Chu,,France,Male,34.0,5.0,0.0,2.0,1.0,1.0,96881.32,0
102850,Bruno,683.0,Spain,Male,36.0,9.0,177721.76,1.0,0.0,1.0,27494.23,0
102851,L?,679.0,France,Male,,4.0,0.0,2.0,1.0,1.0,82222.86,0
102852,Tipton,785.0,France,Male,25.0,8.0,,2.0,1.0,1.0,5060.83,0
102853,Lucciano,738.0,Spain,Female,40.0,7.0,0.0,1.0,1.0,0.0,196325.79,0
102854,Barnes,850.0,,Male,23.0,3.0,0.0,2.0,1.0,0.0,150660.8,0
102855,Nwankwo,494.0,France,Female,43.0,4.0,121355.8,1.0,1.0,0.0,147797.54,0
102856,H?,685.0,France,Female,25.0,9.0,0.0,2.0,0.0,1.0,173648.39,0
102857,Thompson,699.0,France,Female,53.0,6.0,140133.08,1.0,0.0,,92807.33,0
102858,Greco,,Germany,Male,33.0,1.0,139666.03,,0.0,1.0,144730.25,0
102859,Folliero,834.0,France,Female,42.0,4.0,0.0,2.0,0.0,1.0,82460.4,0
102860,Ch'ang,610.0,France,Male,20.0,5.0,0.0,2.0,0.0,0.0,11482.85,0
102861,Fitts,637.0,France,,32.0,4.0,,1.0,0.0,0.0,113907.8,0
102862,Whitehead,709.0,France,Female,32.0,3.0,122946.18,,0.0,1.0,63697.43,0
102863,Martin,789.0,Spain,Male,35.0,1.0,0.0,2.0,1.0,1.0,187069.98,0
102864,Chimaoke,751.0,Germany,Male,36.0,4.0,94486.59,1.0,1.0,0.0,92908.71,0
102865,Shih,586.0,France,Female,34.0,0.0,152713.88,2.0,1.0,0.0,26277.67,1
102866,Obiuto,598.0,Spain,Female,38.0,7.0,0.0,2.0,,0.0,40351.8,0
102867,Ku,594.0,France,Female,43.0,3.0,138558.48,2.0,1.0,0.0,144096.29,1
102868,Hu,565.0,Germany,Female,40.0,6.0,107633.58,2.0,0.0,1.0,43226.12,1
102869,Mao,643.0,France,Female,53.0,6.0,0.0,1.0,1.0,0.0,152011.94,1
102870,Onyeoruru,753.0,,Male,29.0,2.0,113599.74,2.0,1.0,1.0,56580.27,0
102871,Nwabugwu,663.0,Germany,Female,41.0,1.0,160033.59,2.0,1.0,0.0,97890.41,0
102872,P'eng,691.0,France,Male,28.0,,157676.91,2.0,0.0,0.0,,0
102873,Walker,707.0,Spain,Male,49.0,1.0,143390.19,1.0,1.0,0.0,71290.46,0
102874,Muravyova,544.0,Spain,Male,34.0,10.0,0.0,2.0,1.0,,140889.87,0
102875,Nwachinemelu,699.0,France,Male,59.0,8.0,145897.24,2.0,1.0,1.0,115090.86,0
102876,Loggia,751.0,France,Female,34.0,7.0,132951.94,,1.0,1.0,72946.12,0
102877,Kao,584.0,France,Female,34.0,7.0,0.0,2.0,1.0,1.0,3490.52,0
102878,McLean,850.0,Spain,Male,41.0,3.0,0.0,2.0,1.0,0.0,62368.83,0
102879,Patterson,516.0,France,Male,26.0,1.0,139845.4,,1.0,,36769.9,0
102880,Ch'iu,590.0,France,Male,58.0,7.0,132576.04,1.0,0.0,1.0,151738.54,1
102881,Han,721.0,Germany,Male,28.0,2.0,145603.3,1.0,1.0,,183720.15,0
102882,Okeke,710.0,France,Female,44.0,10.0,0.0,,1.0,1.0,67944.09,0
102883,Nwachinemelu,645.0,Spain,Male,40.0,7.0,0.0,2.0,1.0,1.0,1087.36,0
102884,Fiorentino,649.0,,Male,29.0,10.0,0.0,2.0,1.0,1.0,94949.9,0
102885,Ijendu,730.0,France,Male,38.0,,,1.0,0.0,0.0,126117.5,0
102886,Yang,722.0,Spain,,49.0,9.0,107549.6,1.0,1.0,0.0,86897.22,1
102887,Lo Duca,757.0,Germany,Female,33.0,1.0,123302.73,2.0,1.0,1.0,70597.02,0
102888,Adams,619.0,France,Female,,0.0,0.0,2.0,1.0,,583.94,0
102889,Nwebube,695.0,France,Male,22.0,1.0,0.0,2.0,1.0,1.0,81773.03,0
102890,Hsu,800.0,Spain,Male,,8.0,0.0,2.0,1.0,0.0,75574.48,0
102891,Pirozzi,631.0,France,Male,32.0,3.0,0.0,2.0,1.0,,62396.53,0
102892,Aksenov,539.0,France,Female,45.0,2.0,0.0,1.0,1.0,1.0,163501.64,0
102893,Lai,635.0,France,Male,36.0,3.0,0.0,2.0,1.0,0.0,89286.29,0
102894,Ritchie,,Germany,,28.0,6.0,102131.9,,1.0,1.0,140900.88,0
102895,Ch'ang,720.0,Spain,Female,36.0,5.0,0.0,2.0,1.0,1.0,138772.34,0
102896,Lucciano,641.0,France,Male,30.0,8.0,136659.74,1.0,1.0,0.0,77969.36,0
102897,Nwokezuike,611.0,France,,34.0,1.0,0.0,2.0,,1.0,29930.46,0
102898,Ch'ien,528.0,Germany,Male,33.0,5.0,182000.66,2.0,0.0,0.0,86077.13,0
102899,Hsia,698.0,Germany,Male,42.0,5.0,96845.43,2.0,1.0,1.0,117669.94,0
102900,Teng,570.0,France,Male,36.0,7.0,108348.1,1.0,1.0,1.0,176943.31,0
102901,Yermolayev,,France,Female,33.0,6.0,0.0,2.0,1.0,1.0,126755.04,0
102902,Ch'iu,630.0,Spain,Female,27.0,2.0,0.0,2.0,1.0,0.0,82408.04,0
102903,Y?an,562.0,France,Female,39.0,8.0,0.0,1.0,0.0,0.0,183530.83,0
102904,Nwebube,743.0,Germany,Male,50.0,2.0,111106.84,4.0,1.0,0.0,54949.73,1
102905,Nkemdirim,682.0,France,Female,37.0,1.0,0.0,2.0,1.0,0.0,189795.91,0
102906,Hao,634.0,Spain,Male,44.0,3.0,0.0,1.0,1.0,1.0,187832.42,0
102907,Folliero,756.0,France,Male,41.0,,0.0,2.0,1.0,0.0,181211.35,0
102908,Genovesi,619.0,,Male,31.0,9.0,0.0,2.0,,0.0,147822.78,0
102909,Scott,569.0,Germany,Female,30.0,2.0,123235.3,2.0,0.0,1.0,115754.71,0
102910,Webb,711.0,France,Female,29.0,,0.0,,1.0,0.0,157652.25,0
102911,Onwubiko,678.0,France,Male,35.0,1.0,153913.33,1.0,1.0,0.0,120892.98,0
102912,O'Donnell,714.0,Germany,Female,40.0,4.0,131355.76,1.0,1.0,,174435.41,1
102913,Tang,682.0,France,,34.0,2.0,87250.78,1.0,0.0,0.0,65336.51,0
102914,Tsai,750.0,France,Male,58.0,1.0,0.0,2.0,1.0,1.0,190030.81,0
102915,Ch'ang,579.0,Spain,Female,40.0,3.0,0.0,1.0,1.0,0.0,53793.1,0
102916,Levien,605.0,France,Male,31.0,9.0,0.0,1.0,1.0,1.0,142538.31,1
102917,Olisaemeka,,France,Male,49.0,,0.0,1.0,1.0,0.0,103841.53,1
102918,Martin,569.0,France,Male,33.0,8.0,128335.22,2.0,1.0,0.0,96841.66,0
102919,Smith,558.0,Germany,Male,35.0,5.0,115074.02,1.0,,0.0,,1
102920,Tsao,594.0,France,Female,42.0,1.0,106222.62,1.0,1.0,1.0,,0
102921,Otoole,581.0,Germany,Female,40.0,5.0,,1.0,1.0,0.0,147557.09,1
102922,Chiemenam,,France,Male,27.0,2.0,0.0,2.0,0.0,1.0,,0
102923,Doyne,642.0,Spain,Male,36.0,9.0,0.0,1.0,1.0,0.0,55306.63,0
102924,Ts'ui,696.0,France,Male,21.0,2.0,0.0,2.0,1.0,0.0,159416.0,0
102925,Maclean,663.0,,,55.0,8.0,0.0,3.0,,1.0,116627.86,1
102926,Tuan,578.0,France,Male,,6.0,130696.57,,1.0,0.0,99802.73,0
102927,Chukwueloka,562.0,Spain,Female,71.0,8.0,0.0,1.0,1.0,1.0,65777.88,1
102928,Demidov,,France,Female,34.0,2.0,0.0,2.0,1.0,1.0,24715.98,0
102929,Su,746.0,Germany,Male,40.0,3.0,63086.01,1.0,1.0,0.0,147056.49,1
102930,Manna,687.0,Germany,Female,36.0,2.0,106570.34,2.0,0.0,1.0,198490.07,0
102931,Chikelu,684.0,Germany,Male,39.0,2.0,143627.09,1.0,1.0,1.0,121234.97,0
102932,Genovesi,651.0,,Male,44.0,9.0,131852.81,1.0,1.0,1.0,132398.13,0
102933,Smith,598.0,Spain,Female,59.0,6.0,0.0,1.0,0.0,,78286.59,0
102934,Walker,691.0,France,,39.0,4.0,0.0,2.0,,0.0,160529.71,0
102935,Palermo,635.0,France,Female,27.0,9.0,98360.95,1.0,1.0,0.0,54432.56,0
102936,Watson,594.0,Germany,Female,24.0,5.0,144478.03,1.0,0.0,1.0,79540.46,0
102937,Phillips,,Germany,Male,48.0,5.0,121765.37,1.0,1.0,0.0,184851.74,1
102938,Palermo,718.0,Spain,Female,33.0,5.0,132347.71,1.0,1.0,0.0,168825.89,0
102939,Hs?,695.0,France,Male,47.0,1.0,0.0,2.0,,0.0,12613.04,0
102940,Hsiao,637.0,France,Female,39.0,2.0,0.0,1.0,0.0,1.0,132542.45,0
102941,Anderson,593.0,Spain,Male,33.0,,0.0,2.0,,0.0,122268.59,0
102942,Chuang,538.0,France,Male,,4.0,0.0,2.0,1.0,1.0,88729.22,0
102943,Obialo,521.0,France,Male,37.0,,0.0,1.0,1.0,0.0,,1
102944,Cole,569.0,France,Female,41.0,6.0,122525.99,1.0,1.0,0.0,61583.57,0
102945,Uvarova,611.0,France,Female,38.0,10.0,0.0,2.0,1.0,0.0,172032.78,0
102946,L?,639.0,,Male,39.0,2.0,122550.03,2.0,1.0,0.0,,0
102947,Nwankwo,,France,Male,29.0,3.0,0.0,1.0,1.0,1.0,79476.08,0
102948,Obialo,679.0,France,Male,29.0,3.0,0.0,2.0,1.0,1.0,170171.94,0
102949,Cattaneo,596.0,,,,6.0,0.0,,,1.0,154767.81,0
102950,Efremov,674.0,France,Male,37.0,5.0,0.0,1.0,1.0,0.0,76640.29,0
102951,P'an,590.0,France,Female,43.0,4.0,0.0,1.0,1.0,0.0,180598.86,1
102952,Chidubem,744.0,Germany,Male,66.0,4.0,165260.57,1.0,1.0,1.0,150973.01,0
102953,Hsing,588.0,Spain,Male,30.0,7.0,0.0,1.0,1.0,0.0,22433.01,0
102954,Tsao,,France,Female,40.0,7.0,0.0,2.0,1.0,1.0,83090.57,0
102955,Chin,708.0,France,Female,39.0,7.0,82688.12,1.0,0.0,0.0,138021.5,0
102956,Hsia,643.0,Germany,Female,27.0,3.0,,1.0,1.0,0.0,60722.99,0
102957,Echezonachukwu,553.0,,Female,32.0,9.0,,2.0,1.0,1.0,148527.56,0
102958,Yip,637.0,,Male,46.0,1.0,0.0,2.0,1.0,1.0,152963.28,0
102959,Nnachetam,704.0,France,Male,40.0,5.0,0.0,2.0,,0.0,171416.54,0
102960,Yudin,752.0,France,Female,,3.0,123890.94,1.0,1.0,1.0,50783.1,0
102961,Palermo,600.0,France,Male,35.0,9.0,124622.83,1.0,1.0,1.0,137796.12,0
102962,T'ao,535.0,Spain,Female,25.0,2.0,152166.27,1.0,1.0,1.0,185306.65,0
102963,Jarvis,634.0,France,Female,32.0,,0.0,2.0,0.0,,183483.67,0
102964,Hsueh,684.0,Spain,Male,28.0,7.0,0.0,1.0,1.0,,146905.93,0
102965,Tikhonov,686.0,France,Female,38.0,9.0,0.0,2.0,1.0,1.0,179217.53,0
102966,Nkemakolam,572.0,France,Female,75.0,2.0,0.0,1.0,1.0,1.0,,0
102967,Mills,,France,Male,33.0,1.0,0.0,2.0,1.0,0.0,184295.88,0
102968,Fu,683.0,France,Female,36.0,6.0,108667.13,1.0,1.0,0.0,60754.57,0
102969,Hsueh,572.0,France,Female,28.0,5.0,0.0,2.0,0.0,1.0,57632.04,0
102970,O'Loghlen,652.0,France,Male,37.0,1.0,0.0,1.0,0.0,1.0,88637.45,0
102971,Ts'ui,492.0,Germany,Male,24.0,4.0,107962.1,,1.0,0.0,,0
102972,Ts'ui,596.0,France,Female,32.0,2.0,0.0,1.0,1.0,1.0,49594.19,0
102973,Okwudiliolisa,602.0,Germany,Male,30.0,6.0,84700.28,2.0,0.0,1.0,27587.14,0
102974,Hsiung,649.0,France,Male,36.0,3.0,0.0,2.0,1.0,1.0,16886.55,0
102975,White,682.0,France,Male,,4.0,0.0,2.0,1.0,0.0,140943.85,0
102976,Lucciano,624.0,Germany,Male,44.0,8.0,116764.46,1.0,0.0,0.0,55183.61,1
102977,Nwachukwu,622.0,Spain,Male,37.0,6.0,0.0,2.0,1.0,,175895.81,0
102978,Yin,596.0,Spain,Male,37.0,0.0,0.0,2.0,1.0,,153740.4,0
102979,Maclean,676.0,France,Male,32.0,2.0,0.0,2.0,,1.0,154375.35,0
102980,Y?an,634.0,France,Male,43.0,4.0,112090.73,2.0,1.0,1.0,54474.48,0
102981,Mazzi,562.0,Spain,,35.0,7.0,0.0,2.0,1.0,1.0,125795.85,0
102982,Chuang,591.0,France,Female,31.0,6.0,106511.85,1.0,1.0,0.0,32275.09,0
102983,Bovee,678.0,,Male,38.0,10.0,0.0,2.0,1.0,0.0,57862.92,0
102984,Lombardo,752.0,France,Male,28.0,0.0,0.0,2.0,,1.0,113482.61,0
102985,Tien,653.0,Spain,Male,41.0,0.0,139816.35,1.0,1.0,1.0,166681.79,0
102986,Buccho,652.0,Germany,Male,32.0,8.0,118613.72,1.0,1.0,0.0,71153.26,0
102987,Lucchesi,651.0,,,43.0,3.0,113671.68,1.0,1.0,,176843.53,1
102988,Lo Duca,614.0,France,Male,34.0,4.0,182547.37,1.0,1.0,0.0,91943.94,0
102989,Frolova,,France,Male,31.0,8.0,0.0,2.0,1.0,1.0,125920.7,0
102990,Ts'ui,624.0,Spain,Male,47.0,5.0,0.0,1.0,1.0,1.0,126552.04,1
102991,Daniels,828.0,Spain,Male,35.0,9.0,108400.35,2.0,1.0,1.0,112990.81,0
102992,Yermolayev,702.0,Spain,Male,32.0,7.0,0.0,1.0,1.0,0.0,6391.18,0
102993,DeRose,756.0,Spain,,40.0,4.0,0.0,1.0,1.0,1.0,107825.08,0
102994,Udegbulam,671.0,Spain,Male,25.0,,116263.22,1.0,1.0,0.0,,0
102995,Lo,574.0,France,Female,28.0,6.0,0.0,2.0,1.0,1.0,122630.48,0
102996,Yobachukwu,600.0,France,Male,20.0,1.0,142289.01,1.0,1.0,0.0,180598.81,0
102997,Dickson,565.0,France,Male,33.0,8.0,156851.84,2.0,1.0,1.0,12423.04,0
102998,Mitchell,667.0,Germany,Female,29.0,2.0,119278.1,2.0,1.0,1.0,91684.35,0
102999,Kuo,646.0,France,Female,41.0,4.0,119258.54,1.0,0.0,0.0,,0
103000,Cremonesi,727.0,Germany,Male,,7.0,105152.77,2.0,1.0,0.0,73560.69,1
103001,Toscani,649.0,France,Male,36.0,3.0,126477.18,1.0,0.0,0.0,120868.44,0
103002,Erskine,646.0,Germany,Male,44.0,0.0,,2.0,1.0,1.0,168064.95,0
103003,Nwankwo,579.0,France,Male,41.0,7.0,0.0,2.0,,1.0,107623.05,0
103004,Zetticci,577.0,France,Male,31.0,,153965.88,1.0,1.0,0.0,120587.97,0
103005,Hsia,634.0,Spain,Female,36.0,,0.0,1.0,1.0,1.0,75405.56,0
103006,Folliero,581.0,Germany,Male,51.0,1.0,138033.32,1.0,1.0,0.0,1707.26,1
103007,Yegorova,807.0,Spain,Male,41.0,1.0,133026.78,2.0,0.0,1.0,116972.4,0
103008,Uspenskaya,655.0,France,Female,29.0,6.0,,1.0,1.0,1.0,106977.8,0
103009,K'ung,670.0,Germany,Female,36.0,3.0,104188.08,1.0,1.0,0.0,88085.26,1
103010,Hsueh,637.0,France,Male,31.0,9.0,0.0,2.0,1.0,1.0,142400.27,0
103011,Tung,,France,Female,43.0,2.0,0.0,2.0,1.0,0.0,181224.57,0
103012,Hsia,777.0,Germany,Male,32.0,10.0,135891.49,,1.0,1.0,72115.89,0
103013,Lo,773.0,Spain,Male,44.0,6.0,0.0,2.0,1.0,1.0,131923.43,0
103014,Bazarova,,France,,52.0,3.0,0.0,1.0,1.0,0.0,185580.89,1
103015,Fanucci,707.0,France,Female,,3.0,0.0,2.0,,,82709.8,0
103016,Pinto,641.0,Germany,Male,42.0,0.0,185377.12,2.0,1.0,1.0,85169.08,0
103017,Onuoha,558.0,France,Male,23.0,2.0,0.0,2.0,,0.0,143938.29,0
103018,Ch'eng,649.0,France,Female,31.0,1.0,0.0,2.0,0.0,1.0,65843.51,0
103019,Kazakova,,Germany,Female,,7.0,136252.01,1.0,0.0,1.0,184570.04,0
103020,Hsia,,Spain,Male,24.0,3.0,0.0,2.0,1.0,1.0,133536.63,0
103021,Learmonth,733.0,France,Female,49.0,6.0,0.0,2.0,0.0,0.0,47785.64,0
103022,Ts'ao,793.0,France,Male,30.0,5.0,0.0,2.0,1.0,1.0,153365.45,0
103023,Yobachukwu,682.0,,Male,29.0,4.0,,1.0,1.0,0.0,114722.42,0
103024,Huddart,627.0,,Female,40.0,8.0,0.0,2.0,,0.0,88964.42,0
103025,Caffyn,496.0,France,Male,45.0,8.0,0.0,2.0,1.0,1.0,77487.75,0
103026,Lucciano,646.0,France,Female,29.0,,0.0,2.0,1.0,0.0,80190.32,0
103027,Mancini,535.0,France,Male,23.0,9.0,0.0,2.0,1.0,1.0,61977.82,0
103028,Messersmith,744.0,Spain,Male,29.0,7.0,113682.81,1.0,1.0,0.0,102627.15,1
103029,T'ao,634.0,France,Male,39.0,2.0,0.0,2.0,1.0,0.0,119985.16,0
103030,Docherty,595.0,Spain,Male,26.0,8.0,129675.09,1.0,1.0,1.0,139990.44,0
103031,Ch'ien,584.0,France,Male,42.0,0.0,0.0,2.0,1.0,1.0,164004.64,0
103032,Ts'ui,711.0,Germany,Male,41.0,8.0,112688.48,1.0,1.0,1.0,172496.67,0
103033,Pisano,614.0,Germany,Female,30.0,10.0,93716.62,1.0,1.0,1.0,149494.5,0
103034,Tuan,707.0,France,Female,20.0,2.0,113023.24,1.0,1.0,0.0,173854.66,0
103035,Yefremov,704.0,France,Male,43.0,,145539.69,1.0,1.0,1.0,192131.77,0
103036,T'an,850.0,Spain,,47.0,6.0,0.0,1.0,1.0,0.0,64421.55,1
103037,Onyekaozulu,631.0,France,,36.0,5.0,134597.37,1.0,1.0,1.0,176904.03,0
103038,Macleod,589.0,France,,51.0,5.0,0.0,1.0,1.0,0.0,71795.87,1
103039,Fyodorov,584.0,Germany,Male,32.0,2.0,,2.0,1.0,0.0,121821.43,0
103040,Li Fonti,679.0,Spain,Male,23.0,1.0,0.0,2.0,0.0,1.0,175059.87,0
103041,Chibugo,709.0,,Female,53.0,7.0,0.0,,0.0,1.0,56619.37,0
103042,Buccho,673.0,France,Male,,6.0,97808.01,1.0,1.0,0.0,,0
103043,Nwachukwu,602.0,France,Male,40.0,5.0,0.0,2.0,1.0,1.0,91830.75,0
103044,Uvarov,738.0,France,,33.0,1.0,134630.01,1.0,0.0,1.0,159861.06,0
103045,Nnaife,746.0,Germany,Female,43.0,3.0,135207.36,3.0,1.0,1.0,63168.97,1
103046,Onyekachukwu,607.0,France,Male,37.0,4.0,0.0,2.0,1.0,0.0,139917.5,0
103047,Sullivan,678.0,France,Female,,7.0,0.0,1.0,1.0,1.0,149595.07,0
103048,Ts'ao,718.0,,Male,35.0,7.0,98639.39,1.0,1.0,1.0,173513.97,0
103049,Lu,642.0,France,Female,48.0,0.0,0.0,1.0,0.0,,162953.92,1
103050,Nwora,,France,Male,36.0,,0.0,,0.0,1.0,8817.29,0
103051,Lucciano,628.0,,Male,34.0,8.0,0.0,1.0,1.0,1.0,,0
103052,Murray,660.0,France,Male,40.0,7.0,0.0,2.0,1.0,1.0,9984.4,0
103053,Ignatiev,712.0,France,,28.0,2.0,0.0,2.0,1.0,0.0,172495.81,0
103054,Liao,729.0,Germany,,37.0,6.0,125060.08,1.0,0.0,1.0,,0
103055,Manners,705.0,Spain,Female,35.0,2.0,82461.44,2.0,0.0,0.0,125680.59,0
103056,Aksenov,705.0,Germany,Male,28.0,1.0,141786.92,2.0,0.0,0.0,86424.57,0
103057,Gilroy,710.0,France,Female,24.0,1.0,0.0,2.0,1.0,0.0,180552.29,0
103058,Fu,758.0,France,Male,39.0,8.0,0.0,2.0,0.0,1.0,1843.24,0
103059,Lei,687.0,France,Female,44.0,5.0,0.0,1.0,0.0,0.0,,1
103060,Okoli,731.0,France,Male,25.0,4.0,0.0,2.0,1.0,0.0,114872.23,0
103061,Ewing,813.0,,Female,29.0,3.0,123837.28,1.0,0.0,1.0,,0
103062,Ugochukwu,619.0,Spain,,43.0,2.0,0.0,2.0,1.0,0.0,100892.99,0
103063,Nnachetam,850.0,France,Female,32.0,9.0,0.0,1.0,1.0,1.0,57876.05,0
103064,Nnachetam,712.0,Spain,Male,22.0,5.0,0.0,2.0,0.0,0.0,,0
103065,Hsueh,669.0,France,Female,26.0,5.0,127376.86,1.0,1.0,1.0,25127.86,0
103066,T'ien,706.0,France,,37.0,1.0,0.0,2.0,1.0,0.0,126367.07,0
103067,Hsueh,544.0,Spain,Male,25.0,7.0,0.0,2.0,0.0,0.0,155871.08,0
103068,Frolova,621.0,France,Female,25.0,6.0,0.0,2.0,1.0,0.0,78707.78,0
103069,Tomlinson,479.0,France,Male,23.0,1.0,132559.48,1.0,1.0,1.0,109496.69,0
103070,Okwuoma,,France,Female,44.0,8.0,101713.69,2.0,1.0,0.0,97651.63,0
103071,Korovina,727.0,Spain,Male,29.0,1.0,0.0,2.0,1.0,1.0,118524.03,0
103072,Ifeatu,474.0,France,Female,,1.0,0.0,2.0,,0.0,158958.9,0
103073,Teng,673.0,France,Female,43.0,3.0,0.0,2.0,1.0,0.0,2265.75,0
103074,Rene,676.0,Spain,,43.0,1.0,178825.79,1.0,1.0,0.0,122878.0,0
103075,Gether,628.0,France,Female,36.0,6.0,0.0,2.0,,0.0,153343.41,0
103076,Lucchesi,741.0,France,Male,,2.0,0.0,2.0,1.0,0.0,9984.4,0
103077,Nebechi,587.0,France,Male,30.0,6.0,,1.0,0.0,1.0,173948.4,0
103078,Sims,710.0,,,,2.0,0.0,,1.0,1.0,,0
103079,Munro,635.0,,Female,,5.0,129873.99,1.0,1.0,1.0,175074.43,0
103080,Ives,662.0,France,Male,35.0,4.0,0.0,,1.0,0.0,86622.72,0
103081,Kambinachi,633.0,France,Male,36.0,2.0,0.0,1.0,1.0,1.0,130830.08,0
103082,Chuang,716.0,,Male,45.0,2.0,82827.98,1.0,1.0,,182734.94,0
103083,Hsia,541.0,France,Female,24.0,8.0,117045.16,1.0,1.0,0.0,126701.44,0
103084,Adams,743.0,Germany,Male,41.0,6.0,121280.54,3.0,0.0,,175066.85,1
103085,Macleod,732.0,France,Female,32.0,3.0,0.0,2.0,1.0,0.0,141053.43,0
103086,Hsing,745.0,Germany,Male,37.0,5.0,121497.6,1.0,,0.0,116614.35,0
103087,Chikelu,667.0,France,Male,33.0,8.0,0.0,2.0,1.0,0.0,51455.51,0
103088,Marshall,705.0,France,Male,36.0,5.0,155957.03,1.0,0.0,0.0,180018.95,1
103089,Ni,508.0,Germany,Male,40.0,0.0,118619.67,1.0,0.0,1.0,173464.43,0
103090,Udegbunam,637.0,France,Female,43.0,6.0,0.0,1.0,1.0,1.0,88060.25,1
103091,Pisano,757.0,France,Female,42.0,1.0,0.0,2.0,0.0,1.0,175847.37,0
103092,Pai,717.0,France,Male,25.0,1.0,0.0,2.0,1.0,1.0,166475.62,0
103093,De Luca,683.0,,Male,39.0,8.0,74629.67,2.0,1.0,0.0,93850.52,0
103094,Hsiung,590.0,France,Male,40.0,1.0,0.0,2.0,1.0,0.0,170517.53,0
103095,Lo,642.0,France,Male,32.0,2.0,0.0,2.0,,0.0,91830.7,0
103096,Maclean,477.0,France,Male,39.0,1.0,0.0,2.0,1.0,,147714.8,1
103097,Fanucci,687.0,France,Female,35.0,0.0,0.0,2.0,1.0,1.0,176779.72,0
103098,Hsieh,,France,Female,40.0,5.0,133801.49,1.0,1.0,1.0,,1
103099,Hsiao,769.0,Spain,Male,25.0,4.0,0.0,1.0,,0.0,106969.53,0
103100,Sun,651.0,France,Female,32.0,8.0,0.0,2.0,,,181208.44,0
103101,Hs?,597.0,France,Female,37.0,1.0,0.0,2.0,1.0,,101397.72,0
103102,T'ien,594.0,France,Female,47.0,9.0,0.0,2.0,1.0,0.0,152023.37,0
103103,Ts'ui,545.0,Germany,Male,30.0,,89016.07,1.0,0.0,,82707.73,0
103104,Chibueze,757.0,Germany,Female,29.0,3.0,81091.57,1.0,1.0,1.0,179861.89,0
103105,Butcher,687.0,France,Male,36.0,10.0,89948.21,1.0,,0.0,131906.87,1
103106,Nwachinemelu,748.0,France,Female,28.0,7.0,0.0,2.0,1.0,1.0,166526.31,0
103107,Hsu,675.0,Spain,Male,33.0,9.0,0.0,2.0,1.0,1.0,57862.88,0
103108,Okonkwo,633.0,Spain,Female,35.0,1.0,122570.87,1.0,1.0,0.0,87067.73,0
103109,Scott,616.0,Germany,Female,51.0,10.0,166809.89,1.0,1.0,1.0,130622.75,1
103110,Lombardo,767.0,Spain,Male,41.0,,,2.0,0.0,1.0,121525.42,0
103111,T'ao,593.0,,Male,42.0,5.0,0.0,1.0,1.0,,159452.02,0
103112,Ni,850.0,Germany,Male,29.0,5.0,135883.28,2.0,1.0,0.0,118951.6,0
103113,Yobanna,644.0,Germany,Female,40.0,10.0,116370.48,1.0,1.0,0.0,54949.71,0
103114,Cattaneo,682.0,France,Male,,3.0,0.0,2.0,0.0,0.0,192033.52,0
103115,Zikoranachidimma,686.0,Germany,Female,36.0,9.0,145223.75,1.0,1.0,0.0,140203.25,0
103116,Johnston,558.0,Germany,Female,,5.0,155984.78,1.0,0.0,0.0,90050.08,1
103117,Padovano,711.0,,Female,51.0,3.0,118856.88,1.0,1.0,0.0,88890.05,1
103118,Onwumelu,738.0,,Male,42.0,0.0,0.0,2.0,1.0,1.0,152571.85,0
103119,Tsou,569.0,France,Female,28.0,6.0,0.0,2.0,0.0,0.0,101515.76,0
103120,Dickson,645.0,France,Male,26.0,1.0,99836.47,1.0,1.0,1.0,154939.07,0
103121,Nkemdilim,710.0,Germany,Male,37.0,2.0,111760.4,1.0,1.0,0.0,36051.96,0
103122,Ritchie,528.0,Germany,,45.0,9.0,134952.33,,1.0,,155919.36,1
103123,Fang,709.0,Germany,Female,39.0,4.0,121404.9,2.0,1.0,1.0,158887.09,0
103124,Tien,632.0,France,Male,34.0,5.0,0.0,1.0,0.0,1.0,94571.1,0
103125,Chukwufumnanya,558.0,Germany,Male,30.0,3.0,117899.33,1.0,1.0,0.0,183463.67,0
103126,Wan,553.0,Spain,Male,29.0,3.0,126450.8,1.0,1.0,1.0,173374.04,0
103127,T'ien,544.0,Spain,Male,31.0,5.0,,1.0,1.0,0.0,87598.76,0
103128,Chou,554.0,France,Male,30.0,5.0,0.0,2.0,0.0,0.0,95597.23,0
103129,T'ien,583.0,France,Female,32.0,1.0,,2.0,1.0,1.0,64731.12,0
103130,Ch'en,769.0,France,Male,40.0,,120108.43,,1.0,1.0,110144.04,0
103131,Hs?,611.0,France,Male,,6.0,0.0,2.0,1.0,1.0,82411.32,0
103132,Clark,687.0,Spain,Male,35.0,9.0,0.0,2.0,1.0,1.0,46904.45,0
103133,K'ung,587.0,France,Male,,3.0,0.0,1.0,0.0,0.0,166517.26,1
103134,Pisano,494.0,France,Female,36.0,4.0,98297.58,1.0,0.0,1.0,132776.79,0
103135,Fiorentini,545.0,Germany,Female,42.0,4.0,157765.31,1.0,1.0,0.0,114410.11,1
103136,Macdonald,565.0,France,Female,39.0,4.0,0.0,1.0,1.0,1.0,93511.39,0
103137,Su,464.0,Germany,Male,37.0,7.0,96330.02,2.0,,0.0,152778.84,0
103138,Maclean,637.0,,,39.0,3.0,129855.42,1.0,1.0,1.0,167984.72,1
103139,Genovese,714.0,Spain,Female,41.0,9.0,0.0,1.0,1.0,0.0,,0
103140,Onio,477.0,Germany,Female,39.0,6.0,126147.83,1.0,,0.0,174915.81,1
103141,Tung,684.0,France,Male,42.0,1.0,0.0,2.0,1.0,1.0,93717.55,0
103142,Milanesi,590.0,France,Male,,6.0,,1.0,,1.0,135866.89,0
103143,MacDonnell,617.0,France,Female,40.0,6.0,114015.38,1.0,1.0,0.0,49842.52,0
103144,Palerma,627.0,Germany,Male,38.0,6.0,132115.83,1.0,1.0,0.0,141364.27,0
103145,Scott,560.0,Spain,,29.0,1.0,112138.75,1.0,0.0,0.0,,0
103146,Teng,684.0,,Female,39.0,2.0,0.0,2.0,1.0,1.0,151317.46,0
103147,Hsiung,569.0,Germany,Female,39.0,1.0,90560.3,2.0,1.0,1.0,176600.77,0
103148,Kung,614.0,France,Male,33.0,1.0,0.0,1.0,1.0,1.0,,0
103149,Onyemachukwu,,France,Male,43.0,6.0,0.0,1.0,1.0,0.0,117681.36,1
103150,Lu,708.0,France,Female,27.0,6.0,,2.0,1.0,0.0,90147.04,0
103151,Manna,591.0,France,Female,40.0,7.0,0.0,1.0,1.0,1.0,57197.62,0
103152,Chukwudi,627.0,Germany,Male,43.0,5.0,134096.18,2.0,1.0,,51548.14,0
103153,Yobachukwu,570.0,France,Male,52.0,7.0,0.0,1.0,0.0,,62545.72,1
103154,Hsia,489.0,France,Male,,8.0,0.0,2.0,1.0,0.0,,0
103155,McKenzie,628.0,Spain,Male,48.0,2.0,0.0,3.0,1.0,0.0,104363.5,1
103156,Hsiao,633.0,Spain,Male,50.0,1.0,93917.76,2.0,1.0,0.0,187873.84,0
103157,Fitts,526.0,France,Male,33.0,3.0,0.0,2.0,1.0,0.0,116969.73,0
103158,Nkemakolam,779.0,France,,41.0,5.0,0.0,2.0,1.0,0.0,174819.67,0
103159,Hs?,641.0,France,Female,36.0,5.0,0.0,2.0,0.0,1.0,1235.5,0
103160,Nkemjika,769.0,France,Male,44.0,7.0,0.0,1.0,1.0,1.0,,0
103161,Yudina,583.0,Germany,Female,47.0,2.0,131777.79,1.0,1.0,0.0,182729.46,1
103162,Hewitt,,Spain,Male,38.0,0.0,116145.41,2.0,0.0,1.0,162812.16,0
103163,Tu,634.0,,Male,31.0,6.0,0.0,2.0,1.0,1.0,123969.92,0
103164,Y?an,529.0,France,Male,29.0,0.0,77652.4,1.0,1.0,1.0,121875.18,0
103165,Yip,663.0,France,Male,43.0,4.0,0.0,2.0,1.0,0.0,75813.16,1
103166,Nnanna,548.0,France,Male,39.0,2.0,0.0,2.0,0.0,0.0,169963.75,0
103167,Onio,654.0,France,Female,54.0,8.0,0.0,2.0,0.0,1.0,175257.63,1
103168,Clements,694.0,Spain,Male,43.0,,96900.21,1.0,0.0,,157016.12,0
103169,Sun,537.0,Germany,Male,59.0,,93550.36,1.0,1.0,0.0,176455.59,1
103170,Butler,653.0,Spain,Male,36.0,8.0,0.0,2.0,1.0,0.0,161462.18,0
103171,Hsia,799.0,France,Female,31.0,2.0,0.0,2.0,1.0,0.0,15816.33,0
103172,Wang,774.0,France,Female,36.0,7.0,0.0,2.0,1.0,1.0,162511.55,0
103173,Frolova,584.0,France,Female,45.0,4.0,0.0,3.0,1.0,,137903.22,1
103174,Ch'ien,565.0,Germany,Female,37.0,2.0,141556.9,1.0,,1.0,147025.72,1
103175,Hsueh,591.0,Spain,Male,54.0,6.0,0.0,1.0,0.0,0.0,169655.58,1
103176,Trevisani,663.0,Spain,Male,33.0,7.0,113575.99,1.0,1.0,1.0,165023.37,0
103177,Pinto,662.0,,Male,35.0,,0.0,2.0,1.0,0.0,170497.03,1
103178,Genovese,628.0,Spain,Male,30.0,5.0,0.0,1.0,1.0,0.0,94873.49,0
103179,Yashina,712.0,France,Male,40.0,7.0,57819.7,1.0,0.0,0.0,180336.89,0
103180,Henderson,727.0,France,Female,42.0,3.0,0.0,2.0,,1.0,126542.53,0
103181,Milani,,France,Male,32.0,7.0,0.0,2.0,1.0,1.0,132419.71,0
103182,Baresi,698.0,Spain,Female,50.0,1.0,103382.02,1.0,1.0,0.0,177411.03,1
103183,DeRose,576.0,France,Female,34.0,,0.0,2.0,1.0,1.0,116890.69,0
103184,Miah,,Spain,Male,42.0,2.0,0.0,2.0,0.0,0.0,69241.81,0
103185,Perry,505.0,Germany,Male,37.0,2.0,133205.56,2.0,1.0,0.0,154944.61,0
103186,O'Brien,646.0,France,Female,40.0,4.0,0.0,1.0,,,99822.71,0
103187,H?,543.0,,Male,,9.0,0.0,1.0,0.0,0.0,98887.21,1
103188,Nwachinemelu,652.0,France,Female,37.0,7.0,162637.62,2.0,1.0,0.0,137089.74,0
103189,Ifeatu,678.0,Germany,Male,30.0,6.0,174901.63,1.0,1.0,1.0,63045.92,0
103190,Mott,,France,Female,56.0,0.0,0.0,1.0,1.0,1.0,173033.25,1
103191,Dickson,715.0,France,Male,40.0,1.0,83597.36,1.0,0.0,0.0,177920.05,0
103192,Maclean,,France,Male,40.0,6.0,0.0,,1.0,1.0,72151.54,0
103193,Boyle,,Spain,Male,33.0,6.0,0.0,2.0,1.0,1.0,130826.01,0
103194,Chukwufumnanya,572.0,France,Female,40.0,9.0,175103.84,1.0,1.0,0.0,184748.23,0
103195,Sung,850.0,France,Female,31.0,2.0,0.0,1.0,0.0,1.0,77984.01,0
103196,Hs?,,Germany,Male,31.0,8.0,122314.5,1.0,1.0,1.0,94067.86,0
103197,T'ao,707.0,France,Female,33.0,,141786.9,1.0,,1.0,53675.23,0
103198,Onyeorulu,544.0,France,Male,38.0,1.0,,2.0,0.0,1.0,,0
103199,Lo Duca,484.0,Germany,Female,32.0,6.0,120829.39,1.0,,1.0,167244.66,0
103200,Robertson,543.0,Germany,Male,32.0,7.0,148793.05,2.0,1.0,,161051.9,0
103201,White,684.0,France,Male,21.0,5.0,0.0,,1.0,1.0,168054.3,0
103202,Smith,729.0,Spain,Female,42.0,6.0,123307.58,1.0,0.0,0.0,47738.86,1
103203,Chiang,533.0,Spain,Male,37.0,0.0,140038.31,2.0,0.0,1.0,5862.14,0
103204,Loggia,,France,Male,47.0,5.0,155932.12,1.0,0.0,0.0,23229.27,1
103205,Onyekachi,735.0,Spain,Female,40.0,7.0,0.0,2.0,1.0,0.0,91560.83,0
103206,Maclean,637.0,Germany,Female,24.0,5.0,139927.45,2.0,0.0,1.0,23852.19,0
103207,T'ien,635.0,Spain,Female,41.0,,118207.69,1.0,0.0,0.0,82700.33,1
103208,T'ien,711.0,Spain,Female,32.0,0.0,,1.0,0.0,0.0,129978.03,0
103209,Zito,651.0,France,Female,73.0,5.0,86685.86,1.0,0.0,1.0,159401.76,0
103210,Crawford,599.0,Germany,Male,52.0,7.0,,1.0,0.0,0.0,,1
103211,Okechukwu,720.0,France,Male,36.0,4.0,94103.74,1.0,1.0,1.0,95312.16,1
103212,Pritchard,735.0,France,Male,32.0,4.0,0.0,1.0,1.0,0.0,126104.08,0
103213,P'an,686.0,France,Male,41.0,1.0,182073.27,2.0,0.0,0.0,121676.04,0
103214,Pagnotto,691.0,France,Male,29.0,,0.0,2.0,1.0,1.0,,0
103215,Hsiao,619.0,France,Female,41.0,7.0,121107.68,1.0,0.0,1.0,139049.24,0
103216,Tien,717.0,Spain,Female,32.0,5.0,96168.53,1.0,1.0,0.0,,1
103217,Folliero,710.0,Spain,Female,31.0,1.0,134086.04,1.0,0.0,1.0,186851.19,0
103218,Walker,602.0,Spain,,35.0,6.0,100115.28,1.0,1.0,,134785.2,0
103219,Hs?eh,685.0,Germany,Male,31.0,0.0,182461.02,,0.0,1.0,129870.93,0
103220,P'eng,727.0,Spain,Male,37.0,4.0,0.0,1.0,1.0,1.0,47898.77,0
103221,Nkemjika,545.0,Spain,Male,,10.0,0.0,3.0,0.0,1.0,166982.96,1
103222,Brabyn,692.0,,Female,29.0,8.0,0.0,2.0,0.0,0.0,129879.71,0
103223,Lucciano,807.0,Spain,Male,31.0,7.0,0.0,2.0,1.0,0.0,86744.74,0
103224,Ohearn,717.0,France,Female,42.0,2.0,0.0,2.0,0.0,1.0,86930.47,0
103225,Nwora,667.0,France,Male,24.0,2.0,0.0,2.0,0.0,1.0,129964.81,0
103226,Hardacre,639.0,Germany,Female,46.0,6.0,91935.85,1.0,1.0,0.0,9019.09,1
103227,Nwebube,553.0,France,Male,34.0,0.0,0.0,2.0,,1.0,25684.91,0
103228,Chikwendu,583.0,France,Female,39.0,4.0,,1.0,1.0,0.0,,0
103229,Lung,659.0,Germany,Male,44.0,2.0,155483.56,2.0,1.0,0.0,163461.75,1
103230,Brown,592.0,France,Female,38.0,6.0,0.0,1.0,1.0,,81345.26,0
103231,Mazzi,651.0,Spain,Female,40.0,3.0,0.0,1.0,1.0,1.0,61318.14,1
103232,Lu,521.0,France,Male,33.0,4.0,0.0,2.0,1.0,0.0,61349.37,0
103233,Pagnotto,790.0,Spain,Male,48.0,1.0,116496.37,1.0,1.0,1.0,176780.59,0
103234,T'ien,,France,Male,42.0,1.0,0.0,2.0,,0.0,74850.96,0
103235,Macleod,687.0,France,Female,30.0,5.0,,1.0,0.0,0.0,152927.16,0
103236,Babbage,684.0,France,Male,23.0,5.0,0.0,2.0,1.0,1.0,151903.6,0
103237,Trevisani,713.0,France,Female,31.0,2.0,0.0,2.0,1.0,1.0,121408.89,0
103238,Hsia,632.0,France,Male,34.0,4.0,120830.01,1.0,1.0,0.0,93336.2,0
103239,H?,679.0,France,Female,,1.0,0.0,1.0,1.0,,88838.25,1
103240,Iadanza,594.0,France,Male,30.0,5.0,93787.46,1.0,1.0,1.0,45414.09,0
103241,Macartney,544.0,France,Female,35.0,9.0,104760.82,1.0,1.0,,61770.62,0
103242,Hs?,516.0,France,Male,36.0,9.0,0.0,1.0,0.0,0.0,53404.18,1
103243,Hsieh,607.0,Spain,Female,43.0,2.0,0.0,2.0,0.0,1.0,68286.58,0
103244,Spitzer,778.0,France,Male,37.0,8.0,0.0,2.0,1.0,,187907.28,0
103245,Ch'eng,683.0,France,Female,36.0,8.0,0.0,2.0,1.0,1.0,129964.94,0
103246,Fetherstonhaugh,667.0,Spain,Male,36.0,3.0,0.0,2.0,0.0,1.0,90988.02,0
103247,Ch'eng,634.0,France,Male,40.0,8.0,125363.03,1.0,1.0,1.0,77906.32,0
103248,Mazzi,669.0,Spain,Female,38.0,3.0,0.0,2.0,1.0,0.0,104018.29,1
103249,Black,661.0,France,Female,30.0,2.0,125211.86,1.0,1.0,1.0,142381.17,0
103250,Trevisan,615.0,France,Male,39.0,5.0,97563.33,1.0,1.0,0.0,140135.5,0
103251,Moore,599.0,France,Male,,8.0,89800.14,1.0,1.0,1.0,130669.75,0
103252,Martin,704.0,France,,43.0,,121284.56,1.0,0.0,0.0,141483.5,1
103253,Hurst,,,Female,41.0,0.0,0.0,1.0,1.0,0.0,168955.83,0
103254,Y?an,583.0,Germany,Male,21.0,3.0,132405.37,2.0,1.0,0.0,93236.7,0
103255,Chijindum,485.0,Germany,Male,47.0,7.0,122082.68,,0.0,0.0,176712.73,1
103256,Chuang,635.0,France,Male,34.0,8.0,,1.0,1.0,1.0,78915.7,0
103257,Toscani,748.0,France,Female,35.0,10.0,0.0,2.0,1.0,0.0,131703.86,0
103258,Holloway,669.0,,Female,33.0,8.0,89224.56,2.0,1.0,1.0,197885.88,0
103259,Chidimma,815.0,,Male,39.0,6.0,129850.8,1.0,1.0,0.0,,0
103260,Pearce,743.0,Germany,,62.0,9.0,,1.0,1.0,0.0,94967.45,0
103261,Hay,673.0,France,Female,37.0,7.0,112568.82,1.0,0.0,1.0,51751.89,0
103262,Hargreaves,494.0,,Male,30.0,10.0,119142.65,2.0,,0.0,187980.48,0
103263,Kennedy,685.0,France,Female,34.0,8.0,104093.86,1.0,1.0,0.0,39897.28,0
103264,Bock,647.0,Spain,Male,38.0,0.0,121824.51,1.0,1.0,0.0,140142.29,0
103265,Chidubem,660.0,France,,33.0,5.0,0.0,2.0,1.0,0.0,72950.63,0
103266,Hsueh,481.0,Spain,Female,37.0,9.0,0.0,2.0,1.0,1.0,70261.09,1
103267,Kashiwagi,648.0,Germany,Male,40.0,6.0,147458.08,1.0,1.0,0.0,121840.2,0
103268,T'ien,743.0,Germany,Female,33.0,4.0,110141.58,1.0,1.0,1.0,161686.72,0
103269,Sagese,669.0,France,Male,27.0,4.0,101960.75,1.0,1.0,1.0,182973.74,0
103270,Zikoranachidimma,422.0,France,Male,35.0,1.0,117007.28,1.0,1.0,0.0,,1
103271,T'ien,693.0,France,Male,37.0,3.0,,2.0,1.0,1.0,86733.61,0
103272,Tuan,771.0,Spain,Female,,9.0,0.0,2.0,0.0,1.0,29417.16,0
103273,Hsu,684.0,France,Female,36.0,7.0,125169.26,1.0,1.0,1.0,151823.19,0
103274,Ch'iu,598.0,France,,40.0,3.0,0.0,2.0,,1.0,53630.9,0
103275,Pai,710.0,Germany,Female,36.0,3.0,116942.99,2.0,1.0,0.0,134963.71,0
103276,Beggs,597.0,Spain,Male,35.0,4.0,103477.84,2.0,1.0,1.0,131922.66,0
103277,Lo,609.0,Germany,Male,33.0,7.0,126475.59,1.0,0.0,0.0,48093.17,0
103278,Lai,699.0,France,Male,38.0,2.0,75334.58,1.0,1.0,0.0,27351.44,0
103279,Calabrese,649.0,Spain,Female,31.0,9.0,117268.63,1.0,1.0,1.0,80098.68,0
103280,Yobachi,774.0,,,54.0,5.0,0.0,1.0,1.0,0.0,68825.14,1
103281,Miller,697.0,France,Female,43.0,5.0,143791.44,1.0,1.0,1.0,90106.84,0
103282,Padovesi,618.0,Spain,Female,37.0,5.0,0.0,2.0,1.0,0.0,130786.1,0
103283,Chinedum,585.0,France,Female,44.0,2.0,,3.0,1.0,1.0,165265.39,1
103284,Tung,581.0,France,Male,32.0,2.0,0.0,2.0,1.0,0.0,113681.82,0
103285,Ch'in,583.0,,Male,38.0,4.0,0.0,,1.0,1.0,157076.01,0
103286,Edwards,613.0,Germany,Male,59.0,8.0,,1.0,0.0,0.0,74909.62,0
103287,Tuan,684.0,France,Male,32.0,,0.0,,1.0,0.0,170518.23,0
103288,Fanucci,634.0,France,Female,34.0,3.0,0.0,2.0,1.0,1.0,31299.71,0
103289,Huddart,730.0,Germany,Female,39.0,5.0,122554.46,1.0,0.0,0.0,175168.65,1
103290,Walkom,790.0,France,Female,46.0,4.0,0.0,2.0,1.0,1.0,172376.01,0
103291,Genovesi,709.0,France,Female,43.0,8.0,0.0,2.0,0.0,0.0,93994.56,0
103292,Nnamdi,651.0,France,Male,31.0,0.0,0.0,1.0,0.0,1.0,73811.16,0
103293,Olisaemeka,,France,Male,36.0,1.0,0.0,1.0,0.0,0.0,51554.58,1
103294,Toscani,745.0,Spain,Female,37.0,8.0,,2.0,1.0,0.0,65853.73,0
103295,Okeke,597.0,Spain,,38.0,9.0,0.0,2.0,1.0,1.0,180598.85,0
103296,Beluchi,632.0,Germany,,,1.0,108275.94,2.0,1.0,0.0,,0
103297,Thompson,670.0,France,Female,36.0,3.0,0.0,2.0,1.0,1.0,138397.14,0
103298,Long,526.0,France,Male,,9.0,0.0,2.0,1.0,0.0,12418.61,0
103299,Scott,568.0,Germany,Female,33.0,6.0,90218.11,1.0,1.0,1.0,167922.62,0
103300,Hsia,705.0,Germany,Female,38.0,1.0,152888.36,1.0,0.0,0.0,140992.37,1
103301,Grosse,638.0,France,,51.0,7.0,0.0,2.0,1.0,0.0,95960.15,0
103302,De Luca,556.0,France,Male,35.0,1.0,117085.85,1.0,1.0,1.0,154188.86,0
103303,Chukwujamuike,550.0,,Female,49.0,9.0,,2.0,1.0,,,1
103304,Brown,586.0,,Male,39.0,8.0,0.0,2.0,0.0,1.0,182838.19,0
103305,Yobanna,679.0,France,Male,35.0,7.0,131015.57,1.0,1.0,0.0,133088.81,0
103306,De Luca,706.0,Spain,Male,39.0,7.0,102769.09,1.0,1.0,,182061.74,0
103307,Lu,563.0,France,Female,53.0,7.0,114519.57,2.0,1.0,,199356.01,0
103308,T'ien,850.0,France,Male,50.0,2.0,88979.05,1.0,0.0,1.0,135083.7,0
103309,Hsiung,,Germany,Male,47.0,6.0,139186.0,1.0,1.0,1.0,74391.59,0
103310,Rees,615.0,Spain,Male,37.0,1.0,0.0,2.0,1.0,1.0,46779.68,0
103311,Lo Duca,730.0,Spain,Female,42.0,7.0,0.0,2.0,0.0,0.0,161569.77,0
103312,Nwankwo,599.0,Germany,Female,32.0,6.0,114750.03,2.0,1.0,1.0,110440.93,0
103313,Chiganu,580.0,Spain,Male,38.0,2.0,,1.0,0.0,1.0,85240.29,1
103314,Echezonachukwu,673.0,France,Male,,0.0,0.0,2.0,1.0,0.0,154203.02,0
103315,Ugochukwu,656.0,Spain,Female,40.0,4.0,0.0,,1.0,0.0,132969.48,0
103316,Kepley,628.0,Germany,,34.0,0.0,107423.93,2.0,1.0,,32317.82,0
103317,Hsing,,Spain,Male,43.0,2.0,0.0,1.0,,0.0,119627.05,1
103318,Nwankwo,642.0,France,Female,29.0,8.0,0.0,2.0,0.0,1.0,171472.93,0
103319,Fanucci,663.0,Spain,Male,34.0,8.0,0.0,1.0,1.0,0.0,,0
103320,Hsu,804.0,Spain,Female,35.0,1.0,0.0,2.0,1.0,1.0,158692.72,0
103321,Ts'ui,576.0,Spain,Male,29.0,9.0,0.0,2.0,1.0,1.0,51650.68,0
103322,Nnamutaezinwa,547.0,France,Male,47.0,2.0,0.0,2.0,0.0,1.0,97956.06,0
103323,Iweobiegbunam,751.0,France,Male,35.0,4.0,0.0,2.0,1.0,1.0,141359.11,0
103324,Hung,621.0,Spain,Male,40.0,7.0,0.0,,0.0,0.0,111597.57,0
103325,Chukwufumnanya,668.0,France,Female,36.0,6.0,0.0,2.0,1.0,0.0,114600.18,0
103326,Mazzanti,667.0,Spain,Male,45.0,4.0,118082.85,1.0,1.0,1.0,117601.29,0
103327,Gordon,744.0,France,Male,38.0,6.0,134497.77,1.0,1.0,1.0,28718.46,0
103328,Zetticci,648.0,Spain,Male,29.0,1.0,0.0,2.0,1.0,0.0,,0
103329,Chukwujekwu,618.0,Germany,Female,44.0,7.0,152085.8,1.0,1.0,0.0,135875.51,1
103330,T'ao,669.0,France,Male,40.0,2.0,0.0,2.0,1.0,1.0,162515.17,0
103331,Chigozie,644.0,Spain,Female,41.0,8.0,,2.0,0.0,1.0,175071.11,0
103332,Ritchie,712.0,,Male,39.0,6.0,0.0,2.0,,0.0,162860.81,0
103333,Johnson,,,Male,41.0,5.0,159336.52,2.0,0.0,,151292.99,0
103334,Chidozie,550.0,Germany,,50.0,4.0,94916.89,1.0,1.0,1.0,72927.65,1
103335,Lorenzo,754.0,Spain,Female,26.0,6.0,129404.88,2.0,1.0,0.0,14000.57,0
103336,Pisano,472.0,,Female,32.0,8.0,72631.47,2.0,1.0,1.0,171716.59,0
103337,McGregor,,France,Female,38.0,9.0,125226.81,1.0,1.0,1.0,175901.59,1
103338,Genovese,579.0,Germany,Male,30.0,2.0,,1.0,1.0,0.0,69085.4,0
103339,Okorie,644.0,France,Female,,8.0,0.0,2.0,,1.0,137654.67,0
103340,Brient,602.0,Spain,Female,39.0,9.0,145853.8,1.0,0.0,0.0,,0
103341,Hsia,459.0,France,Female,34.0,9.0,0.0,2.0,1.0,0.0,172056.19,0
103342,Baresi,663.0,France,Female,48.0,4.0,141191.15,1.0,1.0,1.0,179634.41,0
103343,Trevisan,544.0,Spain,Female,46.0,8.0,190559.96,2.0,1.0,0.0,86606.77,1
103344,Ting,736.0,France,,,9.0,70734.94,1.0,1.0,1.0,141272.45,0
103345,Ch'ang,740.0,Spain,Female,34.0,6.0,105561.03,1.0,1.0,1.0,132973.17,0
103346,Onyemere,492.0,Germany,Male,45.0,,106070.86,1.0,1.0,1.0,76510.94,1
103347,Onyemachukwu,813.0,Spain,Female,31.0,,0.0,2.0,0.0,0.0,121357.96,0
103348,Ch'iu,656.0,France,Male,42.0,8.0,0.0,2.0,0.0,1.0,135851.67,0
103349,Chukwudi,640.0,,Male,,,0.0,1.0,0.0,1.0,143777.44,0
103350,Fiorentini,707.0,France,Male,34.0,9.0,0.0,,1.0,0.0,56767.67,0
103351,Chibueze,639.0,Germany,Female,26.0,4.0,150461.97,2.0,1.0,1.0,27368.97,0
103352,Ugonnatubelum,787.0,Germany,Female,,5.0,113948.65,1.0,0.0,0.0,48672.29,1
103353,Levi,709.0,France,Female,40.0,2.0,153044.86,1.0,1.0,0.0,86354.47,1
103354,Oluchukwu,605.0,Spain,Female,34.0,1.0,0.0,1.0,1.0,0.0,72676.53,1
103355,Chukwudi,,France,Female,38.0,10.0,0.0,2.0,0.0,1.0,161669.1,0
103356,Ch'ang,,Germany,Male,,7.0,143340.33,1.0,1.0,1.0,178368.29,0
103357,Yermolayeva,710.0,France,Female,,2.0,0.0,,1.0,1.0,52327.57,0
103358,Ch'en,703.0,France,Male,38.0,1.0,152876.65,1.0,1.0,1.0,47931.11,0
103359,Chiedozie,648.0,Germany,Male,32.0,2.0,132869.26,2.0,1.0,1.0,109953.5,0
103360,T'ao,764.0,,Male,40.0,4.0,113619.23,1.0,1.0,0.0,81104.2,0
103361,Iloerika,729.0,Spain,Female,34.0,7.0,0.0,,0.0,0.0,120155.78,0
103362,Ch'eng,,France,Male,39.0,7.0,0.0,2.0,1.0,0.0,143635.28,0
103363,Aikenhead,749.0,Spain,Male,37.0,1.0,0.0,1.0,1.0,0.0,16857.68,1
103364,Chiang,648.0,France,,36.0,8.0,0.0,2.0,1.0,1.0,,0
103365,Stevenson,557.0,Spain,Male,38.0,6.0,154790.95,1.0,1.0,,65619.25,0
103366,P'eng,695.0,France,Female,29.0,8.0,0.0,1.0,0.0,0.0,167770.13,0
103367,Tseng,850.0,Germany,Female,28.0,2.0,124485.87,2.0,0.0,0.0,20181.78,0
103368,Nnaife,766.0,Germany,Male,35.0,2.0,148403.77,2.0,1.0,1.0,136995.11,0
103369,Chukwueloka,718.0,France,Female,34.0,5.0,0.0,2.0,1.0,1.0,147090.9,0
103370,Lu,745.0,Germany,,30.0,8.0,129946.81,1.0,1.0,1.0,180712.51,0
103371,Thorpe,615.0,,Female,40.0,10.0,122796.32,2.0,1.0,0.0,57905.24,1
103372,Burns,714.0,France,Female,35.0,8.0,0.0,2.0,1.0,1.0,26870.27,0
103373,Fanucci,637.0,France,Female,44.0,3.0,0.0,1.0,1.0,1.0,143203.9,1
103374,Sagese,631.0,Germany,Male,46.0,0.0,110761.22,1.0,1.0,0.0,,1
103375,Hsia,730.0,Spain,Female,46.0,2.0,0.0,2.0,0.0,0.0,178275.98,0
103376,Liao,623.0,France,Female,54.0,1.0,0.0,2.0,1.0,1.0,169826.45,0
103377,Sun,762.0,Germany,Female,45.0,7.0,124704.12,2.0,1.0,0.0,158885.54,0
103378,Ogochukwu,750.0,France,,34.0,3.0,132725.1,1.0,1.0,0.0,120893.07,0
103379,Hsueh,708.0,Spain,Male,41.0,5.0,129944.36,1.0,0.0,1.0,64510.01,0
103380,Chinwenma,753.0,Germany,Male,26.0,9.0,149564.61,1.0,0.0,0.0,96355.99,0
103381,Ting,775.0,Germany,Female,30.0,,148521.98,1.0,0.0,0.0,28416.81,0
103382,Onwumelu,588.0,Spain,Female,26.0,6.0,,2.0,1.0,,86505.77,0
103383,Kambinachi,559.0,France,Female,48.0,0.0,115620.46,2.0,0.0,1.0,186353.8,1
103384,Echezonachukwu,850.0,France,Male,45.0,10.0,97167.61,1.0,0.0,1.0,132933.44,0
103385,Parry,709.0,France,,39.0,7.0,0.0,2.0,0.0,0.0,69080.46,0
103386,Frolov,563.0,Germany,Female,24.0,5.0,95965.98,1.0,1.0,1.0,121824.61,0
103387,McElhone,696.0,France,Male,29.0,7.0,0.0,2.0,0.0,0.0,174486.23,0
103388,Palermo,669.0,Germany,Female,23.0,9.0,107467.56,1.0,1.0,0.0,78663.56,0
103389,P'eng,639.0,Germany,Male,,7.0,141195.47,1.0,1.0,0.0,,1
103390,Ch'ang,697.0,France,Female,38.0,3.0,0.0,,1.0,1.0,121876.38,0
103391,P'eng,439.0,France,Male,36.0,,0.0,2.0,0.0,,81441.74,0
103392,Manna,676.0,France,Male,39.0,6.0,0.0,1.0,0.0,0.0,129561.33,0
103393,O'Brien,638.0,France,,59.0,6.0,141536.68,1.0,1.0,0.0,,1
103394,Iweobiegbunam,639.0,Spain,Female,33.0,1.0,0.0,1.0,0.0,0.0,60973.97,0
103395,Ozoemena,669.0,France,Female,38.0,3.0,152759.51,1.0,1.0,0.0,158081.73,0
103396,Ch'en,678.0,France,Female,36.0,0.0,0.0,2.0,1.0,0.0,171934.48,0
103397,Hsia,676.0,Germany,Female,40.0,1.0,,1.0,1.0,1.0,156774.68,0
103398,Nnaife,595.0,Spain,Male,39.0,8.0,0.0,1.0,1.0,1.0,170565.48,0
103399,Chidimma,756.0,France,Female,28.0,6.0,0.0,2.0,1.0,1.0,115519.29,0
103400,Williams,648.0,Spain,Male,33.0,4.0,0.0,2.0,1.0,1.0,63908.86,0
103401,Onyekachukwu,,France,Female,33.0,9.0,0.0,,0.0,0.0,36275.31,0
103402,Fiorentini,705.0,Germany,Male,47.0,8.0,140615.38,2.0,1.0,0.0,93716.02,0
103403,Tychonoff,749.0,France,Male,35.0,7.0,120797.35,2.0,1.0,1.0,51039.05,0
103404,Iloerika,,Germany,Male,36.0,9.0,132403.67,1.0,0.0,1.0,,0
103405,Kao,,Germany,Male,33.0,3.0,133421.98,1.0,1.0,1.0,140167.7,0
103406,Tseng,678.0,Spain,,41.0,9.0,0.0,2.0,1.0,1.0,146591.2,0
103407,Fanucci,585.0,France,Female,41.0,2.0,0.0,1.0,0.0,0.0,132941.32,1
103408,Lo,779.0,Spain,Male,43.0,2.0,0.0,2.0,1.0,1.0,45984.15,0
103409,Zaytseva,729.0,France,Male,40.0,4.0,79333.64,1.0,0.0,1.0,187758.7,0
103410,Baresi,721.0,Spain,Male,30.0,5.0,,1.0,0.0,1.0,11444.35,0
103411,Palerma,646.0,France,Female,38.0,5.0,0.0,2.0,1.0,0.0,171340.16,0
103412,Ch'ang,,Spain,Male,,3.0,,2.0,,1.0,180126.61,0
103413,Wakelin,639.0,France,Female,29.0,9.0,0.0,1.0,1.0,1.0,160124.7,0
103414,Trevisano,,France,Male,44.0,7.0,0.0,1.0,0.0,,171422.7,0
103415,Fennell,756.0,France,Female,32.0,9.0,122446.43,2.0,0.0,1.0,56965.92,0
103416,Nwankwo,610.0,France,,,6.0,114659.29,2.0,0.0,0.0,124263.58,0
103417,Y?an,476.0,Germany,Male,39.0,9.0,118094.74,3.0,1.0,0.0,172795.64,1
103418,Okeke,709.0,France,Female,37.0,5.0,0.0,2.0,1.0,0.0,28515.17,0
103419,Ch'ien,838.0,France,Male,30.0,6.0,123965.64,1.0,1.0,1.0,136848.68,0
103420,Ugochukwu,607.0,France,Male,49.0,,0.0,2.0,0.0,0.0,,0
103421,Gray,717.0,Spain,Female,33.0,5.0,0.0,2.0,1.0,1.0,71840.38,0
103422,T'ang,828.0,France,Male,28.0,3.0,0.0,2.0,1.0,1.0,111327.5,0
103423,Hsiao,633.0,France,Male,37.0,6.0,0.0,2.0,1.0,1.0,95007.8,0
103424,K'ung,637.0,France,Male,28.0,1.0,0.0,2.0,1.0,1.0,34751.25,0
103425,Lu,648.0,Spain,Female,45.0,2.0,0.0,1.0,1.0,0.0,173780.56,1
103426,Ozerova,653.0,Spain,Male,38.0,1.0,0.0,2.0,1.0,0.0,9593.7,0
103427,Mancini,717.0,France,Female,41.0,9.0,0.0,1.0,1.0,,56659.7,1
103428,Maclean,567.0,Germany,Male,37.0,7.0,123510.66,2.0,1.0,1.0,188007.99,0
103429,Onyemauchechukwu,590.0,France,Female,33.0,10.0,167864.4,1.0,1.0,1.0,86928.87,0
103430,Pendergrass,663.0,France,Female,39.0,8.0,142657.49,1.0,0.0,1.0,57933.55,0
103431,Ch'ien,715.0,France,Female,41.0,9.0,0.0,1.0,1.0,0.0,184474.15,0
103432,Lo Duca,652.0,France,Male,36.0,7.0,0.0,2.0,1.0,0.0,126781.73,0
103433,Ch'ang,728.0,France,Male,38.0,4.0,109783.94,1.0,1.0,0.0,53851.53,0
103434,Kuo,709.0,France,Male,33.0,0.0,0.0,2.0,1.0,1.0,176778.64,0
103435,Anayolisa,554.0,France,Male,37.0,1.0,0.0,2.0,,0.0,92813.08,0
103436,Moretti,,Germany,Male,36.0,9.0,150334.41,1.0,,1.0,86017.71,1
103437,Lo,662.0,Germany,Female,43.0,2.0,119916.37,1.0,1.0,1.0,64455.35,1
103438,Kao,606.0,France,Male,35.0,8.0,0.0,2.0,1.0,0.0,158845.46,0
103439,De Luca,561.0,Spain,Female,39.0,8.0,0.0,1.0,1.0,0.0,47727.23,0
103440,Tseng,705.0,Germany,Female,,7.0,99754.19,1.0,0.0,0.0,92319.97,0
103441,P'eng,682.0,France,Male,36.0,8.0,0.0,,1.0,0.0,1276.87,0
103442,O'Donnell,689.0,France,Male,26.0,10.0,0.0,2.0,1.0,1.0,178038.17,0
103443,Akabueze,687.0,Spain,Female,30.0,10.0,0.0,2.0,0.0,0.0,57782.03,0
103444,Maclean,586.0,France,Male,35.0,3.0,132954.7,1.0,1.0,1.0,129290.8,0
103445,Onyemauchechukwu,605.0,France,Male,24.0,0.0,0.0,2.0,0.0,1.0,127779.02,0
103446,Kuo,732.0,Spain,Female,52.0,7.0,131395.51,1.0,1.0,1.0,110807.88,1
103447,Palerma,752.0,France,Male,42.0,7.0,75263.7,1.0,1.0,,84886.1,0
103448,Lucchesi,,Germany,Male,39.0,6.0,138074.27,3.0,1.0,0.0,108312.3,1
103449,Hs?eh,619.0,Spain,Male,37.0,10.0,0.0,2.0,1.0,1.0,180551.76,0
103450,Ts'ai,725.0,Germany,Female,29.0,10.0,125910.62,2.0,0.0,1.0,153400.24,0
103451,Yen,753.0,France,Male,28.0,9.0,0.0,2.0,1.0,1.0,193502.91,0
103452,Davison,642.0,France,,32.0,3.0,128402.24,1.0,1.0,1.0,,0
103453,Mazzi,620.0,Spain,Female,38.0,6.0,136673.83,1.0,0.0,1.0,123212.0,0
103454,Mazzanti,696.0,France,Male,34.0,1.0,132146.65,1.0,1.0,0.0,28136.83,0
103455,Kruglov,754.0,Germany,Male,34.0,6.0,138603.82,1.0,1.0,0.0,86002.82,0
103456,Lettiere,583.0,France,Male,33.0,8.0,61583.78,1.0,1.0,1.0,135796.86,0
103457,Nnamutaezinwa,699.0,Spain,Male,32.0,2.0,96951.21,1.0,1.0,1.0,78755.76,0
103458,McEwan,641.0,France,Male,38.0,2.0,0.0,2.0,1.0,1.0,62389.35,0
103459,Okechukwu,690.0,France,Female,39.0,1.0,0.0,2.0,1.0,1.0,155782.89,0
103460,McIntyre,473.0,France,Female,43.0,1.0,110813.07,1.0,1.0,0.0,175853.65,1
103461,Traeger,669.0,France,Male,37.0,4.0,,2.0,1.0,1.0,166678.7,0
103462,Glennon,686.0,France,Male,34.0,1.0,114086.08,2.0,0.0,0.0,49993.01,0
103463,T'ien,549.0,France,Male,24.0,7.0,0.0,2.0,1.0,0.0,138760.29,0
103464,Hsueh,732.0,France,Female,26.0,1.0,0.0,1.0,0.0,1.0,8820.64,0
103465,Shih,788.0,France,Female,36.0,5.0,86825.04,2.0,1.0,1.0,105785.15,1
103466,Stevens,,France,Male,43.0,8.0,0.0,2.0,1.0,1.0,1384.14,0
103467,Ts'ao,593.0,Germany,Male,35.0,5.0,92367.38,2.0,0.0,0.0,90881.9,0
103468,Ozerova,583.0,France,,54.0,8.0,125566.5,1.0,0.0,0.0,88718.07,1
103469,Onyemauchechukwu,651.0,France,Male,40.0,9.0,134956.97,1.0,1.0,1.0,,0
103470,Nwankwo,634.0,France,Male,48.0,2.0,0.0,2.0,1.0,1.0,164162.44,0
103471,Stewart,710.0,Germany,Male,34.0,5.0,77691.26,2.0,0.0,0.0,101011.96,0
103472,Christie,653.0,France,Female,37.0,2.0,0.0,3.0,0.0,1.0,,0
103473,Martin,554.0,Spain,Female,36.0,9.0,0.0,1.0,1.0,1.0,,0
103474,Maclean,664.0,France,Male,46.0,6.0,118970.35,1.0,0.0,0.0,152800.91,0
103475,Chien,619.0,Spain,Male,39.0,7.0,0.0,2.0,1.0,0.0,125891.2,0
103476,Nwankwo,662.0,France,Female,42.0,7.0,0.0,2.0,1.0,0.0,13898.31,0
103477,McGregor,641.0,France,Male,34.0,8.0,0.0,2.0,0.0,1.0,54474.46,0
103478,Nwachinemelu,803.0,France,Male,38.0,3.0,125828.89,1.0,1.0,0.0,152485.63,0
103479,Obiajulu,,France,Female,34.0,8.0,0.0,1.0,1.0,0.0,1074.87,1
103480,Nwagugheuzo,758.0,France,Female,37.0,7.0,,1.0,1.0,1.0,162520.21,0
103481,Onyemauchechukwu,587.0,France,,26.0,9.0,96858.78,2.0,,1.0,79244.49,0
103482,Johnston,645.0,France,Male,63.0,6.0,0.0,2.0,1.0,1.0,60606.39,0
103483,Mistry,,Spain,Male,42.0,6.0,0.0,1.0,1.0,1.0,188054.62,0
103484,Bearce,634.0,France,,38.0,6.0,0.0,2.0,1.0,1.0,137720.56,0
103485,Lettiere,753.0,Spain,Male,37.0,8.0,0.0,3.0,0.0,0.0,153734.12,1
103486,Ku,,France,Female,36.0,0.0,135226.58,1.0,1.0,1.0,152874.45,0
103487,K?,678.0,France,Male,35.0,4.0,0.0,2.0,0.0,1.0,33879.26,0
103488,Rizzo,591.0,France,Male,30.0,1.0,97542.87,1.0,1.0,1.0,127030.42,0
103489,Gibson,626.0,Spain,Male,25.0,7.0,0.0,,1.0,0.0,1919.37,0
103490,Yao,637.0,France,Female,49.0,1.0,0.0,1.0,1.0,0.0,79237.59,1
103491,Alexandrova,707.0,,Female,33.0,,124120.3,1.0,1.0,1.0,177764.24,0
103492,Olisaemeka,,France,,38.0,5.0,0.0,1.0,1.0,1.0,83026.19,0
103493,Tuan,685.0,France,Male,36.0,2.0,0.0,1.0,1.0,0.0,,0
103494,Lahti,646.0,France,Male,23.0,4.0,0.0,2.0,1.0,0.0,124596.63,0
103495,Ts'ai,693.0,Germany,Male,43.0,8.0,106078.33,1.0,1.0,1.0,77689.52,1
103496,Ndubueze,691.0,France,,34.0,9.0,171913.87,1.0,1.0,1.0,155700.15,0
103497,Nwachinemelu,714.0,France,Female,30.0,5.0,128239.58,,1.0,1.0,68770.44,0
103498,Lamb,576.0,Spain,Female,27.0,5.0,129487.9,1.0,1.0,0.0,145529.69,0
103499,Nwachinemelu,738.0,France,Female,46.0,1.0,0.0,1.0,0.0,0.0,107837.46,1
103500,O'Donnell,744.0,Germany,Female,27.0,6.0,117808.41,1.0,0.0,1.0,163476.89,1
103501,Hsia,586.0,,Male,46.0,9.0,0.0,1.0,,1.0,161049.26,1
103502,T'ien,473.0,Spain,Male,39.0,6.0,126866.65,2.0,1.0,1.0,157774.27,0
103503,Achebe,632.0,France,Male,47.0,6.0,0.0,2.0,1.0,1.0,61961.57,0
103504,Chu,,France,Male,24.0,0.0,,2.0,1.0,1.0,103555.5,0
103505,Shih,641.0,France,Male,46.0,2.0,0.0,2.0,1.0,1.0,121884.28,0
103506,Tsui,634.0,Germany,Female,,7.0,,,1.0,0.0,125961.48,0
103507,T'ien,764.0,Spain,Female,38.0,7.0,97360.59,1.0,1.0,0.0,149918.4,0
103508,Davidson,593.0,Spain,Male,,,0.0,1.0,1.0,0.0,130726.96,0
103509,Udinese,507.0,France,Female,39.0,10.0,0.0,2.0,,1.0,47729.25,0
103510,Li Fonti,710.0,Spain,Male,30.0,0.0,49904.61,2.0,1.0,1.0,,0
103511,Smith,692.0,Germany,Female,22.0,2.0,139859.0,2.0,1.0,,199266.47,0
103512,T'ien,605.0,France,Male,32.0,1.0,0.0,2.0,1.0,1.0,168924.41,0
103513,Trevisani,667.0,Spain,Male,40.0,7.0,,1.0,1.0,1.0,195816.99,0
103514,Chibuzo,614.0,Germany,Male,39.0,2.0,102643.55,2.0,1.0,0.0,178151.99,1
103515,Onyekachi,602.0,France,,34.0,,134597.6,1.0,1.0,1.0,143273.86,0
103516,Bellucci,677.0,France,Female,34.0,8.0,96839.57,1.0,0.0,0.0,34001.51,0
103517,Calabresi,603.0,Germany,,63.0,5.0,163856.76,,1.0,1.0,166992.95,1
103518,Tuan,675.0,France,Female,32.0,6.0,76978.19,1.0,1.0,0.0,122876.35,0
103519,Andrews,545.0,France,Female,43.0,,128740.98,1.0,1.0,1.0,148037.48,0
103520,Sanders,608.0,France,Female,31.0,1.0,95467.3,2.0,1.0,1.0,107836.36,0
103521,Chiekwugo,727.0,Spain,Male,,9.0,0.0,2.0,1.0,1.0,72696.5,0
103522,Chukwukadibia,850.0,Spain,Female,38.0,9.0,0.0,2.0,0.0,0.0,79499.74,0
103523,Chukwujekwu,850.0,France,Male,,3.0,107793.2,1.0,0.0,0.0,,0
103524,Chukwuhaenye,587.0,Germany,Male,35.0,7.0,118539.48,2.0,1.0,1.0,,0
103525,Iloerika,687.0,Spain,Female,41.0,1.0,0.0,2.0,1.0,1.0,98820.07,0
103526,K?,742.0,France,Female,,0.0,116314.41,1.0,1.0,0.0,143707.91,0
103527,Tretiakova,597.0,France,Female,43.0,4.0,0.0,1.0,0.0,0.0,184531.11,1
103528,Teng,850.0,France,,58.0,9.0,0.0,2.0,0.0,1.0,72850.27,0
103529,Chiedozie,658.0,Germany,Female,48.0,10.0,152808.43,1.0,1.0,0.0,102116.25,1
103530,Smith,658.0,France,Male,,4.0,0.0,2.0,0.0,1.0,148949.86,0
103531,Pinto,476.0,France,Female,62.0,2.0,0.0,2.0,1.0,1.0,55820.49,1
103532,Chidozie,643.0,France,Male,34.0,10.0,0.0,,0.0,0.0,132334.33,0
103533,Trevisani,710.0,Spain,Female,27.0,6.0,0.0,2.0,1.0,1.0,37972.02,0
103534,Chukwujamuike,651.0,France,Female,54.0,7.0,124249.99,1.0,0.0,1.0,163320.02,0
103535,Chibueze,696.0,France,Male,38.0,9.0,0.0,2.0,1.0,1.0,72895.04,0
103536,Tobenna,744.0,Germany,Male,30.0,1.0,119729.02,2.0,1.0,,176678.59,0
103537,Chiang,752.0,France,Female,31.0,6.0,0.0,2.0,1.0,1.0,160129.83,0
103538,Sullivan,757.0,France,Male,51.0,7.0,128932.89,1.0,1.0,0.0,125650.14,1
103539,Wright,744.0,France,Female,33.0,7.0,0.0,,0.0,1.0,181206.23,0
103540,Onyemere,705.0,France,Male,24.0,3.0,0.0,1.0,0.0,0.0,74877.26,0
103541,Brown,594.0,,Male,36.0,4.0,0.0,2.0,0.0,1.0,109636.24,0
103542,Scott,586.0,France,Male,36.0,4.0,0.0,1.0,1.0,1.0,167984.72,0
103543,Scott,639.0,Spain,Male,,2.0,0.0,2.0,1.0,0.0,148890.17,0
103544,Rowntree,686.0,Germany,Male,64.0,7.0,91544.61,2.0,0.0,1.0,54678.4,0
103545,Milanesi,698.0,France,Female,40.0,3.0,0.0,2.0,1.0,0.0,138393.6,0
103546,Shih,679.0,France,Female,28.0,6.0,0.0,2.0,1.0,0.0,140723.05,0
103547,Okeke,724.0,Spain,Male,38.0,4.0,112672.67,1.0,,0.0,81525.98,0
103548,Chukwuebuka,525.0,Spain,Female,49.0,,118838.0,1.0,0.0,0.0,61658.29,1
103549,Folliero,695.0,France,Male,,3.0,0.0,,1.0,1.0,,0
103550,Ch'ien,,France,Female,41.0,4.0,0.0,1.0,1.0,0.0,,0
103551,Cocci,804.0,Germany,Male,33.0,8.0,,1.0,1.0,,175296.76,0
103552,Maclean,633.0,Germany,Female,25.0,6.0,128747.77,1.0,1.0,1.0,23882.35,0
103553,Lu,718.0,France,Female,28.0,2.0,134022.33,1.0,1.0,0.0,124486.37,0
103554,Macdonald,639.0,Germany,Male,42.0,2.0,121815.48,1.0,1.0,0.0,159843.82,0
103555,Aksyonova,683.0,Germany,Male,43.0,5.0,136737.8,1.0,1.0,0.0,143686.85,1
103556,Chukwukadibia,608.0,France,Female,35.0,2.0,0.0,2.0,1.0,0.0,97467.79,0
103557,Nwankwo,732.0,France,Female,37.0,2.0,0.0,2.0,0.0,1.0,54817.07,0
103558,Johnson,802.0,Spain,Female,38.0,3.0,0.0,2.0,0.0,1.0,147422.98,0
103559,Hsia,,France,Male,33.0,1.0,148565.51,1.0,1.0,0.0,139976.47,0
103560,K?,681.0,Spain,Female,51.0,5.0,0.0,3.0,,0.0,166781.14,1
103561,T'ien,597.0,France,Female,,2.0,60539.18,1.0,1.0,1.0,175877.7,0
103562,Chukwufumnanya,684.0,Germany,Female,46.0,8.0,111392.13,2.0,1.0,0.0,35202.45,0
103563,Uvarova,815.0,France,Male,24.0,4.0,0.0,2.0,1.0,1.0,167990.19,1
103564,Eremenko,721.0,France,Male,37.0,6.0,0.0,1.0,1.0,0.0,98503.41,0
103565,Milano,684.0,France,Female,22.0,3.0,0.0,2.0,1.0,0.0,,0
103566,Ch'en,691.0,Spain,Male,29.0,4.0,0.0,2.0,1.0,0.0,86318.29,0
103567,Cameron,689.0,France,Male,,9.0,0.0,2.0,1.0,1.0,72203.8,0
103568,Genovese,619.0,Spain,Male,34.0,8.0,0.0,2.0,,1.0,141363.77,0
103569,Mazzi,756.0,France,,41.0,9.0,0.0,2.0,,0.0,26257.01,0
103570,Lombardi,579.0,Germany,,35.0,3.0,155307.77,1.0,1.0,1.0,47840.47,0
103571,Baldwin,,Spain,Male,30.0,1.0,0.0,2.0,1.0,1.0,141684.45,0
103572,Maclean,683.0,France,Female,,7.0,151708.76,1.0,1.0,1.0,60726.45,0
103573,Nkemdilim,645.0,France,Female,28.0,7.0,0.0,2.0,1.0,1.0,65617.86,0
103574,Trentini,728.0,France,Male,22.0,5.0,121415.62,1.0,1.0,1.0,102502.97,0
103575,Kuo,771.0,Spain,Female,34.0,6.0,122812.67,2.0,,0.0,133010.17,0
103576,Chukwujamuike,670.0,France,Male,50.0,7.0,139304.23,1.0,1.0,0.0,134382.84,1
103577,Okonkwo,,France,Male,28.0,3.0,139378.96,1.0,1.0,0.0,151924.9,1
103578,Chiabuotu,589.0,Germany,Female,40.0,9.0,135034.18,2.0,1.0,1.0,198791.14,0
103579,Padovano,597.0,Spain,,67.0,6.0,131714.0,1.0,1.0,1.0,176718.25,0
103580,Obiajulu,431.0,France,Male,32.0,5.0,0.0,2.0,0.0,1.0,141872.1,0
103581,Hs?,597.0,France,Male,32.0,5.0,155903.82,1.0,1.0,1.0,167554.33,0
103582,Aparicio,726.0,France,Female,57.0,1.0,,2.0,1.0,1.0,161459.06,0
103583,Onyemauchechukwu,682.0,France,Female,39.0,10.0,0.0,,1.0,1.0,11509.67,0
103584,Nwankwo,683.0,France,Male,29.0,2.0,0.0,2.0,,1.0,27144.93,0
103585,P'eng,812.0,France,Male,43.0,3.0,0.0,2.0,0.0,1.0,64721.75,0
103586,T'ien,741.0,France,Male,34.0,1.0,119229.95,1.0,0.0,0.0,,1
103587,Dyer,735.0,Spain,Female,31.0,7.0,0.0,1.0,1.0,1.0,109688.82,0
103588,Pinto,572.0,France,Female,,,0.0,2.0,0.0,0.0,131283.41,0
103589,Onyekaozulu,681.0,France,Male,56.0,2.0,161626.72,2.0,1.0,1.0,194619.19,1
103590,Okwudiliolisa,,France,Female,34.0,,0.0,1.0,0.0,1.0,49649.25,0
103591,Zaytseva,722.0,France,Male,44.0,,133964.48,1.0,1.0,0.0,,0
103592,Lucchesi,627.0,France,Male,40.0,6.0,0.0,2.0,1.0,0.0,96661.0,0
103593,Trevisani,723.0,Germany,Female,30.0,2.0,152525.84,2.0,1.0,1.0,45859.09,0
103594,T'ien,535.0,France,Female,35.0,3.0,0.0,2.0,0.0,0.0,43401.72,0
103595,Hsu,628.0,Germany,Male,25.0,1.0,145928.21,1.0,1.0,1.0,170971.04,0
103596,Morrison,,France,Male,27.0,7.0,0.0,2.0,,0.0,117520.32,0
103597,H?,,France,Male,36.0,5.0,0.0,2.0,0.0,1.0,54904.22,0
103598,Ch'iu,554.0,Spain,Male,33.0,8.0,136067.8,1.0,0.0,0.0,59645.24,1
103599,Lucciano,543.0,Spain,Male,35.0,1.0,0.0,2.0,0.0,1.0,150662.52,0
103600,Hsiao,752.0,Spain,Female,,2.0,76625.13,,1.0,0.0,85607.07,0
103601,Tomlinson,613.0,Spain,Female,45.0,7.0,0.0,2.0,1.0,0.0,2743.69,0
103602,Onyemachukwu,655.0,Germany,Female,48.0,2.0,116727.67,1.0,0.0,0.0,83455.99,0
103603,K'ung,646.0,Spain,Female,25.0,4.0,166423.95,1.0,1.0,0.0,105962.88,0
103604,Kambinachi,709.0,Germany,Female,50.0,2.0,133501.95,3.0,0.0,1.0,146735.24,1
103605,Pinto,635.0,France,Male,33.0,1.0,0.0,2.0,0.0,1.0,173789.89,0
103606,Onwumelu,573.0,France,Female,44.0,10.0,108836.75,2.0,0.0,0.0,140941.36,0
103607,Macleod,,France,Male,31.0,8.0,0.0,2.0,1.0,1.0,823.65,0
103608,Niu,599.0,Spain,Female,60.0,2.0,0.0,1.0,1.0,1.0,49290.71,0
103609,Omeokachie,828.0,France,Male,37.0,1.0,109223.91,2.0,1.0,0.0,119765.71,0
103610,Yevseyev,510.0,Germany,Male,26.0,10.0,137698.5,2.0,1.0,1.0,,0
103611,Ojiofor,551.0,France,Male,24.0,,0.0,2.0,1.0,0.0,101378.43,0
103612,Hao,681.0,France,Female,36.0,2.0,114635.91,1.0,1.0,0.0,93030.29,0
103613,Chiang,649.0,France,Male,28.0,6.0,0.0,2.0,1.0,1.0,111622.84,0
103614,Onwuamaeze,628.0,,Male,36.0,6.0,92786.95,1.0,1.0,0.0,127059.03,1
103615,Genovese,680.0,France,Male,34.0,8.0,,2.0,0.0,0.0,53474.71,0
103616,Toscani,593.0,France,Male,43.0,6.0,128918.27,1.0,1.0,0.0,57674.71,1
103617,Nnamdi,614.0,France,Female,38.0,8.0,0.0,1.0,0.0,0.0,171059.38,1
103618,Hs?eh,678.0,Spain,Female,68.0,7.0,69340.33,1.0,1.0,0.0,177920.42,1
103619,Shillito,542.0,France,Female,37.0,3.0,111663.62,,0.0,,166495.01,0
103620,Nwankwo,683.0,France,Male,36.0,9.0,0.0,2.0,1.0,0.0,46443.81,0
103621,Yobachukwu,645.0,Spain,,31.0,7.0,0.0,2.0,1.0,1.0,6169.98,0
103622,Padovano,659.0,France,Female,26.0,8.0,121182.98,1.0,1.0,0.0,102391.06,0
103623,Ritchie,741.0,Germany,Female,57.0,2.0,113880.84,4.0,1.0,0.0,90518.19,1
103624,Tochukwu,711.0,France,Male,36.0,5.0,0.0,2.0,1.0,1.0,121813.47,0
103625,Chia,742.0,France,Male,43.0,7.0,107922.2,1.0,1.0,1.0,179475.45,0
103626,Chinweike,613.0,Germany,Female,68.0,10.0,141167.46,1.0,1.0,0.0,131284.7,1
103627,Onyemere,762.0,,Male,33.0,5.0,160680.4,,1.0,1.0,28682.84,0
103628,Genovese,652.0,France,Male,29.0,9.0,0.0,1.0,1.0,1.0,67831.96,0
103629,Onyekachi,581.0,Spain,Female,39.0,0.0,149463.16,2.0,0.0,1.0,129661.23,0
103630,Dyer,673.0,France,Male,30.0,9.0,0.0,2.0,0.0,0.0,135323.03,0
103631,Li Fonti,535.0,France,Female,44.0,6.0,0.0,2.0,1.0,0.0,138526.96,0
103632,H?,706.0,France,Male,41.0,3.0,,1.0,1.0,1.0,131043.12,0
103633,Nkemakolam,723.0,Germany,Female,44.0,6.0,118896.5,1.0,1.0,0.0,178249.92,1
103634,Baresi,595.0,Spain,Male,44.0,7.0,0.0,1.0,1.0,0.0,172356.59,1
103635,Ponomarev,776.0,,,38.0,7.0,0.0,2.0,1.0,,143783.51,0
103636,Watson,571.0,France,Female,25.0,2.0,0.0,2.0,1.0,0.0,97999.18,0
103637,Nwankwo,650.0,Germany,Male,33.0,5.0,154471.02,1.0,,1.0,176692.79,1
103638,Ch'ien,646.0,Spain,Male,28.0,7.0,0.0,1.0,1.0,0.0,121577.05,0
103639,Hsueh,628.0,Spain,,36.0,5.0,0.0,2.0,1.0,0.0,196771.42,0
103640,Emery,611.0,Spain,Male,40.0,3.0,0.0,2.0,1.0,1.0,93900.26,0
103641,Ashton,699.0,France,Male,35.0,0.0,0.0,2.0,0.0,1.0,93776.23,0
103642,Nwebube,775.0,Spain,Female,40.0,7.0,113531.44,1.0,1.0,0.0,159247.69,0
103643,T'ien,547.0,Spain,Male,47.0,10.0,110776.95,1.0,1.0,0.0,153918.85,0
103644,Hsiung,499.0,Germany,Female,38.0,8.0,114242.28,2.0,1.0,1.0,139737.44,0
103645,Pinto,721.0,France,Female,43.0,6.0,0.0,2.0,1.0,0.0,70836.62,1
103646,Whitehead,682.0,France,,42.0,8.0,0.0,2.0,1.0,1.0,46940.82,0
103647,Maclean,724.0,France,Male,32.0,1.0,0.0,2.0,1.0,1.0,108342.91,0
103648,Humphries,601.0,France,Male,45.0,8.0,0.0,2.0,1.0,0.0,34475.14,0
103649,Kambinachi,576.0,Germany,Female,58.0,6.0,133936.09,1.0,1.0,0.0,164071.99,1
103650,Hsiao,698.0,France,Male,50.0,7.0,51604.62,1.0,1.0,1.0,93349.01,0
103651,Yirawala,623.0,France,Female,54.0,8.0,0.0,1.0,0.0,,46872.77,1
103652,Hsiung,679.0,Spain,Male,46.0,,0.0,1.0,1.0,0.0,68860.3,1
103653,Lo,815.0,Spain,Female,39.0,10.0,108737.84,1.0,1.0,,152422.86,1
103654,Chung,571.0,France,Female,,2.0,152805.2,1.0,1.0,1.0,160124.07,1
103655,Shih,850.0,France,Female,38.0,9.0,0.0,1.0,1.0,0.0,119003.6,1
103656,Sung,743.0,France,Female,62.0,8.0,0.0,2.0,1.0,1.0,179324.76,0
103657,Tien,637.0,France,Male,,7.0,0.0,1.0,1.0,0.0,,0
103658,K'ung,850.0,,Female,30.0,1.0,148078.81,1.0,1.0,0.0,80574.29,0
103659,Cawood,445.0,France,Male,28.0,0.0,0.0,2.0,1.0,1.0,,0
103660,Tsai,654.0,France,Female,39.0,8.0,0.0,1.0,1.0,,62437.63,0
103661,Hsieh,645.0,France,Female,28.0,4.0,0.0,2.0,1.0,1.0,100940.91,0
103662,K'ung,684.0,Germany,Female,49.0,3.0,122474.75,2.0,1.0,0.0,174120.28,1
103663,Murray,584.0,France,Male,40.0,7.0,174851.9,1.0,1.0,0.0,64572.34,1
103664,Fanucci,683.0,Germany,Female,35.0,,115208.57,2.0,1.0,0.0,19281.62,0
103665,Nwankwo,,France,Male,42.0,9.0,0.0,3.0,1.0,1.0,104744.92,0
103666,Ni,553.0,,,36.0,9.0,0.0,2.0,,0.0,177524.78,0
103667,Simpson,627.0,France,Male,42.0,,59440.08,1.0,1.0,0.0,,0
103668,Lo,648.0,Germany,Male,55.0,2.0,114428.01,2.0,0.0,1.0,11210.95,0
103669,Lu,543.0,France,Female,,3.0,0.0,2.0,1.0,1.0,129956.13,0
103670,Gilleland,706.0,France,Male,52.0,,0.0,1.0,0.0,0.0,112385.32,1
103671,Willis,681.0,,Male,32.0,3.0,0.0,1.0,1.0,1.0,170821.43,0
103672,Nnaife,710.0,France,Male,49.0,8.0,0.0,1.0,0.0,0.0,149921.66,1
103673,Ts'ao,678.0,France,Male,38.0,2.0,0.0,2.0,,1.0,,0
103674,Milani,598.0,France,Male,29.0,5.0,0.0,2.0,1.0,1.0,143617.4,0
103675,K'ung,757.0,Spain,Male,28.0,8.0,,1.0,0.0,1.0,121525.48,0
103676,Ting,557.0,France,Male,40.0,3.0,0.0,2.0,1.0,0.0,51959.82,0
103677,K'ung,679.0,France,Male,36.0,5.0,,1.0,1.0,0.0,180132.54,1
103678,Okwudilichukwu,745.0,France,Male,49.0,8.0,0.0,1.0,1.0,1.0,,0
103679,Hsu,634.0,France,Male,40.0,7.0,0.0,2.0,1.0,0.0,123982.14,0
103680,Hsieh,496.0,France,Male,39.0,8.0,0.0,2.0,0.0,1.0,126218.1,0
103681,Ch'en,662.0,France,Male,43.0,5.0,142645.43,,,0.0,103921.58,0
103682,Ch'ien,707.0,Germany,Female,56.0,2.0,73143.08,1.0,0.0,,27336.76,1
103683,T'ao,602.0,France,Female,32.0,6.0,0.0,2.0,1.0,1.0,136933.74,0
103684,Onyemachukwu,497.0,Germany,,56.0,5.0,,1.0,1.0,1.0,167783.27,0
103685,Hsiao,679.0,France,Male,46.0,5.0,0.0,1.0,1.0,0.0,64804.43,1
103686,Fanucci,721.0,France,Male,32.0,8.0,0.0,2.0,,,162878.96,0
103687,K'ung,697.0,Germany,Male,39.0,6.0,117020.08,2.0,1.0,0.0,25431.59,1
103688,Naylor,608.0,Spain,Male,29.0,7.0,0.0,2.0,1.0,1.0,88804.84,0
103689,Manna,651.0,,Male,33.0,7.0,0.0,1.0,1.0,1.0,126633.62,0
103690,Lo Duca,655.0,Germany,Male,45.0,1.0,118506.39,1.0,0.0,1.0,32870.85,0
103691,Maclean,645.0,France,Male,21.0,1.0,0.0,2.0,1.0,0.0,88890.05,0
103692,Hsueh,667.0,France,,45.0,4.0,157908.65,1.0,1.0,1.0,163583.93,0
103693,Mancini,,France,Female,33.0,,0.0,1.0,1.0,0.0,125870.3,1
103694,T'ang,813.0,Germany,Female,50.0,1.0,151334.04,1.0,1.0,0.0,176461.71,1
103695,T'ien,605.0,Germany,Female,41.0,4.0,102894.25,2.0,1.0,0.0,63132.4,0
103696,Jennings,682.0,,Female,34.0,,0.0,1.0,,0.0,85901.52,0
103697,Calabresi,529.0,France,Male,34.0,4.0,0.0,1.0,1.0,1.0,125429.27,0
103698,Trevisano,576.0,France,Male,26.0,3.0,0.0,2.0,0.0,1.0,,0
103699,Zetticci,757.0,France,,36.0,8.0,0.0,1.0,1.0,1.0,56582.42,1
103700,Pisani,687.0,France,Female,,5.0,0.0,1.0,1.0,1.0,26228.78,0
103701,Biryukov,701.0,France,Male,36.0,4.0,0.0,2.0,,0.0,50783.1,0
103702,Eluemuno,642.0,Germany,,36.0,3.0,99760.46,2.0,1.0,0.0,158887.09,0
103703,H?,703.0,Germany,Female,37.0,9.0,116688.61,1.0,1.0,0.0,177547.61,0
103704,Zito,661.0,France,Female,38.0,8.0,0.0,2.0,1.0,0.0,143394.44,0
103705,Maclean,641.0,Germany,,34.0,9.0,,1.0,1.0,1.0,162900.83,0
103706,Toscani,588.0,Germany,Female,43.0,1.0,122342.43,2.0,0.0,0.0,127454.44,1
103707,Hsueh,656.0,Germany,Female,28.0,2.0,145771.7,2.0,1.0,0.0,129964.39,0
103708,Zikoranachidimma,757.0,France,Female,41.0,5.0,108109.42,,1.0,0.0,134492.61,1
103709,Clements,685.0,France,Male,,2.0,0.0,,1.0,0.0,188653.22,0
103710,Chukwuemeka,582.0,Spain,Male,31.0,3.0,0.0,1.0,1.0,0.0,47729.49,0
103711,Biryukov,710.0,Spain,Male,30.0,4.0,103954.63,1.0,,1.0,117617.14,0
103712,Lo,613.0,France,,41.0,2.0,0.0,1.0,,1.0,106628.2,0
103713,Mironova,715.0,France,Female,38.0,8.0,154568.16,1.0,1.0,1.0,57320.93,0
103714,Young,648.0,France,Female,,3.0,,1.0,1.0,1.0,175087.49,0
103715,Nnachetam,,France,Male,29.0,5.0,102832.54,1.0,1.0,0.0,92916.15,0
103716,Maclean,640.0,Germany,Female,38.0,,113890.36,1.0,1.0,0.0,63686.91,1
103717,Lamb,563.0,France,Male,41.0,,0.0,2.0,1.0,1.0,49404.27,0
103718,Manna,693.0,France,Male,35.0,7.0,,2.0,0.0,0.0,114445.14,0
103719,Olisaemeka,593.0,France,Female,43.0,2.0,0.0,2.0,1.0,0.0,143990.2,0
103720,Olisaemeka,714.0,Spain,,34.0,7.0,,2.0,0.0,1.0,144480.26,0
103721,Onyemauchechi,669.0,France,Male,60.0,5.0,0.0,1.0,0.0,0.0,186039.49,1
103722,McIntosh,727.0,France,Male,40.0,9.0,0.0,2.0,0.0,0.0,89747.39,0
103723,Hsing,809.0,,Female,42.0,,0.0,1.0,1.0,0.0,135965.09,1
103724,Yobanna,520.0,France,Female,29.0,,0.0,2.0,1.0,0.0,194639.68,0
103725,Trevisani,602.0,Spain,Female,40.0,3.0,157320.51,1.0,1.0,0.0,77965.42,0
103726,T'ien,604.0,Germany,Male,37.0,8.0,122501.32,1.0,1.0,1.0,106823.24,0
103727,Uwaezuoke,581.0,Spain,Female,43.0,7.0,0.0,2.0,1.0,0.0,41945.52,0
103728,Nucci,714.0,France,Female,31.0,8.0,113675.81,1.0,1.0,0.0,133696.83,0
103729,Tsou,686.0,France,Male,61.0,3.0,0.0,1.0,1.0,,163012.81,1
103730,H?,,Germany,Female,35.0,8.0,99166.51,2.0,1.0,0.0,160979.49,0
103731,Okechukwu,569.0,France,Male,,1.0,0.0,2.0,,1.0,57863.19,0
103732,Ch'in,739.0,Spain,Male,35.0,8.0,0.0,1.0,1.0,0.0,91574.73,0
103733,Kuo,559.0,France,Male,36.0,9.0,0.0,1.0,1.0,1.0,90975.75,0
103734,Chiu,678.0,Spain,Male,40.0,8.0,0.0,2.0,1.0,1.0,176722.23,0
103735,Nwachukwu,639.0,Spain,Male,,5.0,88942.96,1.0,1.0,0.0,52854.2,0
103736,H?,,Germany,Female,25.0,6.0,163964.83,2.0,1.0,1.0,76957.38,0
103737,T'ao,571.0,Germany,Male,25.0,8.0,77794.65,2.0,1.0,1.0,59228.43,0
103738,Yuan,,France,Female,43.0,8.0,0.0,1.0,0.0,0.0,161031.56,0
103739,Zikoranachidimma,569.0,,Male,44.0,4.0,0.0,2.0,1.0,0.0,176727.84,0
103740,Chineze,820.0,France,Male,,9.0,77620.35,1.0,1.0,0.0,182865.07,0
103741,Maclean,703.0,France,Female,35.0,0.0,0.0,1.0,0.0,0.0,131127.54,1
103742,Ts'ui,758.0,France,Male,41.0,6.0,0.0,2.0,0.0,0.0,,0
103743,Tuan,478.0,,Female,,5.0,0.0,1.0,1.0,0.0,72229.4,1
103744,Onyemauchechukwu,,France,Female,42.0,5.0,0.0,2.0,1.0,0.0,108417.27,0
103745,Bates,561.0,Germany,Female,48.0,7.0,150912.51,1.0,1.0,0.0,131107.16,1
103746,Ch'iu,744.0,Spain,Male,,1.0,95537.53,1.0,0.0,1.0,4694.35,0
103747,Ulyanova,718.0,Spain,Male,41.0,5.0,0.0,2.0,1.0,0.0,40304.8,0
103748,Lo Duca,572.0,France,Female,34.0,7.0,,1.0,1.0,1.0,126742.48,0
103749,O'Meara,675.0,France,Female,32.0,0.0,101306.37,1.0,1.0,1.0,127346.81,0
103750,Egobudike,604.0,France,Male,41.0,5.0,0.0,2.0,1.0,1.0,111285.85,0
103751,Milne,535.0,France,,32.0,8.0,0.0,1.0,1.0,0.0,94826.81,1
103752,Genovesi,,Spain,Female,52.0,4.0,125484.97,1.0,,1.0,62088.31,1
103753,Chukwudi,669.0,Spain,Male,,5.0,0.0,1.0,1.0,1.0,138816.05,0
103754,Hsia,682.0,Spain,Female,42.0,6.0,97905.71,1.0,0.0,0.0,71898.48,0
103755,Shao,794.0,France,Male,34.0,7.0,153592.42,1.0,1.0,0.0,174774.79,0
103756,Hsieh,726.0,France,Male,46.0,2.0,0.0,2.0,1.0,1.0,73066.73,0
103757,Scott,603.0,France,Female,39.0,8.0,0.0,1.0,1.0,0.0,84720.06,1
103758,Lu,653.0,Spain,Male,30.0,4.0,0.0,1.0,,0.0,10907.91,0
103759,Jamieson,697.0,France,,39.0,10.0,0.0,,1.0,1.0,126565.83,0
103760,Brown,619.0,France,Male,33.0,9.0,0.0,2.0,1.0,1.0,137880.29,0
103761,Sani,587.0,,Male,38.0,1.0,0.0,1.0,1.0,0.0,47646.83,1
103762,Chidiebele,613.0,Germany,,32.0,,,1.0,1.0,0.0,137041.26,0
103763,Nkemakolam,687.0,,Female,34.0,2.0,0.0,2.0,1.0,1.0,173844.89,0
103764,Mazzanti,710.0,France,Male,36.0,3.0,0.0,1.0,0.0,0.0,167625.42,0
103765,Ndubueze,771.0,France,Male,37.0,9.0,0.0,2.0,1.0,1.0,192650.26,0
103766,Ts'ui,695.0,Spain,Male,,5.0,81823.26,1.0,1.0,1.0,66463.62,0
103767,Nnaife,741.0,France,Male,34.0,9.0,0.0,2.0,1.0,0.0,121189.46,0
103768,Castiglione,698.0,France,Male,28.0,2.0,80927.39,1.0,1.0,1.0,146785.4,0
103769,Ch'ang,777.0,France,Male,34.0,6.0,0.0,2.0,1.0,0.0,94862.93,0
103770,Onyemauchechi,652.0,France,Male,27.0,8.0,142722.01,1.0,1.0,0.0,163578.12,0
103771,Chinwemma,649.0,France,Female,45.0,9.0,0.0,1.0,0.0,0.0,175835.9,1
103772,Ijendu,561.0,Germany,Female,34.0,2.0,127942.25,2.0,1.0,1.0,117520.09,0
103773,Ting,651.0,France,Male,33.0,9.0,0.0,2.0,1.0,0.0,102079.36,0
103774,Ch'ien,685.0,France,Female,40.0,3.0,153851.57,1.0,1.0,1.0,86523.83,0
103775,King,445.0,Spain,Male,33.0,3.0,123720.42,1.0,0.0,1.0,90598.0,0
103776,Chiebuka,636.0,France,,44.0,2.0,111080.43,1.0,,1.0,92891.48,0
103777,Y?an,731.0,France,Male,59.0,8.0,0.0,2.0,1.0,1.0,147065.92,0
103778,Lovely,512.0,Spain,Female,40.0,5.0,119373.59,1.0,1.0,1.0,46233.56,1
103779,Mazzi,376.0,France,Female,39.0,4.0,0.0,1.0,1.0,0.0,182860.77,0
103780,P'eng,632.0,France,Female,35.0,5.0,0.0,2.0,1.0,0.0,,0
103781,K?,607.0,France,Male,44.0,1.0,148071.68,1.0,1.0,,52333.46,0
103782,Hsieh,671.0,Spain,Female,36.0,4.0,0.0,2.0,1.0,0.0,83674.53,0
103783,Maclean,769.0,,Female,37.0,,123845.19,1.0,1.0,0.0,199369.98,0
103784,Tung,516.0,France,Male,26.0,8.0,0.0,2.0,1.0,0.0,38984.53,0
103785,Monaldo,564.0,Germany,Female,38.0,1.0,166081.78,1.0,1.0,0.0,159640.85,0
103786,Dyer,659.0,France,Male,,8.0,0.0,2.0,1.0,0.0,68400.39,0
103787,Manna,588.0,France,Male,33.0,6.0,0.0,2.0,1.0,0.0,53435.46,0
103788,Smith,678.0,France,Male,50.0,1.0,127188.85,1.0,1.0,,60562.95,1
103789,Nkemakolam,532.0,Spain,Male,54.0,9.0,0.0,1.0,1.0,1.0,131807.14,0
103790,Arcuri,678.0,Germany,,40.0,6.0,140938.0,2.0,1.0,1.0,183338.4,0
103791,Ch'iu,497.0,Spain,Male,51.0,9.0,0.0,2.0,0.0,1.0,151298.74,0
103792,Palermo,654.0,France,,44.0,,135957.24,1.0,1.0,1.0,195079.47,0
103793,Akhtar,676.0,,Male,25.0,1.0,119188.96,1.0,0.0,0.0,171682.59,0
103794,Pinto,705.0,Germany,Male,33.0,1.0,89697.93,2.0,1.0,1.0,110240.23,0
103795,Ts'ui,,Germany,Male,32.0,10.0,,1.0,0.0,0.0,181242.08,1
103796,Ch'ien,746.0,Germany,,36.0,2.0,112634.69,1.0,1.0,1.0,177838.57,0
103797,Fanucci,589.0,Germany,Female,32.0,4.0,150795.36,2.0,0.0,0.0,65345.74,1
103798,Trevisani,775.0,Spain,Male,34.0,8.0,0.0,2.0,1.0,1.0,171060.11,0
103799,Birk,706.0,Germany,Female,51.0,6.0,122246.68,1.0,1.0,1.0,96580.25,1
103800,Cairns,749.0,France,Male,32.0,9.0,0.0,2.0,1.0,1.0,92748.57,0
103801,Gilroy,731.0,France,Male,32.0,8.0,0.0,2.0,1.0,1.0,121795.39,0
103802,Onyemauchechukwu,587.0,Spain,Male,34.0,5.0,166532.91,2.0,1.0,0.0,34747.71,0
103803,Kenechukwu,495.0,,Male,33.0,2.0,142798.36,2.0,1.0,1.0,56978.28,0
103804,Bruno,725.0,France,Male,37.0,5.0,0.0,2.0,1.0,0.0,90877.77,0
103805,Chidubem,683.0,Spain,Male,43.0,1.0,0.0,2.0,1.0,1.0,143537.71,0
103806,Uwaezuoke,,Spain,Male,40.0,9.0,85647.07,1.0,0.0,0.0,116986.96,0
103807,Ts'ai,528.0,France,Female,41.0,3.0,155739.52,1.0,1.0,1.0,94959.65,0
103808,Romani,681.0,France,Female,33.0,8.0,0.0,1.0,1.0,0.0,141797.6,0
103809,Toscani,725.0,France,Male,31.0,9.0,,2.0,1.0,1.0,140934.81,0
103810,Chung,547.0,France,Female,,9.0,122320.56,2.0,0.0,0.0,154541.37,0
103811,Hs?,554.0,Spain,Male,48.0,,0.0,2.0,,0.0,184817.86,0
103812,Hs?,759.0,France,Female,,5.0,151825.09,1.0,1.0,1.0,122191.4,0
103813,Olisanugo,616.0,,Female,29.0,4.0,0.0,2.0,1.0,0.0,118414.64,0
103814,Fan,611.0,France,Male,31.0,8.0,0.0,2.0,1.0,0.0,152397.59,0
103815,Ch'iu,545.0,,,37.0,5.0,0.0,2.0,1.0,0.0,125918.17,0
103816,Yobachi,584.0,Germany,Male,37.0,3.0,137695.96,,1.0,0.0,123536.76,0
103817,Kumm,529.0,,Female,36.0,5.0,0.0,1.0,1.0,0.0,121815.99,1
103818,Ugochukwu,676.0,Germany,Male,,2.0,114564.12,1.0,1.0,1.0,124864.03,0
103819,Kao,642.0,France,Female,29.0,7.0,164852.37,1.0,1.0,0.0,194752.46,0
103820,Pirozzi,739.0,France,Male,38.0,3.0,0.0,2.0,1.0,0.0,181893.24,0
103821,Nnamutaezinwa,649.0,France,,47.0,7.0,117426.54,1.0,1.0,0.0,124459.56,1
103822,Nnamutaezinwa,710.0,Spain,Male,43.0,6.0,0.0,2.0,1.0,0.0,166500.97,0
103823,Gadsden,666.0,France,Female,50.0,1.0,,,1.0,1.0,102087.79,1
103824,Chimaobim,752.0,France,Male,34.0,5.0,0.0,1.0,1.0,1.0,142513.5,0
103825,Chidubem,639.0,France,Male,33.0,1.0,0.0,2.0,1.0,0.0,127558.24,0
103826,Pugh,673.0,,Male,32.0,2.0,,2.0,1.0,1.0,,0
103827,Bellucci,559.0,Germany,,45.0,10.0,131650.37,1.0,0.0,0.0,122938.56,1
103828,Uchenna,619.0,,Male,28.0,1.0,123363.22,1.0,0.0,0.0,127435.52,0
103829,Hayes-Williams,656.0,France,Male,26.0,8.0,0.0,2.0,1.0,1.0,159891.83,0
103830,T'ien,648.0,France,Male,32.0,7.0,0.0,2.0,1.0,1.0,118862.64,0
103831,Olisanugo,698.0,Spain,Male,24.0,1.0,132928.83,4.0,0.0,0.0,172495.2,1
103832,Tien,712.0,,Female,31.0,2.0,108117.1,1.0,1.0,1.0,121377.3,0
103833,Trevisano,733.0,Spain,Female,34.0,7.0,120348.03,1.0,1.0,0.0,154855.63,0
103834,Zetticci,681.0,France,Male,46.0,6.0,,1.0,1.0,0.0,177447.91,1
103835,L?,707.0,,Male,,10.0,0.0,2.0,0.0,1.0,15325.74,0
103836,Shih,678.0,,Female,45.0,1.0,0.0,1.0,1.0,0.0,70535.14,1
103837,Chukwuemeka,,France,Male,36.0,2.0,0.0,2.0,1.0,0.0,91683.06,0
103838,Ch'iu,766.0,France,Female,48.0,1.0,117407.21,1.0,1.0,0.0,61538.1,1
103839,Lettiere,579.0,France,Female,32.0,10.0,0.0,2.0,1.0,1.0,64850.85,0
103840,Chukwuemeka,714.0,France,Female,25.0,6.0,167133.03,1.0,1.0,0.0,176631.4,0
103841,Ch'iu,822.0,France,Female,30.0,6.0,131563.88,1.0,1.0,0.0,140934.15,0
103842,Iadanza,621.0,France,Male,35.0,4.0,0.0,2.0,1.0,0.0,151316.37,0
103843,Milani,675.0,Spain,Female,29.0,7.0,0.0,2.0,1.0,1.0,180622.12,0
103844,Pinto,735.0,France,Male,23.0,1.0,0.0,2.0,1.0,1.0,130420.34,0
103845,Bock,,France,Female,38.0,5.0,0.0,1.0,0.0,0.0,113597.64,1
103846,Ch'iu,681.0,France,Female,33.0,4.0,0.0,2.0,1.0,0.0,67769.9,0
103847,Chuang,679.0,Spain,Male,37.0,8.0,0.0,2.0,1.0,0.0,131289.26,0
103848,Yefremova,685.0,France,Male,36.0,1.0,0.0,1.0,1.0,1.0,111297.05,0
103849,Balashov,625.0,France,Male,49.0,4.0,,1.0,1.0,0.0,121151.1,1
103850,P'an,639.0,France,Female,37.0,6.0,168508.2,1.0,1.0,1.0,12584.3,1
103851,Sung,723.0,Germany,Female,37.0,9.0,108971.06,1.0,1.0,1.0,183496.54,1
103852,O'Donnell,543.0,France,Male,37.0,2.0,0.0,2.0,1.0,1.0,152881.81,0
103853,Lori,717.0,France,Male,31.0,1.0,0.0,2.0,0.0,1.0,82526.92,0
103854,Johnston,611.0,Spain,Female,41.0,1.0,118650.74,1.0,0.0,,97251.56,1
103855,Okwudiliolisa,,Germany,Female,41.0,4.0,121133.01,2.0,1.0,0.0,62370.88,0
103856,Ts'ui,749.0,France,Male,,7.0,0.0,1.0,1.0,0.0,47764.68,0
103857,Chieloka,683.0,France,Male,46.0,6.0,0.0,2.0,1.0,1.0,,0
103858,Iweobiegbunam,559.0,France,Male,36.0,3.0,0.0,2.0,1.0,0.0,149913.84,0
103859,McIntyre,607.0,France,Male,34.0,7.0,0.0,1.0,1.0,1.0,109717.7,0
103860,Chidubem,775.0,Germany,Female,42.0,8.0,152613.24,1.0,0.0,1.0,143608.85,0
103861,Mazzanti,674.0,Germany,Male,62.0,0.0,121768.61,1.0,1.0,1.0,142361.76,1
103862,Creswell,609.0,France,Male,,9.0,79630.49,1.0,1.0,1.0,152875.03,0
103863,T'ien,757.0,France,Male,29.0,5.0,0.0,1.0,1.0,0.0,162515.17,0
103864,Krichauff,681.0,Spain,Female,30.0,4.0,140154.96,1.0,0.0,1.0,150674.35,0
103865,Shih,584.0,Germany,Male,32.0,0.0,153469.26,1.0,1.0,,65463.96,0
103866,Sergeyeva,646.0,Spain,Male,32.0,2.0,0.0,2.0,1.0,1.0,131477.63,0
103867,Alexeeva,652.0,Spain,Male,37.0,9.0,0.0,2.0,1.0,1.0,83087.19,0
103868,Chukwumaobim,710.0,Germany,Female,49.0,6.0,,2.0,1.0,0.0,140940.32,1
103869,Watts,543.0,France,Female,69.0,2.0,123894.43,1.0,1.0,1.0,158258.66,0
103870,Ch'ang,591.0,Germany,Female,64.0,10.0,118153.11,1.0,,1.0,129690.4,1
103871,Izmailova,678.0,France,Female,40.0,8.0,0.0,1.0,1.0,0.0,146700.29,1
103872,Nwankwo,,France,Male,25.0,2.0,0.0,2.0,1.0,1.0,47799.15,0
103873,Li Fonti,579.0,Spain,Female,34.0,5.0,0.0,2.0,1.0,1.0,,0
103874,Kao,598.0,Germany,Male,29.0,6.0,98640.75,2.0,1.0,0.0,52676.05,0
103875,Nkemdilim,736.0,France,Female,35.0,9.0,141699.71,2.0,0.0,1.0,172932.37,0
103876,Ferrari,694.0,France,Male,29.0,5.0,0.0,2.0,1.0,0.0,147955.91,0
103877,Hsu,631.0,Germany,Male,42.0,,168652.44,2.0,0.0,,187094.74,1
103878,Mazzanti,629.0,France,Female,,3.0,0.0,2.0,1.0,1.0,155618.27,0
103879,Manna,,Spain,Female,45.0,3.0,121397.52,1.0,1.0,1.0,43341.18,1
103880,Iweobiegbunam,850.0,France,Male,38.0,,0.0,,0.0,1.0,97899.66,0
103881,Nnaife,754.0,France,Male,47.0,8.0,0.0,3.0,1.0,0.0,114324.32,1
103882,Ting,753.0,France,Male,36.0,6.0,108981.59,1.0,1.0,0.0,1367.08,0
103883,Clements,,France,Male,36.0,5.0,128202.53,1.0,,1.0,,0
103884,Gibson,607.0,Germany,Male,33.0,3.0,92818.29,1.0,1.0,1.0,97908.98,0
103885,T'ang,705.0,,,37.0,5.0,88046.88,1.0,1.0,1.0,174437.66,0
103886,Hill,669.0,Spain,Female,28.0,1.0,0.0,1.0,1.0,0.0,92784.77,0
103887,Kao,,France,Female,34.0,7.0,98688.81,1.0,1.0,1.0,73882.49,0
103888,Martin,599.0,France,Female,32.0,6.0,0.0,1.0,1.0,1.0,184321.11,0
103889,Chu,669.0,France,Female,33.0,8.0,0.0,2.0,1.0,0.0,168512.0,0
103890,P'eng,782.0,,Female,42.0,7.0,0.0,2.0,1.0,0.0,24944.11,1
103891,Udinese,556.0,France,Male,35.0,9.0,0.0,2.0,1.0,0.0,123946.95,0
103892,Nwokezuike,527.0,Germany,Male,29.0,9.0,,1.0,0.0,0.0,113657.81,1
103893,Lucchesi,794.0,Spain,Male,45.0,7.0,0.0,2.0,1.0,0.0,59104.17,0
103894,Chidimma,807.0,,Female,37.0,9.0,0.0,2.0,1.0,0.0,172665.47,0
103895,Chiang,646.0,France,Female,37.0,,0.0,2.0,1.0,0.0,142989.74,0
103896,Hsueh,850.0,Spain,Male,37.0,0.0,125903.32,1.0,1.0,0.0,157006.7,1
103897,O'Callaghan,577.0,France,Male,34.0,8.0,97612.13,1.0,0.0,0.0,100996.11,0
103898,Genovese,591.0,Germany,Male,48.0,6.0,122779.13,1.0,1.0,0.0,174435.82,1
103899,Kao,,France,Male,34.0,0.0,102773.39,,1.0,0.0,74858.3,0
103900,Echezonachukwu,577.0,,,23.0,5.0,94273.25,2.0,0.0,1.0,142917.66,0
103901,T'ao,631.0,France,Male,37.0,2.0,,2.0,1.0,0.0,71682.51,0
103902,Brown,655.0,Spain,Female,33.0,9.0,0.0,2.0,1.0,1.0,179032.68,0
103903,Zikoranachidimma,,France,Female,37.0,1.0,141131.47,2.0,1.0,0.0,17678.35,0
103904,Hsiao,594.0,France,Female,38.0,8.0,,1.0,1.0,,75914.01,0
103905,Y?,718.0,Germany,Female,37.0,5.0,87082.15,1.0,0.0,0.0,61934.82,1
103906,T'ao,640.0,Spain,Male,38.0,4.0,0.0,1.0,1.0,1.0,152446.93,1
103907,Chidiebele,777.0,France,Female,32.0,2.0,121764.81,1.0,1.0,1.0,15262.83,0
103908,Nnaife,751.0,France,Male,38.0,3.0,0.0,2.0,1.0,1.0,111430.24,0
103909,T'ang,627.0,,Male,47.0,8.0,148892.0,1.0,1.0,0.0,119379.2,0
103910,Ebelechukwu,612.0,Germany,Male,40.0,3.0,89728.86,2.0,1.0,1.0,126154.17,0
103911,Hsia,703.0,Germany,Male,35.0,2.0,137744.24,1.0,1.0,0.0,,0
103912,Hs?,554.0,France,Female,45.0,1.0,0.0,2.0,1.0,,82565.19,1
103913,Lu,714.0,France,,32.0,7.0,0.0,2.0,1.0,1.0,18094.39,0
103914,Forbes,706.0,France,Male,36.0,4.0,0.0,1.0,1.0,0.0,187939.63,0
103915,Fanucci,554.0,Germany,Male,44.0,,113657.41,1.0,0.0,1.0,119424.03,1
103916,Genovesi,638.0,Germany,Male,37.0,7.0,144230.0,1.0,1.0,1.0,131168.19,1
103917,Mazzanti,678.0,France,Male,33.0,3.0,106415.57,1.0,1.0,1.0,116971.06,0
103918,Purdy,762.0,Spain,Female,36.0,8.0,0.0,2.0,0.0,1.0,130944.21,0
103919,Ts'ai,506.0,Spain,Male,32.0,2.0,0.0,2.0,1.0,1.0,180963.36,0
103920,P'eng,678.0,Spain,Female,43.0,4.0,128741.02,1.0,0.0,0.0,12639.67,1
103921,Niu,632.0,France,,53.0,1.0,0.0,1.0,1.0,1.0,122942.44,1
103922,Ch'iu,609.0,Spain,Female,30.0,7.0,0.0,2.0,1.0,1.0,176929.52,0
103923,Ts'ui,741.0,France,Male,43.0,8.0,0.0,1.0,1.0,1.0,22835.13,1
103924,Dunn,719.0,France,Male,43.0,3.0,0.0,,1.0,1.0,117327.24,0
103925,Manna,735.0,Spain,,39.0,2.0,0.0,2.0,1.0,1.0,140881.63,0
103926,Uspensky,731.0,France,Female,41.0,2.0,143391.05,,1.0,0.0,92864.11,1
103927,Chidiebere,667.0,Spain,Male,38.0,5.0,98704.71,2.0,1.0,,73073.4,0
103928,Uvarova,645.0,,Male,39.0,1.0,90777.89,2.0,,0.0,102960.83,0
103929,Y?an,722.0,,,38.0,7.0,0.0,2.0,0.0,1.0,180326.83,0
103930,Palermo,681.0,France,,29.0,9.0,,2.0,1.0,0.0,51361.11,0
103931,Mazzanti,485.0,France,Male,34.0,1.0,151769.13,1.0,1.0,1.0,78408.72,0
103932,O'Connor,724.0,France,Female,25.0,8.0,0.0,2.0,0.0,0.0,886.73,0
103933,Galkin,850.0,Germany,Male,22.0,8.0,105233.6,1.0,0.0,0.0,175258.29,0
103934,Diggs,774.0,France,Female,47.0,7.0,,1.0,1.0,0.0,,0
103935,Nkemdilim,586.0,France,Male,35.0,,140856.79,1.0,1.0,1.0,199552.6,0
103936,Hsiao,803.0,France,Male,38.0,5.0,0.0,2.0,1.0,1.0,123885.88,0
103937,Shao,,France,Male,43.0,1.0,0.0,2.0,1.0,0.0,106095.82,0
103938,Martin,638.0,Germany,Female,46.0,4.0,137942.15,1.0,1.0,0.0,,1
103939,Travis,595.0,France,Female,34.0,9.0,0.0,1.0,1.0,0.0,158953.88,0
103940,Yang,629.0,France,Male,34.0,2.0,0.0,2.0,1.0,1.0,55775.72,0
103941,Simpson,726.0,France,Female,54.0,3.0,0.0,2.0,1.0,1.0,113963.48,1
103942,Smith,628.0,Germany,Female,24.0,7.0,123508.61,2.0,1.0,0.0,110708.94,0
103943,Mazzanti,755.0,Spain,Female,,8.0,0.0,2.0,1.0,0.0,24323.46,0
103944,Onio,683.0,Spain,Female,31.0,5.0,0.0,2.0,0.0,1.0,80358.73,0
103945,Lucchesi,714.0,France,Female,26.0,8.0,0.0,2.0,1.0,0.0,143670.79,0
103946,Toscani,487.0,Germany,Male,38.0,3.0,125060.49,2.0,,1.0,36975.24,0
103947,Chinwemma,850.0,France,Male,25.0,9.0,0.0,1.0,1.0,0.0,197528.62,0
103948,Yeh,665.0,Spain,Male,25.0,,,1.0,1.0,1.0,93849.99,0
103949,Henderson,813.0,Spain,Female,42.0,4.0,0.0,2.0,1.0,1.0,178863.17,0
103950,K'ung,641.0,Spain,Female,40.0,3.0,77852.07,1.0,0.0,1.0,34866.5,0
103951,Black,628.0,Germany,Female,,0.0,103235.49,2.0,0.0,1.0,120004.87,0
103952,Hargreaves,596.0,Spain,Male,,8.0,0.0,2.0,1.0,1.0,164621.49,1
103953,Stevenson,531.0,France,Male,30.0,8.0,0.0,2.0,0.0,1.0,97950.17,0
103954,Lafleur,599.0,France,Male,38.0,3.0,0.0,2.0,0.0,1.0,150679.49,0
103955,Hsueh,462.0,France,Male,38.0,8.0,120838.26,1.0,1.0,1.0,108722.16,0
103956,T'an,769.0,France,Male,38.0,9.0,0.0,2.0,0.0,0.0,182429.8,0
103957,Scott,651.0,Spain,Male,41.0,5.0,,2.0,1.0,0.0,84409.63,0
103958,Chiedozie,,France,Female,33.0,,,2.0,1.0,0.0,182362.72,0
103959,Wei,706.0,France,,32.0,6.0,128230.14,1.0,1.0,1.0,145569.43,0
103960,Nwachukwu,682.0,France,Male,29.0,9.0,0.0,2.0,,1.0,,0
103961,Nkemakolam,710.0,France,Male,44.0,2.0,144971.42,1.0,1.0,0.0,74839.96,1
103962,Elewechi,548.0,France,Male,26.0,5.0,0.0,1.0,1.0,1.0,131807.07,0
103963,L?,724.0,France,Female,,7.0,0.0,1.0,1.0,0.0,113586.55,1
103964,Udegbulam,641.0,France,Male,50.0,1.0,106483.56,1.0,1.0,1.0,164825.08,0
103965,Chung,652.0,France,Female,35.0,9.0,0.0,1.0,1.0,0.0,53974.21,0
103966,Johnstone,645.0,Germany,Male,60.0,8.0,102932.88,3.0,1.0,,73445.21,1
103967,Lucchesi,,,Male,37.0,5.0,0.0,1.0,1.0,1.0,100615.44,0
103968,Manna,662.0,,Female,,7.0,123730.08,2.0,1.0,0.0,175509.04,1
103969,Chukwukere,569.0,France,Female,44.0,5.0,0.0,,1.0,,5714.94,1
103970,Pickworth,,Germany,Female,47.0,8.0,100945.8,2.0,1.0,0.0,105654.51,1
103971,Iweobiegbulam,634.0,France,Female,23.0,9.0,0.0,2.0,,1.0,65611.81,0
103972,Iadanza,639.0,France,Male,31.0,2.0,0.0,1.0,1.0,0.0,120590.54,0
103973,Smith,733.0,France,Female,35.0,10.0,137852.69,1.0,1.0,0.0,155818.46,1
103974,Y?an,634.0,France,Male,30.0,2.0,0.0,2.0,1.0,1.0,173598.81,0
103975,Aparicio,745.0,France,Male,29.0,8.0,,1.0,1.0,1.0,177840.59,0
103976,Chukwuemeka,729.0,France,Female,36.0,2.0,0.0,2.0,1.0,1.0,152992.17,0
103977,Tan,710.0,Spain,Female,36.0,10.0,0.0,2.0,1.0,,141426.78,0
103978,Hsiao,598.0,Germany,Male,46.0,,92417.8,2.0,1.0,1.0,170124.19,0
103979,Taylor,683.0,France,Male,35.0,4.0,68107.13,,0.0,0.0,177914.76,0
103980,T'ien,512.0,Spain,Male,33.0,4.0,0.0,2.0,1.0,,163580.0,0
103981,Yermakova,796.0,Germany,Female,54.0,9.0,115288.33,2.0,1.0,0.0,94711.43,0
103982,Robinson,701.0,Spain,Male,38.0,4.0,82632.47,,1.0,1.0,47624.42,0
103983,Davila,850.0,Germany,Female,48.0,9.0,113599.74,1.0,1.0,0.0,166476.95,1
103984,Radcliffe-Brown,553.0,Germany,Female,36.0,10.0,165271.94,1.0,1.0,1.0,177622.92,1
103985,Uspenskaya,640.0,France,Female,29.0,3.0,85878.93,1.0,1.0,1.0,55586.37,0
103986,Mazzanti,,France,Male,35.0,8.0,0.0,2.0,1.0,0.0,182855.42,0
103987,Onyekaozulu,724.0,Germany,Male,35.0,2.0,122451.02,2.0,0.0,,148040.46,0
103988,Chiang,687.0,France,Male,,6.0,0.0,1.0,1.0,1.0,171110.98,0
103989,Bremer,529.0,France,Female,36.0,1.0,139711.68,2.0,0.0,1.0,149723.14,0
103990,Ma,758.0,France,Female,,7.0,0.0,2.0,1.0,0.0,65067.34,0
103991,Tien,645.0,France,Female,40.0,7.0,143650.23,1.0,1.0,1.0,86980.54,0
103992,Bellucci,569.0,France,Male,35.0,5.0,0.0,2.0,1.0,0.0,91685.74,0
103993,Onyeorulu,645.0,Germany,Male,43.0,3.0,131781.8,1.0,1.0,0.0,136902.01,1
103994,Mazzanti,679.0,Germany,Male,38.0,4.0,105770.54,2.0,1.0,0.0,170848.62,0
103995,Udinesi,709.0,France,Male,50.0,5.0,0.0,3.0,,1.0,115616.69,1
103996,Lu,801.0,France,Female,53.0,7.0,0.0,1.0,0.0,1.0,124494.63,1
103997,Lu,745.0,Germany,Female,44.0,9.0,118890.55,2.0,1.0,,176681.27,1
103998,Onwuamaeze,548.0,Germany,Female,,8.0,124574.84,1.0,1.0,,73855.39,1
103999,Nwankwo,645.0,France,Male,50.0,8.0,112808.48,1.0,1.0,1.0,,0
104000,Kao,746.0,Germany,Male,39.0,10.0,126640.26,2.0,1.0,0.0,51345.82,0
104001,Hs?,627.0,Spain,Male,37.0,7.0,105409.45,2.0,0.0,1.0,142906.56,0
104002,Hsia,727.0,France,Female,32.0,9.0,0.0,2.0,0.0,0.0,176983.04,0
104003,Iloerika,602.0,Germany,Female,34.0,4.0,98640.71,1.0,1.0,0.0,47348.29,0
104004,Findlay,691.0,Spain,Male,36.0,1.0,0.0,2.0,0.0,1.0,178965.24,0
104005,Dore,702.0,Germany,Male,43.0,0.0,128137.42,2.0,1.0,0.0,137164.83,1
104006,Hsing,751.0,France,Male,47.0,3.0,0.0,1.0,1.0,1.0,157932.75,0
104007,Milanesi,673.0,Germany,Female,45.0,8.0,110132.55,1.0,1.0,0.0,179945.52,1
104008,Lo,520.0,France,Male,35.0,6.0,0.0,2.0,1.0,1.0,64716.08,0
104009,Ejimofor,539.0,Spain,Female,41.0,4.0,135258.04,2.0,1.0,0.0,61576.81,0
104010,Chigolum,569.0,France,Female,31.0,4.0,0.0,1.0,1.0,0.0,184906.21,0
104011,Teng,648.0,France,Male,25.0,2.0,0.0,2.0,1.0,0.0,129866.15,0
104012,Nwachinemelu,622.0,France,Female,,7.0,0.0,2.0,0.0,0.0,159800.16,0
104013,Pinto,693.0,France,Female,38.0,8.0,162602.85,2.0,1.0,0.0,,0
104014,Hsiao,705.0,Germany,Male,41.0,5.0,126719.79,1.0,1.0,1.0,27399.51,0
104015,Chukwuemeka,494.0,Germany,Female,22.0,4.0,147827.37,2.0,1.0,0.0,183701.36,1
104016,White,699.0,France,Female,35.0,5.0,0.0,2.0,0.0,1.0,88917.83,0
104017,Jamieson,716.0,Germany,,45.0,8.0,131252.11,1.0,1.0,0.0,80300.4,0
104018,Ch'iu,679.0,France,Female,33.0,5.0,0.0,2.0,0.0,0.0,134963.84,0
104019,Chukwuebuka,596.0,Germany,Male,42.0,9.0,118885.06,,1.0,,134793.94,1
104020,Chiang,699.0,Germany,Male,37.0,9.0,125616.94,1.0,1.0,0.0,103387.9,0
104021,Rolon,516.0,,Male,37.0,1.0,0.0,1.0,1.0,0.0,,0
104022,Ch'eng,766.0,France,Male,44.0,9.0,0.0,2.0,0.0,1.0,76546.51,0
104023,Lu,663.0,France,Female,33.0,7.0,120852.36,1.0,0.0,0.0,47305.47,1
104024,Reid,682.0,France,Male,40.0,7.0,0.0,2.0,1.0,1.0,,0
104025,Nkemdilim,726.0,,Female,33.0,9.0,0.0,2.0,1.0,0.0,99661.46,0
104026,Ainsworth,586.0,Spain,Female,33.0,5.0,0.0,1.0,1.0,1.0,140134.43,0
104027,Buley,632.0,France,Male,26.0,9.0,120040.92,2.0,1.0,0.0,126603.59,0
104028,Niu,724.0,France,Female,40.0,7.0,0.0,,1.0,0.0,101128.16,1
104029,Iqbal,640.0,France,,28.0,0.0,146774.68,1.0,1.0,0.0,103557.92,0
104030,Chukwualuka,459.0,France,Male,25.0,9.0,0.0,1.0,1.0,1.0,28705.92,0
104031,Clements,753.0,France,Male,46.0,,0.0,2.0,1.0,0.0,149494.33,1
104032,Olisanugo,624.0,Spain,Female,37.0,3.0,0.0,2.0,1.0,1.0,182495.3,0
104033,Scott,648.0,France,Male,42.0,,0.0,2.0,1.0,0.0,1763.16,1
104034,Foveaux,850.0,France,Male,37.0,9.0,0.0,2.0,1.0,0.0,175873.6,0
104035,Hs?,554.0,Spain,Male,40.0,,0.0,1.0,1.0,0.0,170996.43,1
104036,Ch'in,729.0,France,Male,45.0,0.0,151964.59,1.0,1.0,0.0,92919.13,0
104037,Dyer,616.0,Spain,,40.0,8.0,,2.0,1.0,1.0,178317.21,0
104038,Lai,573.0,Germany,Male,44.0,5.0,90504.5,1.0,1.0,1.0,85986.23,1
104039,Kerr,,France,Female,48.0,4.0,0.0,2.0,1.0,1.0,177530.26,1
104040,Begum,798.0,Germany,Female,55.0,9.0,133673.53,1.0,1.0,1.0,93761.97,1
104041,Maclean,686.0,Germany,Female,42.0,3.0,117575.39,3.0,1.0,0.0,53431.17,1
104042,Hsia,670.0,Germany,Female,29.0,3.0,123632.28,1.0,1.0,0.0,116377.43,1
104043,Kao,597.0,,Female,46.0,,0.0,,1.0,1.0,166586.3,0
104044,Toscani,594.0,France,Male,33.0,9.0,142886.1,2.0,1.0,,182786.37,0
104045,Onyemauchechukwu,653.0,Spain,Male,23.0,9.0,0.0,1.0,1.0,0.0,116566.07,0
104046,Simmons,640.0,,Male,40.0,4.0,141806.0,2.0,1.0,1.0,142481.72,0
104047,Grant,633.0,,Female,34.0,8.0,0.0,2.0,1.0,0.0,137024.02,0
104048,Richards,648.0,France,,35.0,3.0,109979.45,1.0,1.0,1.0,,0
104049,Caffyn,474.0,,,32.0,3.0,0.0,2.0,,1.0,82696.12,0
104050,Ch'ang,594.0,Spain,Male,36.0,9.0,0.0,2.0,0.0,0.0,71436.93,0
104051,Hsing,750.0,France,Female,32.0,1.0,0.0,1.0,0.0,1.0,172227.9,0
104052,Yeh,665.0,France,Male,37.0,5.0,0.0,2.0,0.0,0.0,130639.83,0
104053,Onwuka,526.0,France,Male,56.0,3.0,133045.72,1.0,1.0,0.0,176411.99,1
104054,Price,645.0,Spain,Male,26.0,6.0,0.0,1.0,1.0,0.0,131684.9,1
104055,Chiekwugo,516.0,France,Female,31.0,9.0,0.0,2.0,1.0,,138527.23,0
104056,Lai,637.0,France,Male,37.0,1.0,0.0,2.0,1.0,1.0,90876.99,0
104057,Lu,705.0,Spain,Male,,2.0,0.0,2.0,1.0,0.0,147059.55,0
104058,Zito,561.0,France,Male,48.0,2.0,,1.0,0.0,0.0,71471.23,1
104059,Yermakova,628.0,France,Female,30.0,1.0,0.0,1.0,1.0,1.0,135078.97,0
104060,White,691.0,France,Female,47.0,2.0,136240.74,2.0,0.0,1.0,176857.48,0
104061,Kang,,Germany,Female,,7.0,140942.78,1.0,,0.0,89940.85,0
104062,Nnaife,693.0,France,Female,,3.0,0.0,2.0,1.0,1.0,60905.51,0
104063,Onwuamaeze,805.0,France,Female,27.0,0.0,99045.93,,0.0,,155729.23,0
104064,Frolov,628.0,Germany,Male,42.0,2.0,139325.47,,1.0,,46772.9,1
104065,Okwuadigbo,598.0,,Female,32.0,9.0,135414.45,1.0,1.0,,14475.03,0
104066,Lai,581.0,France,Male,,10.0,0.0,2.0,1.0,0.0,93336.3,0
104067,Zikoranachidimma,579.0,France,Female,34.0,5.0,0.0,1.0,1.0,1.0,49046.52,0
104068,Liao,689.0,Spain,Female,33.0,10.0,113852.33,1.0,1.0,0.0,125518.49,1
104069,Crawford,745.0,France,Female,32.0,9.0,0.0,2.0,1.0,1.0,167035.07,0
104070,Genovese,679.0,France,,35.0,9.0,0.0,2.0,1.0,1.0,,0
104071,Macleod,640.0,Spain,Female,34.0,6.0,0.0,1.0,0.0,1.0,149962.65,0
104072,Nkemakonam,706.0,France,Female,33.0,4.0,0.0,,1.0,0.0,146388.85,0
104073,Hughes,779.0,France,Male,35.0,1.0,0.0,1.0,1.0,1.0,123499.61,0
104074,Yefremov,615.0,Spain,Female,35.0,5.0,0.0,2.0,1.0,0.0,148524.35,0
104075,Lucciano,696.0,Germany,Male,42.0,5.0,94108.54,2.0,1.0,0.0,68135.83,0
104076,Esomchi,628.0,France,,35.0,1.0,86270.93,2.0,,1.0,35633.15,0
104077,Pirozzi,,France,Female,40.0,5.0,123872.36,1.0,1.0,1.0,106636.89,0
104078,Hayes,,Spain,Male,37.0,4.0,0.0,2.0,1.0,,72668.84,0
104079,H?,669.0,France,Female,46.0,4.0,0.0,1.0,,0.0,159215.96,1
104080,Tien,426.0,France,Male,27.0,1.0,,1.0,1.0,1.0,2177.7,0
104081,Genovese,,Spain,Male,38.0,10.0,121511.03,2.0,1.0,1.0,187856.6,0
104082,Hsia,624.0,Spain,Female,42.0,3.0,0.0,1.0,1.0,0.0,,1
104083,McGregor,628.0,Germany,Female,37.0,7.0,116095.15,1.0,1.0,1.0,63400.54,0
104084,Ugorji,691.0,France,Female,41.0,2.0,0.0,,1.0,0.0,60744.67,0
104085,Hsueh,537.0,France,Female,37.0,6.0,0.0,2.0,0.0,,107876.65,0
104086,Ting,686.0,France,Female,33.0,2.0,0.0,1.0,,1.0,122532.48,1
104087,Tyler,476.0,France,Male,36.0,3.0,0.0,,1.0,1.0,74800.92,0
104088,Fanucci,639.0,Germany,Male,32.0,2.0,127275.02,,0.0,1.0,103905.69,0
104089,Shih,596.0,France,,34.0,8.0,0.0,2.0,,0.0,148392.26,0
104090,Onwughara,698.0,France,Male,46.0,7.0,71872.19,1.0,1.0,1.0,175830.4,0
104091,Li,556.0,France,Male,52.0,1.0,0.0,1.0,1.0,0.0,125625.08,1
104092,Yobachukwu,569.0,,Male,37.0,3.0,127217.19,1.0,,,111944.6,0
104093,Hsueh,724.0,France,Male,31.0,3.0,131398.26,1.0,1.0,0.0,140941.58,0
104094,Murphy,633.0,,,34.0,3.0,0.0,2.0,1.0,,92887.11,0
104095,Onwuamaeze,545.0,Germany,Female,51.0,10.0,136503.15,1.0,1.0,0.0,132975.1,1
104096,Hsiao,619.0,France,Male,28.0,6.0,0.0,2.0,1.0,0.0,173617.09,0
104097,Pisani,730.0,France,Male,23.0,3.0,0.0,2.0,1.0,0.0,,0
104098,Nwankwo,615.0,Germany,Male,39.0,2.0,131087.01,2.0,0.0,0.0,121271.69,0
104099,Hs?eh,481.0,France,Male,45.0,5.0,0.0,,1.0,,86981.01,0
104100,T'ang,659.0,Germany,Male,37.0,9.0,96466.18,2.0,1.0,0.0,143317.19,0
104101,Trevisano,700.0,,Male,34.0,8.0,0.0,2.0,1.0,0.0,137898.61,0
104102,Chigozie,768.0,France,Male,30.0,,0.0,1.0,1.0,1.0,80584.17,0
104103,Hsiao,692.0,,,60.0,8.0,99740.95,1.0,1.0,,199032.45,0
104104,Ch'ien,679.0,France,Female,,4.0,0.0,2.0,1.0,0.0,180849.8,0
104105,Caffyn,561.0,Germany,Female,64.0,6.0,96144.96,1.0,0.0,1.0,42405.3,0
104106,DeRose,647.0,France,Male,23.0,3.0,,2.0,1.0,1.0,96659.52,0
104107,Lambert,679.0,France,Female,36.0,3.0,0.0,2.0,1.0,0.0,166516.34,0
104108,McGregor,,Germany,Male,28.0,9.0,84754.55,,0.0,1.0,133674.66,0
104109,Onwuamaeze,724.0,,Female,67.0,1.0,,1.0,1.0,1.0,,0
104110,Trevisani,,Germany,Female,37.0,,88030.04,1.0,1.0,1.0,55601.08,0
104111,Pisano,543.0,France,Male,33.0,5.0,,1.0,1.0,0.0,43944.3,0
104112,Wright,617.0,France,Male,,8.0,0.0,2.0,1.0,1.0,110509.9,0
104113,Calabrese,619.0,,Female,42.0,7.0,131277.4,2.0,1.0,0.0,103735.64,0
104114,P'eng,721.0,France,Male,42.0,4.0,82696.56,,1.0,0.0,167483.51,0
104115,Tokareva,704.0,France,Male,34.0,8.0,121414.85,1.0,1.0,,148490.1,1
104116,Pirozzi,716.0,France,Male,,8.0,0.0,2.0,1.0,1.0,62121.27,0
104117,Melvin,712.0,France,Female,42.0,8.0,,2.0,1.0,1.0,36583.71,0
104118,Y?,678.0,,Male,27.0,1.0,94486.56,2.0,1.0,0.0,71994.81,0
104119,Burt,512.0,France,Male,35.0,2.0,57126.47,2.0,1.0,1.0,26485.14,0
104120,Y?,721.0,Spain,Male,32.0,6.0,0.0,,1.0,1.0,162760.71,0
104121,K?,697.0,Germany,Female,47.0,4.0,,1.0,0.0,0.0,,0
104122,Lettiere,790.0,Germany,Female,50.0,4.0,141114.43,3.0,0.0,,84276.61,1
104123,Tsao,679.0,France,Female,71.0,,0.0,1.0,0.0,0.0,69207.9,1
104124,Mollison,645.0,France,Male,46.0,3.0,,2.0,,0.0,91947.17,0
104125,Walker,753.0,France,Male,39.0,7.0,0.0,2.0,0.0,1.0,48963.66,0
104126,T'ien,611.0,,Male,33.0,5.0,0.0,,1.0,1.0,177562.76,0
104127,Young,746.0,France,Female,29.0,9.0,0.0,1.0,1.0,1.0,161991.11,0
104128,Hsu,731.0,France,Female,61.0,8.0,0.0,1.0,1.0,1.0,57881.11,1
104129,Fennell,619.0,Germany,Male,40.0,5.0,133811.55,2.0,1.0,1.0,103904.8,0
104130,Ch'ang,662.0,Spain,Male,40.0,4.0,0.0,1.0,1.0,,10548.94,1
104131,Ozioma,,Germany,Female,51.0,5.0,126513.8,1.0,1.0,0.0,61991.42,1
104132,Stone,516.0,France,Female,39.0,,153364.3,1.0,1.0,1.0,134912.04,0
104133,Nwankwo,756.0,France,Female,31.0,5.0,0.0,1.0,1.0,,,1
104134,Mazzi,704.0,France,Male,38.0,3.0,,1.0,1.0,1.0,176943.12,0
104135,Cartwright,712.0,France,Female,37.0,4.0,0.0,2.0,0.0,1.0,54572.03,0
104136,McIntosh,,Germany,Female,28.0,6.0,152992.85,2.0,1.0,1.0,71736.29,0
104137,Beneventi,612.0,Germany,Male,41.0,8.0,93112.26,1.0,1.0,0.0,115059.16,1
104138,Chibueze,717.0,France,Male,37.0,,0.0,2.0,1.0,1.0,123885.88,0
104139,Doyne,687.0,France,Female,44.0,0.0,0.0,2.0,1.0,0.0,,0
104140,Trevisani,681.0,France,Male,34.0,7.0,0.0,2.0,1.0,1.0,146643.52,0
104141,Chidiebere,643.0,France,Female,27.0,8.0,0.0,1.0,1.0,0.0,113436.08,0
104142,Tien,540.0,Germany,Female,47.0,9.0,111661.44,,0.0,1.0,57965.64,1
104143,Toscani,596.0,Spain,,29.0,5.0,0.0,2.0,1.0,0.0,104170.48,0
104144,Yobanna,579.0,France,Male,35.0,2.0,0.0,2.0,1.0,1.0,123982.14,0
104145,Genovese,811.0,France,Male,28.0,3.0,0.0,1.0,1.0,,59962.67,0
104146,Niu,613.0,France,,38.0,2.0,0.0,2.0,1.0,1.0,128888.3,0
104147,Onyekachukwu,683.0,,Male,32.0,8.0,0.0,1.0,0.0,0.0,164267.3,0
104148,Chia,762.0,Spain,Female,38.0,4.0,0.0,1.0,1.0,0.0,,0
104149,Fan,781.0,Spain,Male,50.0,1.0,0.0,1.0,1.0,0.0,,1
104150,Pisano,729.0,Germany,Female,48.0,1.0,138858.55,1.0,0.0,,,1
104151,Ch'iu,681.0,,Female,42.0,8.0,117733.08,1.0,1.0,0.0,57553.98,1
104152,Onwuemelie,850.0,Germany,Male,40.0,5.0,,3.0,1.0,0.0,117831.13,1
104153,Butler,,Germany,Female,52.0,7.0,142779.97,1.0,1.0,0.0,172046.91,1
104154,Ch'in,568.0,,Male,30.0,4.0,120911.75,1.0,1.0,0.0,,0
104155,Okwudiliolisa,544.0,Spain,Female,36.0,6.0,161766.87,,1.0,0.0,53310.81,0
104156,Onyekachi,678.0,France,Female,33.0,4.0,0.0,2.0,1.0,0.0,735.79,0
104157,Carslaw,516.0,Spain,Male,38.0,3.0,0.0,1.0,1.0,1.0,182813.35,0
104158,Nwabugwu,641.0,France,Male,36.0,1.0,0.0,1.0,1.0,1.0,173842.31,0
104159,Eluemuno,709.0,France,Female,38.0,2.0,0.0,,1.0,1.0,136827.85,0
104160,Kenenna,611.0,France,Female,35.0,2.0,0.0,1.0,1.0,1.0,126564.19,0
104161,Mai,695.0,France,Male,38.0,1.0,0.0,2.0,1.0,1.0,81631.63,0
104162,Shih,594.0,Germany,Male,35.0,8.0,166526.06,2.0,1.0,,106532.31,0
104163,Frolov,688.0,France,,39.0,9.0,0.0,2.0,1.0,0.0,74817.09,0
104164,Aksenova,807.0,France,,65.0,8.0,0.0,1.0,1.0,1.0,166998.07,0
104165,K'ung,577.0,Spain,Male,39.0,5.0,120992.66,2.0,1.0,1.0,120387.36,1
104166,Cremonesi,667.0,France,Male,33.0,7.0,0.0,2.0,0.0,1.0,178067.33,0
104167,Tseng,744.0,France,Female,35.0,8.0,0.0,2.0,0.0,0.0,167654.19,0
104168,Nwankwo,,France,Female,25.0,4.0,117801.84,1.0,0.0,1.0,133580.88,0
104169,Johnstone,729.0,Spain,Male,31.0,,133819.35,1.0,0.0,,64595.25,0
104170,Hargreaves,648.0,France,Male,46.0,9.0,0.0,2.0,1.0,1.0,14084.38,0
104171,Trevisani,648.0,Germany,Female,50.0,4.0,132613.7,1.0,1.0,0.0,73422.74,1
104172,Li Fonti,583.0,France,,29.0,5.0,141359.16,1.0,1.0,1.0,176902.97,0
104173,Onwumelu,689.0,Spain,,37.0,,,2.0,1.0,0.0,101375.04,0
104174,Ts'ao,701.0,Spain,Female,35.0,0.0,0.0,3.0,1.0,1.0,130742.06,0
104175,Yermolayev,632.0,Spain,Female,60.0,7.0,0.0,1.0,0.0,1.0,13766.62,1
104176,Trevisan,677.0,France,Male,26.0,9.0,118341.48,1.0,1.0,0.0,188803.16,0
104177,H?,616.0,Germany,Female,32.0,3.0,129394.04,2.0,1.0,1.0,61795.42,0
104178,Cremonesi,752.0,,Male,25.0,8.0,0.0,2.0,1.0,1.0,113460.82,0
104179,Palerma,554.0,France,Male,38.0,9.0,125371.55,1.0,1.0,0.0,924.9,0
104180,Nkemjika,712.0,France,Male,34.0,3.0,160543.53,1.0,0.0,0.0,134779.28,0
104181,Olisanugo,756.0,Germany,Male,34.0,1.0,128821.72,2.0,,0.0,143798.92,0
104182,Chukwueloka,647.0,,Male,37.0,10.0,122503.55,2.0,1.0,1.0,164226.14,0
104183,L?,619.0,Spain,Male,40.0,5.0,122314.29,1.0,1.0,1.0,1675.77,0
104184,Ch'iu,574.0,Spain,Female,28.0,9.0,75057.79,1.0,,0.0,,1
104185,Chinonyelum,644.0,France,Female,35.0,7.0,127631.79,1.0,1.0,1.0,144842.5,0
104186,Chiu,842.0,France,Male,35.0,9.0,,2.0,1.0,1.0,189501.63,0
104187,Hobler,850.0,Germany,Female,33.0,4.0,148934.84,1.0,1.0,0.0,171936.59,0
104188,Botts,794.0,Germany,Female,34.0,2.0,117337.35,2.0,1.0,0.0,26991.58,0
104189,Tokareva,,France,,39.0,1.0,106682.1,2.0,1.0,0.0,89566.64,0
104190,Kambinachi,603.0,France,Female,32.0,2.0,,1.0,1.0,1.0,145593.8,0
104191,Forbes,567.0,France,Male,27.0,4.0,0.0,2.0,0.0,1.0,88837.86,0
104192,Watt,498.0,Spain,,32.0,9.0,109717.87,2.0,1.0,1.0,152479.64,0
104193,Galkina,593.0,France,Male,31.0,2.0,0.0,2.0,1.0,1.0,152146.26,0
104194,Hsiao,535.0,Germany,Female,47.0,0.0,99292.84,1.0,0.0,0.0,108967.9,1
104195,Chukwualuka,684.0,France,Male,30.0,4.0,0.0,2.0,1.0,0.0,109805.5,0
104196,Hsueh,697.0,Spain,Male,52.0,2.0,0.0,2.0,1.0,1.0,64460.22,0
104197,Cremonesi,656.0,France,Male,48.0,5.0,0.0,1.0,1.0,0.0,44040.73,1
104198,Tsou,,Germany,Male,28.0,9.0,124054.54,1.0,1.0,1.0,143980.47,0
104199,Rizzo,577.0,Spain,,35.0,7.0,0.0,2.0,,0.0,140105.9,0
104200,T'ao,763.0,Germany,Male,28.0,6.0,126007.8,1.0,0.0,1.0,73270.39,0
104201,Nnonso,717.0,France,Male,29.0,5.0,0.0,2.0,1.0,0.0,132029.96,0
104202,Watson,743.0,France,Female,44.0,8.0,0.0,,1.0,1.0,,1
104203,Hs?,711.0,France,Male,35.0,5.0,0.0,2.0,1.0,0.0,171608.62,0
104204,Milani,586.0,Spain,Female,43.0,8.0,101990.83,1.0,1.0,1.0,102661.06,1
104205,Ch'iu,635.0,France,Male,25.0,2.0,0.0,2.0,0.0,0.0,153373.46,0
104206,Trevisano,731.0,Spain,Female,40.0,1.0,0.0,2.0,1.0,0.0,24210.08,0
104207,Hsueh,594.0,France,Male,31.0,8.0,138137.73,,1.0,,175077.17,0
104208,Gibbs,624.0,France,Male,41.0,9.0,0.0,2.0,1.0,0.0,172576.43,0
104209,Chiu,743.0,Spain,Male,45.0,3.0,0.0,2.0,1.0,0.0,167856.09,1
104210,Udobata,769.0,France,Female,38.0,3.0,0.0,1.0,1.0,1.0,70771.07,1
104211,Cremonesi,682.0,France,Female,28.0,1.0,0.0,2.0,,1.0,25411.45,0
104212,Ikenna,541.0,France,Male,38.0,6.0,0.0,1.0,0.0,1.0,43997.73,1
104213,Castiglione,,Spain,Female,35.0,8.0,151594.99,1.0,1.0,1.0,128799.86,0
104214,Chukwukadibia,790.0,Spain,Female,46.0,,0.0,3.0,0.0,0.0,70653.39,1
104215,Goliwe,680.0,,Male,38.0,2.0,148666.11,1.0,,1.0,91830.75,0
104216,Botts,581.0,Germany,Male,49.0,8.0,120029.3,1.0,,,143632.34,0
104217,Teng,645.0,France,Male,34.0,1.0,,1.0,1.0,1.0,72867.52,0
104218,Pinto,,Germany,Female,,,104739.39,1.0,1.0,0.0,192714.52,0
104219,Bazile,727.0,Spain,Male,72.0,3.0,0.0,2.0,1.0,1.0,96660.74,0
104220,Baresi,678.0,Germany,Female,,8.0,57696.77,1.0,1.0,,,1
104221,Macleod,573.0,France,Male,40.0,,140652.03,1.0,1.0,0.0,149652.81,1
104222,Calabrese,669.0,France,Male,32.0,6.0,175770.4,1.0,1.0,1.0,81465.7,0
104223,Hudson,678.0,France,Male,50.0,7.0,0.0,2.0,1.0,0.0,162758.43,0
104224,Skelton,733.0,Germany,Male,45.0,7.0,143367.56,2.0,0.0,1.0,142341.3,0
104225,Toscani,651.0,France,Female,37.0,6.0,0.0,1.0,1.0,,147542.56,1
104226,Niu,613.0,France,Male,,8.0,62832.89,1.0,1.0,0.0,156772.46,0
104227,Yobanna,691.0,France,Male,40.0,9.0,0.0,2.0,1.0,0.0,92290.19,0
104228,Ch'en,556.0,France,Female,41.0,,0.0,2.0,1.0,1.0,152979.14,0
104229,Chan,586.0,Germany,Male,42.0,9.0,117287.74,2.0,1.0,0.0,68594.11,1
104230,Chuang,703.0,Germany,Male,34.0,2.0,131333.01,1.0,,1.0,113621.18,0
104231,Nwankwo,738.0,Spain,Female,37.0,5.0,157071.07,1.0,1.0,1.0,131616.6,1
104232,Liao,767.0,,Male,39.0,1.0,0.0,2.0,1.0,0.0,,0
104233,Daluchi,676.0,France,Female,38.0,9.0,0.0,2.0,1.0,1.0,51638.21,0
104234,Milanesi,634.0,France,Female,39.0,5.0,,1.0,1.0,1.0,57871.03,1
104235,Nwankwo,593.0,France,,25.0,0.0,0.0,1.0,1.0,,151920.21,0
104236,H?,667.0,France,Male,28.0,6.0,0.0,2.0,1.0,1.0,119262.8,0
104237,Belisario,596.0,Germany,Female,42.0,1.0,139975.03,1.0,1.0,0.0,96896.06,1
104238,Tien,703.0,France,Male,47.0,9.0,0.0,1.0,1.0,1.0,120561.31,0
104239,Cameron,596.0,Spain,Female,,4.0,0.0,2.0,1.0,0.0,131003.94,1
104240,Mancini,772.0,France,Male,47.0,4.0,0.0,3.0,1.0,,160318.06,1
104241,Aksenov,684.0,Spain,Female,39.0,8.0,0.0,1.0,1.0,1.0,172750.5,0
104242,Y?,686.0,Germany,Female,47.0,1.0,127608.21,3.0,1.0,0.0,176364.4,1
104243,Nweke,628.0,Spain,Female,49.0,2.0,116108.01,1.0,1.0,0.0,161936.77,1
104244,Mistry,686.0,Germany,Male,34.0,2.0,131703.7,1.0,0.0,1.0,46677.5,0
104245,Sagese,721.0,France,,37.0,8.0,0.0,2.0,1.0,,117946.39,0
104246,Hsueh,659.0,Spain,Female,45.0,1.0,155681.21,1.0,1.0,0.0,143960.08,1
104247,Shih,686.0,France,Female,42.0,9.0,0.0,2.0,1.0,0.0,128876.71,1
104248,McIntyre,543.0,Spain,Male,41.0,10.0,123331.88,1.0,0.0,1.0,16717.34,0
104249,Kornilova,,France,Male,34.0,7.0,0.0,,1.0,1.0,77414.34,0
104250,Hsia,682.0,France,Male,37.0,8.0,0.0,2.0,1.0,0.0,92888.08,0
104251,Lo Duca,683.0,,Male,35.0,8.0,0.0,2.0,0.0,1.0,176844.73,0
104252,Uwakwe,716.0,,Male,33.0,,0.0,2.0,1.0,0.0,142513.63,0
104253,Nwankwo,654.0,Spain,Male,,0.0,0.0,2.0,1.0,1.0,140800.45,0
104254,Capon,658.0,Germany,Female,31.0,7.0,,1.0,1.0,,25499.15,1
104255,Fanucci,628.0,Spain,Female,,8.0,0.0,2.0,0.0,0.0,99766.87,0
104256,Lucchesi,552.0,France,Female,37.0,10.0,0.0,1.0,,1.0,10068.27,0
104257,Fennell,717.0,Germany,Female,36.0,8.0,,1.0,1.0,0.0,51671.95,0
104258,Eluemuno,543.0,Spain,Female,34.0,1.0,0.0,1.0,1.0,1.0,17046.36,0
104259,Hao,599.0,France,Female,32.0,3.0,0.0,2.0,1.0,0.0,54975.84,0
104260,Ch'ien,704.0,France,Female,45.0,6.0,,1.0,1.0,0.0,168590.86,1
104261,Hs?,631.0,France,Male,36.0,3.0,137665.35,2.0,1.0,0.0,,1
104262,Bogle,634.0,France,Female,40.0,4.0,0.0,2.0,0.0,1.0,85846.89,0
104263,Echezonachukwu,649.0,France,Female,38.0,6.0,140039.68,1.0,1.0,1.0,107876.15,0
104264,Lucchese,692.0,Germany,Male,40.0,6.0,112510.62,2.0,1.0,0.0,28255.82,0
104265,Onyemauchechukwu,756.0,France,Male,48.0,7.0,0.0,1.0,0.0,0.0,174132.95,1
104266,Liao,610.0,France,Male,43.0,5.0,0.0,2.0,0.0,0.0,45610.97,0
104267,Azubuike,526.0,France,Male,41.0,7.0,0.0,2.0,1.0,1.0,57594.63,0
104268,Ch'en,,France,Female,29.0,8.0,0.0,2.0,1.0,1.0,152992.04,0
104269,Trevisano,703.0,France,Male,25.0,6.0,0.0,1.0,1.0,0.0,140732.65,0
104270,Lettiere,754.0,France,Male,33.0,10.0,,2.0,0.0,0.0,167553.06,0
104271,T'ao,625.0,Spain,Male,35.0,2.0,127625.46,1.0,0.0,0.0,62724.28,1
104272,Horsley,587.0,France,Male,29.0,3.0,104431.67,1.0,0.0,0.0,134449.75,0
104273,Tseng,,Spain,Female,44.0,6.0,,1.0,1.0,0.0,,1
104274,Chiemenam,773.0,France,Male,30.0,3.0,0.0,1.0,1.0,0.0,80850.4,0
104275,Lysaght,550.0,Spain,Male,,8.0,132756.79,1.0,1.0,0.0,181205.85,0
104276,Uspensky,620.0,France,Male,31.0,4.0,118293.08,1.0,1.0,1.0,176743.63,0
104277,Manna,627.0,France,Male,37.0,8.0,0.0,1.0,1.0,0.0,188036.25,0
104278,Wright,656.0,Germany,Female,49.0,8.0,138046.33,1.0,1.0,,177655.68,1
104279,Lazareva,619.0,France,Male,40.0,1.0,0.0,2.0,1.0,1.0,187900.12,0
104280,Onyekaozulu,678.0,France,Female,71.0,7.0,0.0,2.0,1.0,1.0,147528.41,0
104281,Chizuoke,472.0,France,Male,36.0,7.0,0.0,2.0,1.0,1.0,164070.66,0
104282,Nixon,679.0,Germany,Male,33.0,7.0,126444.08,2.0,,0.0,103423.96,0
104283,Bogolyubov,611.0,France,Female,54.0,5.0,0.0,1.0,1.0,1.0,16250.61,0
104284,Chinwendu,542.0,France,Female,31.0,4.0,0.0,2.0,0.0,0.0,104332.28,0
104285,Fomin,683.0,France,Female,42.0,6.0,0.0,2.0,1.0,1.0,121310.16,0
104286,Jonathan,544.0,France,Female,28.0,7.0,191946.61,2.0,1.0,,51428.7,0
104287,Heller,777.0,Spain,Female,33.0,2.0,0.0,2.0,0.0,1.0,150699.82,0
104288,Warner,685.0,France,Male,,7.0,0.0,2.0,0.0,0.0,116433.35,0
104289,Olisaemeka,590.0,Germany,Female,48.0,2.0,,1.0,1.0,0.0,88827.28,1
104290,K'ung,,Germany,Male,34.0,6.0,98162.32,3.0,1.0,0.0,118270.71,1
104291,Lung,670.0,France,Male,33.0,4.0,0.0,2.0,1.0,1.0,78635.8,0
104292,Mazzanti,667.0,France,Male,27.0,7.0,0.0,2.0,1.0,1.0,136975.03,0
104293,Kenniff,613.0,Spain,Male,32.0,10.0,0.0,2.0,1.0,0.0,156783.54,0
104294,Yobachukwu,567.0,France,Male,36.0,5.0,121404.65,,1.0,1.0,176732.19,0
104295,P'eng,681.0,France,Female,31.0,2.0,0.0,2.0,0.0,1.0,166494.99,0
104296,McKenzie,,France,Male,29.0,8.0,0.0,,,0.0,,0
104297,Collins,721.0,France,Male,45.0,7.0,0.0,1.0,0.0,0.0,107459.23,1
104298,Yobanna,,Spain,Female,37.0,2.0,107824.04,1.0,0.0,0.0,89898.42,0
104299,Butcher,652.0,France,,71.0,1.0,0.0,2.0,1.0,1.0,92874.77,0
104300,Maclean,,Germany,Male,35.0,2.0,139546.97,1.0,,1.0,57973.91,0
104301,Yobachukwu,693.0,Germany,Female,,4.0,72464.92,1.0,1.0,0.0,130042.09,0
104302,Kao,577.0,France,Female,,8.0,0.0,2.0,1.0,0.0,57550.07,0
104303,T'ang,683.0,France,Male,38.0,1.0,0.0,2.0,0.0,1.0,131172.58,0
104304,P'eng,576.0,,Male,37.0,6.0,0.0,2.0,0.0,1.0,,0
104305,Lo,558.0,France,Male,37.0,7.0,0.0,2.0,1.0,1.0,134879.55,0
104306,Nwoye,655.0,Germany,Male,47.0,9.0,74386.19,1.0,1.0,1.0,123331.28,1
104307,Ritchie,725.0,France,Female,35.0,0.0,95187.05,1.0,1.0,1.0,60120.21,0
104308,Chinomso,635.0,Spain,Male,56.0,4.0,128516.06,2.0,1.0,1.0,103611.78,0
104309,Milanesi,661.0,Spain,Male,43.0,4.0,0.0,2.0,1.0,1.0,,0
104310,Maclean,754.0,Germany,Male,41.0,9.0,,2.0,1.0,0.0,51596.87,1
104311,Chukwufumnanya,687.0,France,Female,,,121518.43,1.0,1.0,0.0,143628.56,0
104312,Yudin,520.0,France,Male,25.0,8.0,119822.63,1.0,1.0,0.0,627.33,0
104313,Tisdall,637.0,France,Female,42.0,6.0,0.0,2.0,1.0,1.0,131778.14,0
104314,Bates,695.0,Spain,,42.0,6.0,,,1.0,1.0,166509.92,0
104315,Yermakova,594.0,France,Female,36.0,8.0,114519.57,2.0,0.0,0.0,115785.75,1
104316,Shih,655.0,Germany,Male,43.0,8.0,146115.84,2.0,0.0,0.0,123772.48,0
104317,Hsia,710.0,France,Male,28.0,,0.0,,1.0,1.0,1477.09,0
104318,Levi,664.0,France,Female,48.0,5.0,0.0,2.0,1.0,1.0,137753.34,0
104319,Sagese,628.0,France,Female,32.0,3.0,95234.18,2.0,0.0,0.0,163588.86,0
104320,Bromley,588.0,Germany,Male,45.0,2.0,119048.38,1.0,1.0,0.0,96832.96,1
104321,Chiemezie,707.0,,Female,33.0,1.0,,2.0,1.0,0.0,87412.24,0
104322,Ritchie,669.0,France,Female,66.0,1.0,0.0,1.0,1.0,1.0,141608.56,1
104323,Naylor,629.0,France,Female,40.0,6.0,0.0,2.0,1.0,0.0,123663.63,0
104324,Manfrin,598.0,France,Male,40.0,,100084.13,1.0,1.0,1.0,59322.12,0
104325,O'Donnell,725.0,France,Female,38.0,5.0,,1.0,1.0,0.0,130114.39,0
104326,Ting,607.0,France,Male,49.0,4.0,0.0,1.0,1.0,0.0,70810.61,1
104327,Onyemauchechukwu,638.0,Germany,Female,43.0,8.0,82531.11,1.0,1.0,0.0,189864.19,1
104328,Ch'ang,751.0,Spain,Female,37.0,5.0,123789.94,1.0,1.0,1.0,80097.4,0
104329,Brazenor,698.0,Spain,Female,48.0,3.0,0.0,1.0,1.0,0.0,161857.14,1
104330,Hsing,687.0,France,Male,32.0,,122941.89,1.0,,0.0,103687.56,0
104331,Ahmed,646.0,Spain,Female,,1.0,0.0,2.0,1.0,0.0,148108.16,0
104332,Chiawuotu,683.0,France,Male,44.0,7.0,118513.95,,0.0,1.0,,0
104333,Chigolum,602.0,Spain,Female,43.0,2.0,139859.33,1.0,1.0,1.0,38250.34,0
104334,Lu,677.0,France,Female,39.0,7.0,0.0,2.0,1.0,0.0,158974.7,0
104335,Ferri,652.0,France,Female,36.0,3.0,,2.0,1.0,1.0,152672.01,0
104336,Hs?,619.0,Germany,Female,35.0,3.0,95418.36,2.0,0.0,0.0,75986.48,0
104337,Chiemela,850.0,France,Female,38.0,10.0,0.0,2.0,1.0,0.0,141804.33,0
104338,Wang,572.0,France,Male,60.0,3.0,0.0,2.0,1.0,1.0,174065.61,1
104339,Hsia,774.0,France,Female,21.0,3.0,81102.42,1.0,0.0,0.0,102165.43,1
104340,Munson,706.0,Germany,Male,36.0,4.0,124595.02,1.0,1.0,1.0,164077.12,0
104341,Dreyer,743.0,France,Male,37.0,5.0,0.0,2.0,0.0,1.0,71343.5,0
104342,Onyekachi,693.0,Spain,Male,28.0,9.0,115842.16,1.0,0.0,1.0,126832.04,0
104343,Iweobiegbunam,599.0,Germany,Female,30.0,1.0,138604.29,1.0,1.0,1.0,177828.44,1
104344,Lavrentiev,662.0,Germany,Female,43.0,0.0,107949.75,1.0,1.0,0.0,170736.67,1
104345,Ch'iu,794.0,,Male,66.0,8.0,0.0,2.0,1.0,1.0,62937.3,0
104346,Chukwualuka,644.0,France,Female,47.0,1.0,0.0,1.0,,1.0,130100.42,0
104347,Greco,605.0,Germany,Female,32.0,9.0,123761.83,1.0,1.0,0.0,93781.82,0
104348,Yermakova,778.0,Germany,Female,44.0,8.0,113619.82,2.0,1.0,0.0,147964.92,0
104349,Ch'ien,709.0,France,Male,32.0,6.0,109912.2,2.0,1.0,0.0,149492.38,0
104350,H?,663.0,Spain,Male,25.0,2.0,0.0,1.0,,0.0,58893.18,0
104351,Pirozzi,622.0,,Male,27.0,9.0,0.0,2.0,1.0,0.0,126372.86,0
104352,Eiland,554.0,France,Male,,9.0,0.0,1.0,0.0,1.0,181660.56,1
104353,Ts'ui,554.0,France,Male,44.0,10.0,92806.13,1.0,1.0,1.0,25121.99,0
104354,Ch'eng,482.0,France,,61.0,7.0,157839.95,1.0,0.0,1.0,183711.69,0
104355,Chukwuemeka,528.0,Spain,Female,45.0,8.0,143690.89,2.0,1.0,1.0,186155.17,0
104356,Chukwujamuike,597.0,Spain,Male,32.0,1.0,119634.09,2.0,1.0,1.0,146543.42,0
104357,Yermakov,589.0,Spain,Female,32.0,1.0,0.0,2.0,0.0,0.0,1801.77,1
104358,Nwabugwu,677.0,Spain,Female,28.0,,0.0,2.0,0.0,1.0,166596.11,0
104359,Pinto,645.0,France,Female,28.0,4.0,,2.0,0.0,1.0,11783.1,0
104360,Ts'ui,753.0,France,Male,,5.0,114330.95,1.0,1.0,0.0,165038.1,0
104361,Windsor,489.0,,Male,,8.0,113844.07,2.0,1.0,1.0,159810.29,0
104362,Hsiung,652.0,France,Female,25.0,0.0,106486.19,2.0,1.0,1.0,146746.1,0
104363,Hs?,741.0,France,Female,44.0,4.0,0.0,2.0,1.0,0.0,124936.55,0
104364,Ozerova,543.0,France,,,9.0,153277.97,1.0,0.0,0.0,184790.89,1
104365,Gilchrist,723.0,France,Female,33.0,9.0,,2.0,1.0,0.0,100347.21,1
104366,Cremonesi,838.0,France,Male,41.0,8.0,0.0,2.0,1.0,1.0,146585.29,0
104367,Ijendu,750.0,Germany,Male,50.0,8.0,101151.74,2.0,1.0,0.0,125445.83,1
104368,Trevisano,603.0,France,Male,42.0,9.0,130933.74,1.0,1.0,0.0,,0
104369,Hoolan,657.0,Germany,Male,32.0,6.0,123350.51,1.0,0.0,0.0,113837.7,1
104370,P'an,627.0,France,Male,36.0,6.0,0.0,2.0,,0.0,54474.48,0
104371,Ts'ai,464.0,Spain,,,5.0,0.0,2.0,1.0,,176717.64,0
104372,DeRose,634.0,France,Male,,6.0,0.0,2.0,1.0,1.0,86369.58,0
104373,Ch'in,607.0,France,Male,42.0,1.0,0.0,1.0,1.0,0.0,180780.42,1
104374,Chukwudi,667.0,Spain,Female,38.0,1.0,,2.0,0.0,0.0,184639.11,0
104375,T'ien,673.0,France,Female,38.0,4.0,0.0,1.0,0.0,0.0,83602.62,0
104376,Uspenskaya,626.0,Germany,Male,53.0,4.0,72585.65,1.0,1.0,1.0,74535.49,1
104377,Martin,650.0,Spain,Male,28.0,4.0,134463.85,2.0,1.0,0.0,9174.1,0
104378,H?,611.0,Germany,Female,38.0,1.0,133950.84,1.0,1.0,0.0,193358.08,1
104379,Nkemakolam,754.0,France,Male,31.0,8.0,0.0,1.0,0.0,0.0,66796.72,0
104380,Mazzanti,717.0,France,Female,33.0,8.0,130598.9,1.0,1.0,1.0,168816.27,0
104381,Ibezimako,667.0,France,Male,62.0,7.0,0.0,2.0,0.0,0.0,,0
104382,Chikezie,591.0,France,Male,34.0,7.0,,2.0,1.0,0.0,,0
104383,Uspenskaya,594.0,Spain,Male,49.0,8.0,123006.43,1.0,0.0,0.0,85973.46,1
104384,Russo,720.0,Germany,Female,37.0,,161816.1,1.0,1.0,1.0,171960.99,1
104385,Okechukwu,644.0,Spain,Female,31.0,7.0,0.0,2.0,1.0,1.0,92914.67,0
104386,Lu,686.0,Spain,Male,38.0,6.0,0.0,2.0,1.0,1.0,39890.3,0
104387,K?,701.0,France,Male,41.0,9.0,144879.06,2.0,1.0,0.0,79022.19,0
104388,Zikoranachidimma,798.0,Germany,Female,52.0,3.0,130120.32,1.0,1.0,1.0,146839.16,1
104389,Chidubem,696.0,Spain,Male,29.0,3.0,88617.4,2.0,1.0,0.0,187358.09,0
104390,Ch'in,535.0,Spain,Female,54.0,8.0,0.0,1.0,1.0,0.0,9544.92,1
104391,Hsia,673.0,France,Female,44.0,4.0,0.0,1.0,1.0,0.0,101130.98,1
104392,Phelan,630.0,France,Female,34.0,2.0,,2.0,1.0,1.0,108584.91,0
104393,Tuan,591.0,France,Female,43.0,1.0,0.0,2.0,1.0,0.0,51877.25,0
104394,Ijendu,634.0,France,Male,,7.0,0.0,2.0,1.0,,80130.33,0
104395,Udinese,667.0,Germany,Female,57.0,3.0,117403.86,1.0,1.0,0.0,141558.04,1
104396,Baresi,579.0,France,Female,41.0,,0.0,2.0,1.0,0.0,99797.34,0
104397,Maclean,,France,Male,36.0,9.0,0.0,2.0,0.0,1.0,97882.27,0
104398,Owens,703.0,France,Female,45.0,10.0,0.0,1.0,1.0,0.0,134574.63,1
104399,Chukwueloka,619.0,France,Female,37.0,9.0,0.0,2.0,1.0,0.0,162494.41,0
104400,Tsao,592.0,France,,26.0,1.0,71097.11,1.0,1.0,1.0,86412.17,0
104401,Hsiung,,Germany,Female,43.0,3.0,,,0.0,0.0,,1
104402,Greco,691.0,France,Female,53.0,8.0,0.0,1.0,1.0,1.0,152447.97,0
104403,Chuang,656.0,Germany,Male,36.0,4.0,135070.58,,1.0,0.0,120513.73,0
104404,Zito,729.0,Germany,Male,38.0,5.0,,1.0,1.0,1.0,138407.49,0
104405,L?,697.0,Spain,Male,48.0,,,1.0,0.0,0.0,73255.65,1
104406,Lucciano,685.0,,Male,35.0,5.0,0.0,2.0,1.0,1.0,121789.3,0
104407,Palerma,652.0,France,Male,,5.0,0.0,2.0,1.0,1.0,169121.4,0
104408,Maclean,604.0,France,Male,38.0,7.0,0.0,,1.0,0.0,74340.27,0
104409,Teng,813.0,France,Male,44.0,7.0,133889.37,1.0,,0.0,62307.21,0
104410,P'eng,718.0,Germany,Female,59.0,6.0,,4.0,1.0,0.0,147002.28,1
104411,Thompson,850.0,France,Male,38.0,3.0,0.0,2.0,1.0,0.0,119397.92,0
104412,Simmons,605.0,France,Male,43.0,,147684.79,1.0,0.0,,78003.13,0
104413,T'ang,641.0,,Male,35.0,,132587.26,1.0,1.0,1.0,162309.5,0
104414,Cheng,,France,Male,40.0,1.0,158816.7,,0.0,0.0,58728.18,1
104415,Macleod,663.0,France,Male,27.0,6.0,0.0,2.0,1.0,1.0,122996.76,0
104416,Pisano,648.0,France,Male,53.0,4.0,80780.16,1.0,0.0,1.0,113125.47,0
104417,P'eng,590.0,France,Male,38.0,7.0,0.0,2.0,1.0,1.0,78960.15,0
104418,Maclean,609.0,France,Male,50.0,0.0,139960.45,1.0,0.0,0.0,173802.01,1
104419,Cocci,825.0,Germany,Male,,7.0,123785.01,2.0,1.0,0.0,114253.31,0
104420,Goddard,628.0,Germany,Female,67.0,1.0,115160.57,,0.0,1.0,,0
104421,Lo,622.0,France,,36.0,4.0,0.0,2.0,0.0,0.0,116781.53,0
104422,Loyau,712.0,France,Female,41.0,2.0,0.0,1.0,1.0,1.0,110439.32,1
104423,Pinto,592.0,France,Female,56.0,,0.0,1.0,1.0,0.0,182725.62,1
104424,Fan,678.0,France,Male,32.0,3.0,0.0,2.0,1.0,0.0,77826.39,0
104425,Lucciano,559.0,Germany,Male,29.0,2.0,121681.52,1.0,0.0,1.0,62973.65,0
104426,Hs?,466.0,Spain,Male,56.0,3.0,129032.91,1.0,0.0,0.0,138794.74,1
104427,Piazza,,Spain,Female,51.0,4.0,85938.98,1.0,1.0,1.0,123321.29,0
104428,Onuchukwu,673.0,,Male,32.0,2.0,0.0,1.0,0.0,0.0,133233.05,1
104429,Brown,663.0,Germany,Female,66.0,7.0,,1.0,1.0,0.0,113047.19,1
104430,Trevisano,713.0,France,Female,58.0,8.0,87911.59,1.0,1.0,1.0,91943.94,0
104431,Pirozzi,613.0,Germany,Female,56.0,0.0,185527.95,1.0,1.0,0.0,57771.56,0
104432,Lucciano,678.0,Spain,Male,35.0,4.0,0.0,1.0,1.0,1.0,89250.18,0
104433,Houghton,,Germany,Male,36.0,8.0,72863.49,2.0,1.0,0.0,198270.31,0
104434,Cremonesi,643.0,Spain,Female,30.0,4.0,0.0,2.0,0.0,0.0,47606.55,0
104435,Hargreaves,585.0,Spain,Male,50.0,5.0,0.0,2.0,0.0,1.0,160128.22,0
104436,Martin,572.0,Germany,Male,,3.0,141787.04,1.0,1.0,0.0,127029.22,1
104437,Sani,763.0,France,Female,44.0,1.0,123544.0,1.0,1.0,0.0,156892.85,0
104438,Nnachetam,635.0,Spain,Male,43.0,6.0,0.0,2.0,1.0,0.0,120892.78,0
104439,Okwudiliolisa,649.0,Germany,Female,28.0,2.0,110279.04,1.0,1.0,0.0,125695.8,0
104440,Clements,738.0,France,Female,41.0,7.0,0.0,2.0,,0.0,55775.53,0
104441,Udinese,531.0,,Male,34.0,2.0,0.0,2.0,0.0,0.0,64840.62,0
104442,Nwabugwu,693.0,,Female,29.0,9.0,0.0,2.0,1.0,1.0,97614.02,0
104443,Singh,715.0,Germany,Male,38.0,6.0,111095.51,2.0,,1.0,135853.54,0
104444,Mancini,640.0,France,Female,39.0,8.0,89604.27,2.0,0.0,1.0,28147.74,0
104445,Onyekachukwu,591.0,France,Male,31.0,5.0,119684.74,1.0,1.0,1.0,88729.24,0
104446,Chiawuotu,586.0,France,Female,37.0,2.0,0.0,2.0,0.0,0.0,,0
104447,Pinto,596.0,France,Female,38.0,,0.0,,1.0,0.0,18035.98,0
104448,Udegbunam,633.0,France,Female,42.0,8.0,0.0,1.0,1.0,1.0,104778.28,0
104449,Hsing,609.0,France,Male,28.0,7.0,0.0,1.0,0.0,0.0,125806.93,0
104450,Maclean,535.0,Germany,Male,47.0,,143350.9,2.0,1.0,1.0,90891.01,0
104451,Young,661.0,France,Male,40.0,9.0,0.0,2.0,1.0,0.0,44384.57,0
104452,Gentry,727.0,,Female,27.0,7.0,0.0,2.0,1.0,1.0,171190.56,0
104453,Bellucci,547.0,Spain,Male,59.0,6.0,0.0,2.0,1.0,1.0,127536.56,0
104454,Jackson,615.0,France,Female,36.0,,0.0,2.0,1.0,0.0,114715.99,1
104455,Estrada,,Spain,Female,47.0,0.0,0.0,1.0,,0.0,162763.47,1
104456,Stewart,705.0,France,Female,63.0,8.0,0.0,,1.0,1.0,,0
104457,Liang,731.0,Spain,Female,21.0,6.0,0.0,2.0,1.0,0.0,142922.22,0
104458,Tikhonov,645.0,Germany,Male,30.0,1.0,124613.12,2.0,0.0,1.0,126518.33,0
104459,Jennings,718.0,France,Female,,,0.0,2.0,0.0,1.0,173500.11,0
104460,Ch'eng,597.0,Germany,Male,45.0,6.0,111560.27,1.0,1.0,1.0,138728.67,1
104461,Chambers,711.0,France,Female,,2.0,,2.0,1.0,,181850.74,0
104462,Milanesi,748.0,,Male,46.0,8.0,0.0,1.0,1.0,,188064.54,1
104463,Hughes,674.0,Spain,,46.0,1.0,0.0,1.0,1.0,0.0,73943.98,1
104464,O'Donnell,776.0,France,Male,26.0,5.0,0.0,1.0,1.0,0.0,178387.8,0
104465,Nnaife,581.0,,Male,34.0,6.0,122451.04,2.0,1.0,0.0,177602.94,1
104466,Chigolum,731.0,France,Female,,1.0,0.0,2.0,1.0,1.0,149913.84,0
104467,T'ang,721.0,France,,32.0,1.0,0.0,2.0,0.0,1.0,140942.06,0
104468,Fanucci,667.0,France,Female,42.0,9.0,0.0,1.0,1.0,1.0,122384.63,1
104469,Pinto,584.0,Spain,Female,40.0,1.0,0.0,3.0,1.0,0.0,186381.56,1
104470,Lo Duca,745.0,Germany,Female,56.0,5.0,113599.44,1.0,1.0,1.0,154039.4,1
104471,Liao,717.0,France,Female,46.0,3.0,152397.56,1.0,1.0,0.0,88877.37,1
104472,Ifesinachi,634.0,France,Male,,2.0,0.0,,0.0,1.0,118024.91,0
104473,McIntyre,,Germany,Male,35.0,1.0,106950.53,1.0,1.0,1.0,133721.95,0
104474,Chizuoke,587.0,France,Male,29.0,9.0,0.0,2.0,1.0,1.0,142995.98,0
104475,Nnaife,586.0,France,Male,42.0,1.0,,2.0,1.0,0.0,63703.17,0
104476,Ngozichukwuka,685.0,France,Male,42.0,8.0,0.0,1.0,1.0,1.0,15015.68,0
104477,Nnonso,652.0,Spain,Female,36.0,3.0,164149.26,3.0,1.0,0.0,64857.44,1
104478,Lu,669.0,Spain,,37.0,4.0,187013.76,1.0,0.0,1.0,93268.07,0
104479,Kornilova,,Spain,Male,72.0,8.0,0.0,1.0,1.0,1.0,49281.87,0
104480,Yuryeva,648.0,,Male,33.0,8.0,0.0,2.0,1.0,1.0,172456.26,0
104481,Otoole,545.0,France,Male,40.0,1.0,0.0,2.0,1.0,0.0,161428.13,0
104482,Su,804.0,France,Female,29.0,2.0,97663.52,1.0,,1.0,155724.32,0
104483,O'Donnell,685.0,France,Male,45.0,2.0,122516.64,2.0,,1.0,,0
104484,Manfrin,629.0,France,Male,55.0,5.0,,1.0,0.0,0.0,,1
104485,Martin,751.0,,Female,41.0,4.0,0.0,2.0,1.0,1.0,86411.55,0
104486,Hsueh,850.0,Spain,Male,38.0,10.0,0.0,2.0,0.0,0.0,36458.16,0
104487,Anderson,639.0,France,Male,38.0,9.0,77599.23,2.0,0.0,1.0,176592.75,0
104488,O'Sullivan,850.0,France,Female,37.0,2.0,103150.47,1.0,,1.0,143649.06,0
104489,Shao,729.0,Germany,Male,39.0,8.0,125439.16,,1.0,0.0,52817.65,1
104490,Udinese,593.0,France,Male,41.0,,0.0,1.0,1.0,0.0,125870.36,1
104491,Douglas,758.0,France,Female,36.0,9.0,119023.33,1.0,0.0,1.0,54222.59,0
104492,Hsueh,593.0,France,Female,35.0,3.0,125977.81,1.0,0.0,0.0,124210.53,0
104493,Ch'eng,616.0,France,Male,46.0,0.0,0.0,2.0,1.0,0.0,123851.81,0
104494,Morrison,555.0,,Male,41.0,8.0,95277.51,1.0,,0.0,64458.64,0
104495,White,642.0,France,Male,49.0,9.0,0.0,,1.0,,116108.35,1
104496,Pirozzi,664.0,France,Male,43.0,2.0,116213.34,2.0,1.0,1.0,179441.18,0
104497,Hs?,646.0,France,Male,34.0,8.0,,2.0,1.0,0.0,52861.27,0
104498,Davidson,717.0,Spain,Female,31.0,8.0,0.0,2.0,1.0,0.0,101382.86,0
104499,Eskridge,679.0,France,Female,36.0,3.0,0.0,2.0,1.0,0.0,,0
104500,Tsou,,Germany,Male,,9.0,125489.95,1.0,0.0,0.0,113556.66,0
104501,Li Fonti,,France,Male,34.0,5.0,148324.97,,1.0,0.0,171346.07,0
104502,Cameron,679.0,,,,5.0,0.0,1.0,1.0,0.0,,1
104503,H?,676.0,Spain,Male,29.0,5.0,102798.07,2.0,1.0,0.0,149623.58,0
104504,Onyinyechukwuka,684.0,Germany,Female,54.0,,133049.34,1.0,1.0,0.0,132419.49,1
104505,Palerma,594.0,Spain,Female,48.0,,0.0,2.0,0.0,0.0,73347.62,0
104506,Chinedum,645.0,France,Male,59.0,9.0,0.0,2.0,0.0,0.0,172097.4,0
104507,K?,718.0,Germany,Female,39.0,4.0,107869.01,1.0,,0.0,175777.68,1
104508,Crocker,531.0,Germany,Female,39.0,10.0,111856.85,1.0,1.0,1.0,,0
104509,Yudina,589.0,France,Female,47.0,7.0,0.0,1.0,0.0,1.0,,1
104510,Tuan,699.0,France,Male,,2.0,0.0,2.0,1.0,0.0,162599.52,0
104511,Smith,622.0,Spain,Female,35.0,4.0,156797.59,1.0,1.0,1.0,46922.71,0
104512,Piccio,644.0,France,,36.0,1.0,117156.46,2.0,1.0,1.0,,0
104513,Zikoranachidimma,677.0,France,Female,,9.0,0.0,2.0,0.0,1.0,149326.66,1
104514,Shih,480.0,France,Male,26.0,0.0,104219.43,1.0,0.0,1.0,50783.14,0
104515,Hsia,653.0,France,Female,24.0,9.0,0.0,2.0,1.0,0.0,63795.48,0
104516,Ch'iu,634.0,France,,30.0,5.0,0.0,2.0,1.0,0.0,123662.31,0
104517,Tsao,587.0,France,Male,36.0,9.0,139823.17,1.0,0.0,0.0,81595.41,0
104518,Zuyeva,548.0,Germany,Female,51.0,8.0,131736.32,1.0,1.0,1.0,61491.61,0
104519,H?,702.0,France,Male,29.0,2.0,164690.55,1.0,1.0,1.0,103385.22,0
104520,Ch'ien,652.0,Spain,Female,36.0,,0.0,1.0,1.0,0.0,178554.88,1
104521,Y?an,675.0,France,Male,36.0,4.0,126594.92,1.0,0.0,1.0,79322.3,0
104522,Rizzo,556.0,Germany,,27.0,,98705.58,1.0,1.0,1.0,152575.96,1
104523,Obialo,613.0,France,Male,36.0,5.0,0.0,2.0,1.0,0.0,145547.06,0
104524,Brown,574.0,France,Female,,3.0,118889.69,1.0,1.0,1.0,166678.16,0
104525,Faulk,645.0,,Male,42.0,5.0,115548.52,1.0,1.0,1.0,146700.84,0
104526,Hsia,447.0,,Female,41.0,7.0,0.0,2.0,1.0,0.0,142945.56,0
104527,Oluchukwu,615.0,France,Male,44.0,9.0,,,1.0,1.0,41127.72,0
104528,Onyemauchechukwu,536.0,France,Female,38.0,7.0,0.0,1.0,0.0,1.0,164216.78,0
104529,Hsia,619.0,France,Female,36.0,10.0,139810.34,1.0,1.0,1.0,169465.69,1
104530,Pagnotto,537.0,Germany,Male,36.0,3.0,133447.63,1.0,0.0,0.0,61361.86,1
104531,Ch'ien,692.0,,Male,35.0,10.0,,2.0,1.0,1.0,,0
104532,Lawrence,633.0,Spain,Female,42.0,0.0,200429.34,,1.0,0.0,177834.79,0
104533,Ts'ui,841.0,Spain,Male,65.0,5.0,145548.26,1.0,1.0,1.0,107589.11,0
104534,Chiang,669.0,Spain,Female,33.0,9.0,0.0,2.0,1.0,0.0,155780.22,0
104535,Yevseyev,707.0,,Female,46.0,9.0,0.0,2.0,1.0,1.0,140615.99,0
104536,Tien,,Germany,,31.0,9.0,115809.89,2.0,0.0,1.0,143749.12,1
104537,P'eng,635.0,France,Female,35.0,4.0,138033.55,,1.0,0.0,25192.44,0
104538,Mistry,683.0,France,Male,43.0,1.0,0.0,1.0,0.0,1.0,84708.49,1
104539,Miah,648.0,Germany,Female,40.0,5.0,149057.84,2.0,1.0,0.0,92983.64,0
104540,McIntyre,714.0,Spain,Female,43.0,,81422.34,2.0,1.0,0.0,99061.75,0
104541,Fanucci,741.0,Spain,Female,,9.0,125921.04,1.0,1.0,1.0,108886.17,0
104542,Liao,550.0,Spain,Female,40.0,5.0,116970.28,1.0,1.0,1.0,156905.92,0
104543,Hsieh,632.0,France,Male,37.0,6.0,0.0,1.0,1.0,,161846.93,0
104544,Mazzanti,684.0,France,Male,41.0,8.0,0.0,1.0,1.0,0.0,136902.01,0
104545,Tsou,582.0,Spain,,34.0,2.0,0.0,2.0,0.0,0.0,122844.31,0
104546,Fanucci,738.0,Spain,Female,40.0,6.0,0.0,2.0,1.0,1.0,172599.14,0
104547,Bianchi,590.0,Spain,Male,25.0,7.0,155461.01,1.0,0.0,0.0,134600.77,0
104548,Yeh,624.0,France,Male,39.0,3.0,0.0,2.0,1.0,1.0,176416.77,0
104549,Hsia,727.0,Spain,Male,39.0,8.0,0.0,,1.0,0.0,53368.39,0
104550,Ting,644.0,,Male,31.0,2.0,165460.49,1.0,1.0,1.0,118851.55,0
104551,Chukwufumnanya,613.0,France,Female,29.0,,0.0,2.0,1.0,0.0,162861.77,0
104552,Chiu,591.0,France,Male,46.0,3.0,0.0,2.0,1.0,0.0,182257.93,0
104553,Kwemto,638.0,Spain,,42.0,7.0,120143.58,3.0,1.0,0.0,130866.94,1
104554,Peng,725.0,Spain,Male,38.0,4.0,0.0,2.0,1.0,1.0,39984.06,0
104555,Chiu,686.0,France,Female,43.0,8.0,0.0,1.0,1.0,0.0,64871.98,1
104556,Kerr,708.0,Germany,,46.0,9.0,145453.95,,0.0,0.0,173398.66,1
104557,Nwoye,646.0,France,Male,40.0,4.0,81098.47,1.0,,0.0,164727.83,0
104558,Toscani,640.0,France,Female,29.0,6.0,106065.9,3.0,1.0,0.0,178959.65,1
104559,Warren,590.0,Spain,Male,30.0,9.0,0.0,2.0,0.0,1.0,138881.02,0
104560,Manna,709.0,Spain,Female,25.0,3.0,0.0,2.0,1.0,,168034.9,0
104561,Onyekachukwu,579.0,France,Female,25.0,,97792.14,1.0,1.0,0.0,,0
104562,Meany,850.0,France,Female,44.0,,,2.0,1.0,0.0,52404.41,0
104563,Martin,574.0,Germany,Male,,9.0,74326.95,2.0,0.0,0.0,123625.77,0
104564,Hs?,656.0,France,Male,34.0,4.0,105113.37,1.0,1.0,0.0,,0
104565,H?,554.0,France,Male,27.0,5.0,0.0,1.0,1.0,0.0,115778.79,0
104566,Hsu,681.0,France,Male,28.0,0.0,0.0,1.0,1.0,1.0,143899.88,0
104567,O'Sullivan,562.0,France,Male,31.0,2.0,0.0,1.0,1.0,0.0,,0
104568,Jones,587.0,,Male,38.0,3.0,142670.6,,0.0,1.0,142503.66,1
104569,Nweke,669.0,France,Female,35.0,5.0,129578.13,1.0,1.0,0.0,97728.41,1
104570,T'ang,585.0,France,Female,42.0,0.0,0.0,2.0,1.0,1.0,176778.98,0
104571,Ting,629.0,France,Female,43.0,7.0,0.0,1.0,1.0,0.0,,1
104572,Su,,France,,38.0,1.0,,1.0,1.0,1.0,167036.94,0
104573,Martin,648.0,Germany,,43.0,5.0,125871.05,1.0,0.0,0.0,53193.03,1
104574,Crawford,649.0,France,Male,,2.0,0.0,2.0,1.0,0.0,138380.11,0
104575,Chidubem,604.0,France,Male,35.0,1.0,103704.05,1.0,0.0,1.0,82950.33,0
104576,T'ao,669.0,France,Male,52.0,,123971.78,1.0,0.0,1.0,108408.88,0
104577,Koo,,France,Male,33.0,8.0,131112.01,1.0,0.0,0.0,168917.1,0
104578,Chiang,632.0,France,Male,,2.0,0.0,2.0,1.0,,135077.57,0
104579,Yudin,595.0,Germany,Female,45.0,1.0,112889.91,,,0.0,168044.81,1
104580,Tucker,847.0,France,Female,,9.0,106072.33,1.0,,1.0,619.39,1
104581,O'Donnell,684.0,France,Male,43.0,1.0,0.0,2.0,1.0,1.0,175751.26,0
104582,Bazarova,650.0,Spain,,38.0,,0.0,2.0,0.0,,28196.21,0
104583,Nkemakonam,640.0,Spain,Female,39.0,4.0,0.0,2.0,1.0,0.0,142491.99,0
104584,Dancy,,Spain,Male,21.0,3.0,0.0,2.0,1.0,0.0,136494.2,0
104585,Milanesi,687.0,Spain,Male,38.0,9.0,0.0,2.0,1.0,1.0,43877.7,0
104586,Ritchie,659.0,Spain,Male,31.0,7.0,0.0,2.0,1.0,1.0,,0
104587,Nwankwo,718.0,France,Female,42.0,2.0,0.0,2.0,1.0,1.0,88965.29,0
104588,Nwachinemelu,751.0,Spain,Female,39.0,3.0,97607.29,,0.0,0.0,,0
104589,Nnachetam,,France,Male,45.0,1.0,0.0,1.0,1.0,0.0,,1
104590,Teng,673.0,France,Female,48.0,6.0,0.0,1.0,1.0,0.0,109623.23,1
104591,Chiemezie,725.0,France,Male,30.0,,0.0,2.0,1.0,0.0,145537.76,0
104592,Lo Duca,509.0,France,Male,35.0,6.0,0.0,2.0,0.0,,,0
104593,Ponomaryova,,France,Male,41.0,1.0,0.0,2.0,1.0,1.0,88934.86,0
104594,Trevisano,,France,Female,31.0,10.0,73334.94,1.0,1.0,1.0,162650.19,0
104595,Teng,624.0,France,Male,33.0,9.0,124043.79,,1.0,1.0,187914.77,0
104596,Trevisano,705.0,France,Female,33.0,,0.0,2.0,0.0,1.0,126470.38,0
104597,Yeh,609.0,France,Female,52.0,,0.0,1.0,,0.0,176779.46,1
104598,Pratt,669.0,Spain,Male,51.0,6.0,93501.39,1.0,0.0,1.0,59703.03,0
104599,Niu,718.0,Spain,Female,51.0,8.0,134952.22,1.0,1.0,1.0,176876.02,0
104600,Palermo,749.0,France,Male,28.0,3.0,0.0,1.0,1.0,1.0,91045.41,0
104601,Ozerova,711.0,France,Male,37.0,2.0,0.0,2.0,1.0,,63844.92,0
104602,Mazzanti,617.0,France,Male,31.0,4.0,153566.7,1.0,0.0,0.0,156953.54,0
104603,Cremonesi,611.0,France,Female,51.0,,0.0,1.0,0.0,0.0,57796.53,1
104604,Milne,696.0,Germany,Male,27.0,4.0,152841.65,2.0,1.0,1.0,94813.82,0
104605,Nwachukwu,755.0,France,Female,37.0,2.0,0.0,2.0,1.0,0.0,40313.87,0
104606,Chidiebele,627.0,Spain,Female,45.0,1.0,0.0,,,0.0,90649.9,0
104607,Genovesi,640.0,Spain,Male,41.0,10.0,116216.48,1.0,1.0,0.0,123822.75,0
104608,Stevenson,590.0,Germany,,36.0,7.0,,1.0,1.0,1.0,19643.91,0
104609,Lu,721.0,France,,37.0,1.0,0.0,1.0,1.0,0.0,109865.57,0
104610,Aiken,624.0,France,Male,38.0,3.0,0.0,2.0,1.0,,79577.41,0
104611,T'ien,703.0,France,Female,33.0,2.0,141706.26,1.0,1.0,1.0,68822.96,0
104612,Onuora,751.0,France,Female,,8.0,121941.93,1.0,0.0,0.0,55522.69,0
104613,Y?an,726.0,Spain,,29.0,9.0,0.0,2.0,1.0,1.0,146648.46,0
104614,Fiorentino,741.0,France,Female,39.0,7.0,0.0,2.0,,0.0,61936.1,0
104615,Kolesnikov,638.0,France,Female,32.0,3.0,0.0,2.0,1.0,1.0,,0
104616,Mazzanti,663.0,France,Male,33.0,10.0,140931.57,1.0,0.0,0.0,99977.67,0
104617,Chukwukadibia,704.0,Germany,Female,37.0,3.0,0.0,1.0,1.0,,80175.61,0
104618,Genovese,757.0,Spain,Male,39.0,5.0,0.0,2.0,1.0,0.0,80361.44,0
104619,Tsai,718.0,France,Female,38.0,7.0,127847.86,1.0,1.0,1.0,59961.82,0
104620,Lucchesi,571.0,Germany,Male,39.0,8.0,121350.63,1.0,1.0,0.0,145017.93,1
104621,He,627.0,Germany,Female,47.0,0.0,134890.49,1.0,0.0,0.0,169662.13,1
104622,Y?,547.0,Germany,Male,42.0,3.0,115442.47,1.0,1.0,1.0,27254.5,0
104623,K?,652.0,Germany,Female,36.0,8.0,139593.81,2.0,1.0,1.0,112413.53,0
104624,Chinonyelum,544.0,France,Male,34.0,4.0,75359.35,2.0,1.0,,190656.15,0
104625,Nwachukwu,655.0,Germany,Male,44.0,1.0,121284.58,1.0,,0.0,94875.03,1
104626,Murray,681.0,France,Male,53.0,4.0,0.0,2.0,1.0,1.0,45238.9,0
104627,Pinto,576.0,France,Female,,6.0,0.0,,1.0,1.0,49715.84,0
104628,Manna,672.0,Spain,Male,40.0,9.0,92515.72,1.0,1.0,1.0,126728.52,0
104629,Ohearn,637.0,Germany,Female,46.0,7.0,118639.84,,1.0,1.0,128917.37,0
104630,Hsueh,775.0,France,Male,40.0,4.0,0.0,2.0,1.0,1.0,126592.01,0
104631,Trentino,729.0,France,Male,30.0,,0.0,2.0,1.0,0.0,127953.06,0
104632,Mistry,635.0,,Male,67.0,5.0,0.0,2.0,1.0,,70563.9,0
104633,Chioke,497.0,,Male,35.0,4.0,,2.0,0.0,0.0,166677.45,0
104634,Pagnotto,669.0,Germany,Male,54.0,9.0,128419.62,1.0,0.0,1.0,140185.44,1
104635,Ogochukwu,578.0,France,Female,30.0,3.0,0.0,2.0,0.0,0.0,141376.01,0
104636,Martin,689.0,Spain,Female,,6.0,0.0,4.0,1.0,0.0,126518.38,1
104637,K'ung,634.0,Spain,Male,57.0,10.0,0.0,2.0,1.0,1.0,,0
104638,Milne,779.0,Spain,Female,44.0,4.0,0.0,2.0,0.0,1.0,182654.19,0
104639,Shen,679.0,,Female,45.0,8.0,0.0,1.0,0.0,0.0,17581.13,1
104640,Iloerika,605.0,France,Female,34.0,8.0,0.0,2.0,1.0,1.0,163534.86,0
104641,Nkemakonam,609.0,France,Female,28.0,0.0,0.0,2.0,1.0,1.0,190534.76,0
104642,Hsia,719.0,Spain,Female,,6.0,115557.11,1.0,1.0,1.0,82675.13,0
104643,Mao,647.0,Germany,Female,49.0,4.0,146780.52,1.0,1.0,0.0,28640.97,1
104644,Bulgakov,635.0,France,Male,35.0,4.0,0.0,2.0,1.0,1.0,86798.97,0
104645,Obialo,712.0,France,,38.0,9.0,0.0,2.0,0.0,1.0,131097.9,0
104646,Ts'ai,535.0,Germany,Female,46.0,8.0,126602.59,1.0,1.0,0.0,1093.85,1
104647,Nwankwo,587.0,France,Male,36.0,1.0,0.0,2.0,1.0,1.0,3843.37,0
104648,Kang,576.0,Germany,Female,57.0,2.0,145895.51,1.0,1.0,,,1
104649,Pirozzi,,Germany,Male,37.0,1.0,125582.42,1.0,1.0,0.0,82726.24,0
104650,Ting,562.0,Spain,Female,38.0,6.0,0.0,2.0,0.0,,1105.14,0
104651,Campbell,705.0,France,,41.0,2.0,0.0,2.0,0.0,0.0,,0
104652,Chu,567.0,France,Female,35.0,9.0,0.0,,,1.0,152789.66,0
104653,Ponomaryov,706.0,Germany,Female,39.0,7.0,153659.91,2.0,1.0,1.0,153546.87,0
104654,Mazzi,578.0,France,Female,39.0,8.0,0.0,2.0,1.0,1.0,80582.45,0
104655,Nkemdilim,669.0,France,Female,21.0,7.0,0.0,2.0,1.0,1.0,173573.14,0
104656,Ch'eng,758.0,France,Male,35.0,2.0,0.0,2.0,0.0,1.0,,0
104657,Pinto,731.0,Spain,,33.0,2.0,0.0,1.0,1.0,1.0,55831.18,0
104658,Beers,605.0,France,Male,,,0.0,,1.0,1.0,105791.86,0
104659,Obialo,583.0,France,Male,39.0,1.0,0.0,2.0,0.0,0.0,116781.38,0
104660,Ting,806.0,France,Male,47.0,6.0,90959.56,1.0,1.0,1.0,183868.01,0
104661,T'ang,663.0,France,Female,46.0,4.0,0.0,1.0,0.0,1.0,121833.19,1
104662,Lucchese,697.0,Spain,Female,29.0,8.0,95927.04,1.0,1.0,0.0,67762.25,0
104663,Rowntree,558.0,France,Female,38.0,0.0,132944.81,1.0,1.0,0.0,79012.04,1
104664,Taylor,627.0,France,Female,52.0,5.0,0.0,1.0,,0.0,178680.44,1
104665,T'ao,641.0,Spain,Male,39.0,4.0,0.0,2.0,1.0,0.0,4476.76,0
104666,Ch'en,633.0,Spain,Female,51.0,9.0,0.0,1.0,1.0,0.0,66709.92,1
104667,McKinley,690.0,Spain,Male,44.0,5.0,0.0,2.0,0.0,0.0,166615.21,0
104668,Ndubueze,590.0,Spain,Female,72.0,7.0,0.0,2.0,0.0,1.0,79626.33,0
104669,Shih,616.0,France,Male,38.0,7.0,143778.18,1.0,0.0,1.0,90751.88,0
104670,Bergamaschi,728.0,Germany,Female,,3.0,133686.39,1.0,0.0,1.0,115540.45,0
104671,Ch'eng,648.0,France,Male,37.0,7.0,0.0,1.0,,1.0,117592.66,0
104672,Ch'ang,744.0,France,Female,33.0,5.0,0.0,2.0,1.0,0.0,50583.99,0
104673,Horsley,,,Male,37.0,6.0,0.0,2.0,1.0,0.0,,0
104674,Chiu,727.0,Germany,Female,46.0,3.0,117674.87,2.0,0.0,1.0,120762.57,0
104675,DeRose,775.0,Spain,Male,44.0,6.0,0.0,2.0,1.0,1.0,81490.05,0
104676,Ting,720.0,France,Male,53.0,6.0,94720.36,1.0,0.0,1.0,63555.57,1
104677,T'ien,549.0,France,Male,31.0,3.0,0.0,1.0,1.0,1.0,103737.8,1
104678,Obijiaku,641.0,Germany,Female,37.0,6.0,,2.0,0.0,0.0,73365.36,0
104679,Laidley,557.0,France,Female,38.0,10.0,0.0,1.0,0.0,0.0,9755.93,0
104680,Lucchesi,577.0,France,Female,,1.0,0.0,4.0,,1.0,57942.88,0
104681,Sholes,610.0,,Male,51.0,5.0,161852.92,1.0,1.0,1.0,134679.01,0
104682,Secombe,,Germany,Male,,1.0,101849.67,2.0,1.0,1.0,52824.98,0
104683,Smith,549.0,Spain,Female,32.0,3.0,0.0,,1.0,0.0,54376.65,0
104684,Lucchese,640.0,France,Male,40.0,7.0,115625.3,1.0,1.0,0.0,172749.3,0
104685,Trevisani,577.0,Spain,Male,34.0,6.0,175225.19,1.0,1.0,0.0,118324.23,0
104686,Bogle,647.0,France,Female,51.0,0.0,123515.9,,1.0,0.0,,1
104687,Ts'ai,652.0,Spain,Male,35.0,1.0,0.0,1.0,1.0,0.0,171373.57,0
104688,Ikedinachukwu,831.0,,,63.0,9.0,85774.42,1.0,1.0,1.0,,0
104689,Ch'iu,699.0,,Male,40.0,10.0,0.0,2.0,,,72814.31,0
104690,Fang,521.0,France,Female,52.0,7.0,89932.93,,1.0,0.0,64199.7,0
104691,Li Fonti,710.0,France,Male,28.0,,151868.49,1.0,1.0,1.0,146786.62,0
104692,Onyemauchechukwu,806.0,Germany,Male,32.0,7.0,119307.8,1.0,0.0,1.0,94903.45,0
104693,Chidozie,697.0,France,Female,45.0,0.0,141675.3,1.0,1.0,0.0,99742.78,0
104694,Olisaemeka,644.0,Spain,Female,59.0,2.0,0.0,1.0,1.0,0.0,145562.71,1
104695,Ritchie,638.0,France,Female,40.0,,0.0,2.0,,1.0,132424.18,0
104696,Hs?,598.0,Spain,Female,52.0,1.0,142683.15,1.0,1.0,1.0,31022.56,1
104697,Ngozichukwuka,697.0,France,Female,60.0,8.0,147545.97,2.0,1.0,1.0,162546.01,1
104698,Chukwumaobim,668.0,France,Male,,2.0,,1.0,1.0,1.0,129950.7,0
104699,Yeh,731.0,Spain,Female,47.0,2.0,0.0,2.0,1.0,0.0,69025.41,0
104700,Thomson,710.0,Germany,Female,28.0,9.0,137712.41,1.0,,1.0,155818.23,0
104701,Okonkwo,486.0,France,Female,28.0,4.0,0.0,1.0,1.0,0.0,83088.22,0
104702,Lettiere,696.0,,,37.0,8.0,0.0,2.0,1.0,1.0,131924.9,0
104703,Calabrese,827.0,France,,34.0,4.0,0.0,2.0,1.0,0.0,125909.85,0
104704,Pai,547.0,France,Female,25.0,4.0,0.0,2.0,1.0,1.0,87338.28,0
104705,Nwabugwu,631.0,,Male,49.0,7.0,72861.51,2.0,1.0,,147780.09,0
104706,Shen,730.0,France,Male,37.0,5.0,109141.98,2.0,1.0,,174042.9,0
104707,Macleod,526.0,France,Male,39.0,2.0,0.0,2.0,1.0,,61936.1,0
104708,Genovesi,635.0,Spain,Male,32.0,9.0,137809.16,,1.0,0.0,,1
104709,Hsia,677.0,,Female,,2.0,161883.18,2.0,1.0,1.0,144374.65,1
104710,Fanucci,,Spain,Female,42.0,6.0,0.0,2.0,1.0,1.0,54053.97,0
104711,Ball,844.0,France,Female,40.0,5.0,0.0,3.0,0.0,0.0,28033.94,1
104712,Aitken,434.0,France,Female,49.0,5.0,124841.44,,0.0,0.0,132819.09,1
104713,Yermakova,,Spain,Male,38.0,6.0,94699.77,2.0,0.0,0.0,120927.57,0
104714,Onyemachukwu,707.0,Spain,Male,46.0,9.0,104859.49,1.0,1.0,1.0,173435.21,0
104715,H?,659.0,Spain,Male,32.0,3.0,85243.25,1.0,1.0,0.0,131647.48,0
104716,Ch'in,517.0,France,Male,47.0,7.0,105809.31,3.0,1.0,0.0,118456.18,1
104717,Yobachukwu,586.0,France,Male,42.0,4.0,0.0,2.0,,,160826.83,0
104718,De Luca,716.0,Germany,Female,32.0,1.0,95315.3,1.0,,1.0,53310.58,0
104719,Macartney,726.0,Germany,Female,34.0,10.0,142719.55,2.0,0.0,1.0,145005.2,0
104720,Cantamessa,638.0,Spain,Female,30.0,2.0,0.0,1.0,1.0,1.0,,1
104721,Chuang,752.0,,,39.0,,81405.88,2.0,0.0,0.0,176598.67,0
104722,Chidozie,528.0,Spain,Female,36.0,6.0,100454.21,1.0,0.0,1.0,187770.83,0
104723,H?,648.0,Germany,Male,37.0,9.0,95690.25,2.0,1.0,0.0,147648.07,0
104724,Walker,451.0,France,,30.0,2.0,0.0,2.0,0.0,1.0,113557.55,0
104725,Duncan,525.0,France,Female,29.0,0.0,145108.34,1.0,1.0,1.0,44453.5,0
104726,Ch'in,681.0,France,,28.0,3.0,151734.38,,1.0,1.0,160854.16,0
104727,Nkemakonam,,France,Female,54.0,6.0,0.0,1.0,1.0,0.0,72644.51,1
104728,Trevisano,714.0,Germany,Male,38.0,6.0,135095.79,1.0,1.0,0.0,121554.9,1
104729,Chidubem,838.0,Germany,Female,48.0,2.0,115301.31,1.0,1.0,0.0,129964.82,1
104730,Smith,581.0,Germany,Male,39.0,5.0,104735.15,2.0,1.0,0.0,194466.6,0
104731,Mazzanti,756.0,Germany,Female,39.0,6.0,100449.3,,0.0,0.0,116317.0,0
104732,T'ao,652.0,Germany,Male,44.0,2.0,114017.91,3.0,1.0,0.0,102795.61,1
104733,Onwuamaeze,588.0,France,Male,36.0,3.0,104818.4,1.0,,1.0,26497.58,0
104734,Scott,705.0,Spain,Female,,9.0,70598.45,1.0,0.0,1.0,129730.71,0
104735,Carpenter,649.0,France,Male,32.0,9.0,111633.0,2.0,1.0,1.0,171505.94,0
104736,Uspenskaya,625.0,Germany,Male,59.0,4.0,108228.11,2.0,0.0,1.0,137143.82,0
104737,Onwuamaeze,577.0,France,Male,36.0,5.0,0.0,2.0,1.0,1.0,127948.17,0
104738,Obialo,727.0,Germany,Female,43.0,5.0,139710.86,2.0,1.0,1.0,153012.13,0
104739,Tsou,576.0,France,Female,28.0,3.0,106414.57,2.0,0.0,0.0,35940.93,0
104740,Ch'eng,712.0,,Female,43.0,2.0,132755.35,2.0,1.0,1.0,151553.62,0
104741,Ugochukwu,735.0,Spain,Male,,2.0,0.0,,,0.0,102002.18,0
104742,Hsing,697.0,France,Male,34.0,,0.0,2.0,1.0,1.0,112372.07,0
104743,Hsieh,649.0,France,Male,50.0,5.0,0.0,1.0,1.0,0.0,176759.76,1
104744,Lai,755.0,Germany,Male,46.0,1.0,108963.52,3.0,1.0,1.0,171449.61,1
104745,Liao,576.0,Spain,Male,34.0,5.0,0.0,2.0,1.0,1.0,141359.31,0
104746,H?,605.0,France,Female,33.0,3.0,0.0,1.0,1.0,0.0,118786.51,0
104747,Ch'eng,703.0,France,Female,43.0,9.0,142475.87,2.0,1.0,1.0,50533.05,0
104748,Onyekachi,648.0,France,,42.0,2.0,0.0,1.0,0.0,1.0,166922.02,0
104749,Hill,667.0,France,Male,30.0,2.0,122453.97,1.0,1.0,1.0,159899.97,0
104750,Taylor,596.0,France,Male,37.0,3.0,0.0,1.0,1.0,0.0,161581.36,0
104751,Walker,703.0,France,Male,33.0,6.0,0.0,2.0,,0.0,86619.77,0
104752,Okonkwo,634.0,France,Male,38.0,9.0,0.0,2.0,0.0,0.0,155758.17,0
104753,Douglas,743.0,Spain,Female,43.0,5.0,0.0,1.0,1.0,1.0,107592.21,1
104754,Henderson,711.0,France,Female,24.0,8.0,0.0,1.0,0.0,,,1
104755,Lu,480.0,Spain,Female,45.0,9.0,174871.11,1.0,1.0,0.0,16684.37,1
104756,Pisano,685.0,France,Female,35.0,9.0,0.0,2.0,1.0,1.0,,0
104757,Onyemauchechukwu,614.0,France,Female,43.0,5.0,0.0,2.0,1.0,0.0,184564.67,0
104758,Yuan,481.0,France,,29.0,7.0,73218.89,1.0,0.0,1.0,71154.41,0
104759,Vessels,513.0,Spain,Male,,1.0,0.0,2.0,1.0,1.0,140167.97,0
104760,Hs?,739.0,,Male,38.0,6.0,123070.89,,1.0,1.0,145573.06,0
104761,Hsiao,606.0,Spain,Female,41.0,8.0,,,0.0,0.0,90877.53,1
104762,Ejimofor,749.0,Spain,Female,43.0,9.0,0.0,2.0,1.0,0.0,145574.38,0
104763,Osonduagwuike,735.0,France,Female,58.0,0.0,,1.0,1.0,0.0,,1
104764,Lombardo,641.0,France,Female,,3.0,0.0,,1.0,0.0,115265.75,1
104765,Eluemuno,452.0,Germany,Female,57.0,8.0,90112.6,,,0.0,143082.64,1
104766,Ch'in,776.0,France,Female,27.0,1.0,0.0,2.0,,1.0,62684.06,0
104767,Bradley,,France,Female,39.0,2.0,0.0,2.0,,1.0,176773.34,0
104768,Iqbal,651.0,France,Male,30.0,8.0,123817.0,1.0,1.0,1.0,100545.0,0
104769,Nnanna,731.0,France,Female,44.0,4.0,0.0,1.0,0.0,1.0,124386.09,1
104770,H?,572.0,Spain,Male,40.0,3.0,,2.0,1.0,1.0,152710.93,0
104771,Ugoji,705.0,Spain,Male,36.0,1.0,0.0,2.0,1.0,0.0,112438.29,0
104772,Shih,586.0,Spain,Female,36.0,7.0,0.0,2.0,0.0,0.0,57644.51,0
104773,Kao,712.0,France,Female,48.0,3.0,36739.56,2.0,1.0,0.0,149146.4,1
104774,Pinto,633.0,Germany,Female,38.0,3.0,152569.59,2.0,1.0,1.0,79085.43,0
104775,Ives,714.0,France,Male,,5.0,97478.7,1.0,1.0,1.0,195361.7,0
104776,Maclean,659.0,Spain,Male,,5.0,0.0,1.0,0.0,0.0,137130.2,0
104777,Teng,531.0,France,Male,47.0,9.0,0.0,2.0,1.0,,126737.92,0
104778,Onyemauchechukwu,547.0,France,Male,33.0,1.0,0.0,2.0,1.0,1.0,176878.69,0
104779,Abron,629.0,France,Male,32.0,1.0,127561.91,1.0,1.0,1.0,34617.63,0
104780,McGregor,,Germany,Male,20.0,3.0,119961.14,2.0,1.0,1.0,100576.43,0
104781,Ko,741.0,France,Female,34.0,7.0,,2.0,1.0,0.0,167984.72,0
104782,Chia,618.0,France,Male,36.0,,161806.48,1.0,1.0,1.0,60688.79,0
104783,Matveyeva,736.0,Germany,Female,39.0,5.0,111528.18,2.0,1.0,0.0,87429.7,0
104784,Shih,587.0,Spain,Male,40.0,5.0,0.0,2.0,1.0,1.0,117036.15,0
104785,Onyemachukwu,681.0,Spain,Female,49.0,,0.0,2.0,1.0,1.0,111807.03,0
104786,Palerma,589.0,Germany,Male,28.0,3.0,133777.16,,1.0,0.0,161061.94,1
104787,Ch'in,606.0,France,Male,37.0,6.0,99525.1,,1.0,0.0,65893.5,0
104788,Walker,551.0,,Female,29.0,3.0,101964.12,1.0,1.0,,180594.9,0
104789,Chibueze,707.0,France,,68.0,2.0,0.0,1.0,1.0,1.0,105986.01,0
104790,Chin,644.0,France,Male,37.0,10.0,0.0,2.0,1.0,1.0,144880.81,0
104791,Hsueh,543.0,Spain,Female,35.0,9.0,0.0,2.0,1.0,0.0,175048.27,0
104792,Marsden,607.0,France,,38.0,8.0,90989.97,1.0,,1.0,169763.89,1
104793,K'ung,723.0,France,Female,43.0,5.0,0.0,1.0,1.0,0.0,,0
104794,Folliero,648.0,France,Male,47.0,5.0,118399.61,1.0,1.0,0.0,93970.98,0
104795,Hs?eh,589.0,Germany,Male,29.0,7.0,162274.53,2.0,0.0,0.0,172397.9,0
104796,Tang,686.0,France,Female,19.0,2.0,136671.18,,0.0,0.0,,0
104797,Onyekachi,688.0,France,Male,40.0,5.0,0.0,2.0,1.0,0.0,142988.07,0
104798,Chiawuotu,765.0,France,,31.0,3.0,127160.78,2.0,1.0,0.0,5315.42,0
104799,Calabresi,710.0,France,Male,23.0,4.0,126641.69,1.0,0.0,0.0,127865.84,0
104800,Chukwudi,549.0,France,Male,61.0,8.0,,2.0,0.0,1.0,187841.57,0
104801,Fomin,626.0,France,Male,,1.0,0.0,1.0,0.0,0.0,153359.33,1
104802,Evseev,685.0,France,Female,33.0,3.0,116316.27,1.0,0.0,1.0,103378.05,0
104803,Genovese,707.0,,Female,23.0,10.0,,2.0,1.0,0.0,69474.04,0
104804,Pagnotto,816.0,France,Male,26.0,3.0,175458.06,2.0,1.0,,96807.37,0
104805,Chiu,581.0,France,Male,43.0,,0.0,2.0,1.0,0.0,56768.09,0
104806,Fraser,,,Male,32.0,3.0,130188.45,1.0,1.0,0.0,160548.75,0
104807,Sagese,725.0,Germany,Male,37.0,5.0,141233.59,1.0,1.0,0.0,179764.67,0
104808,Smith,677.0,Germany,Male,41.0,7.0,116071.09,2.0,,0.0,142275.01,0
104809,T'ao,649.0,Spain,Female,44.0,9.0,0.0,1.0,0.0,0.0,67995.21,1
104810,Chiazagomekpere,559.0,France,Male,28.0,4.0,122724.37,1.0,1.0,1.0,157557.04,0
104811,Aitken,,France,Female,32.0,8.0,0.0,1.0,1.0,1.0,93666.84,0
104812,Chinwenma,,France,Female,34.0,7.0,0.0,2.0,0.0,,55866.64,0
104813,Iloerika,797.0,,Male,38.0,1.0,0.0,1.0,1.0,1.0,83086.89,0
104814,Hsueh,658.0,France,Female,22.0,,0.0,2.0,1.0,0.0,95206.66,0
104815,Kuo,602.0,France,Female,41.0,8.0,0.0,2.0,1.0,1.0,138499.31,0
104816,Genovese,592.0,Spain,Female,39.0,1.0,0.0,2.0,0.0,0.0,184693.78,0
104817,Chukwufumnanya,617.0,France,Male,44.0,4.0,,2.0,1.0,1.0,34064.35,0
104818,Hsiao,791.0,France,Male,48.0,6.0,0.0,2.0,1.0,0.0,53318.31,1
104819,Lo Duca,645.0,Spain,Male,33.0,,0.0,2.0,1.0,0.0,,0
104820,Franklin,602.0,France,Female,36.0,5.0,0.0,2.0,0.0,1.0,,0
104821,Lettiere,599.0,France,Female,,4.0,0.0,,1.0,0.0,89566.64,1
104822,Tuan,705.0,France,,25.0,9.0,0.0,2.0,1.0,0.0,169048.85,0
104823,Chiu,767.0,Germany,Male,38.0,10.0,104552.06,1.0,0.0,1.0,194484.15,1
104824,Rizzo,631.0,France,Female,26.0,1.0,118836.69,,1.0,1.0,106040.23,0
104825,Nwabugwu,724.0,Germany,Female,45.0,5.0,129812.0,1.0,,,177412.66,1
104826,Ford,595.0,Germany,Male,36.0,5.0,122326.12,2.0,,0.0,158891.8,0
104827,Ch'ang,659.0,Germany,Male,50.0,2.0,112119.85,4.0,1.0,0.0,181378.39,1
104828,P'eng,616.0,France,Male,38.0,1.0,0.0,2.0,1.0,1.0,101076.88,0
104829,Akubundu,721.0,Germany,Male,50.0,8.0,126458.3,2.0,0.0,0.0,69584.48,0
104830,T'ang,651.0,France,Male,37.0,7.0,99816.27,1.0,1.0,0.0,63114.31,0
104831,Hsieh,,Spain,Male,46.0,3.0,0.0,1.0,0.0,1.0,46004.78,0
104832,Fiorentino,543.0,Germany,Male,38.0,4.0,99245.96,2.0,,0.0,184601.72,1
104833,Smith,618.0,Spain,Female,40.0,9.0,0.0,2.0,1.0,,98640.44,0
104834,Wei,774.0,Germany,Male,49.0,3.0,99966.79,1.0,0.0,1.0,176723.33,0
104835,Hussain,635.0,France,Male,42.0,6.0,0.0,2.0,1.0,1.0,151158.1,0
104836,Mazzanti,644.0,France,Female,46.0,1.0,0.0,1.0,1.0,1.0,124628.47,1
104837,Trevisani,629.0,Germany,Female,68.0,3.0,109690.6,1.0,1.0,1.0,64272.1,1
104838,Nnachetam,733.0,France,Male,39.0,6.0,91879.32,1.0,1.0,0.0,62322.55,0
104839,Sagese,806.0,France,Male,31.0,7.0,0.0,2.0,1.0,1.0,155795.09,0
104840,Pirozzi,724.0,France,Female,35.0,1.0,0.0,1.0,1.0,1.0,109617.29,0
104841,Folliero,599.0,France,Male,27.0,5.0,0.0,2.0,1.0,1.0,139971.01,0
104842,Nwankwo,589.0,Germany,Female,35.0,1.0,129357.91,1.0,1.0,1.0,121674.65,0
104843,Kelechi,668.0,France,Male,34.0,4.0,98400.61,2.0,0.0,0.0,166936.99,0
104844,Ch'iu,703.0,Spain,,,,117189.06,1.0,1.0,0.0,199952.15,1
104845,Mironova,625.0,Spain,Male,37.0,2.0,,2.0,,0.0,154869.96,0
104846,Sun,516.0,France,,29.0,4.0,124495.98,,1.0,1.0,115195.53,0
104847,Mazzi,559.0,France,Female,33.0,9.0,0.0,2.0,1.0,0.0,94764.12,0
104848,Onyemauchechukwu,675.0,France,Female,46.0,5.0,0.0,1.0,1.0,0.0,181270.84,1
104849,Tien,675.0,France,Female,57.0,8.0,0.0,2.0,,1.0,180598.76,0
104850,Trevisani,729.0,France,Male,29.0,0.0,0.0,2.0,1.0,0.0,161655.13,0
104851,Hsiung,531.0,Germany,Female,48.0,9.0,131284.88,1.0,1.0,,17409.92,1
104852,Obijiaku,815.0,Spain,Female,42.0,4.0,0.0,2.0,1.0,0.0,74861.83,0
104853,Lai,755.0,France,Female,33.0,8.0,0.0,1.0,1.0,1.0,143870.65,0
104854,Pirozzi,663.0,France,Male,38.0,8.0,124461.2,,1.0,,65926.15,0
104855,Lucchesi,694.0,Germany,Male,35.0,8.0,107723.04,1.0,1.0,0.0,125431.17,0
104856,Oguejiofor,697.0,,Male,32.0,6.0,0.0,2.0,1.0,0.0,183492.9,0
104857,Chin,638.0,France,Female,44.0,5.0,0.0,1.0,1.0,0.0,167066.95,1
104858,McElhone,516.0,France,Male,36.0,5.0,0.0,2.0,0.0,0.0,4530.71,0
104859,Lo Duca,675.0,France,Female,39.0,9.0,84521.49,1.0,1.0,1.0,109869.93,0
104860,T'ien,619.0,Spain,Male,,1.0,0.0,2.0,1.0,1.0,145558.42,0
104861,Zetticci,476.0,Spain,Male,42.0,10.0,0.0,2.0,1.0,0.0,131908.23,0
104862,Hsueh,594.0,Germany,,40.0,9.0,152496.82,1.0,1.0,0.0,125870.52,0
104863,Williamson,,France,Male,32.0,7.0,0.0,2.0,1.0,0.0,40221.23,0
104864,Ch'ang,641.0,France,,38.0,6.0,0.0,2.0,1.0,0.0,180598.66,0
104865,Lucchese,681.0,France,Male,31.0,4.0,0.0,1.0,1.0,1.0,157894.15,0
104866,Martin,637.0,France,Male,27.0,3.0,116003.16,1.0,1.0,1.0,73342.91,0
104867,Kuykendall,641.0,France,Female,39.0,,78537.17,1.0,,0.0,174784.57,0
104868,Fanucci,757.0,France,Male,32.0,8.0,127662.32,1.0,0.0,0.0,62252.72,1
104869,Yudina,742.0,France,Male,34.0,,87939.45,1.0,0.0,1.0,119898.66,0
104870,Nnachetam,704.0,Germany,Female,61.0,10.0,117063.65,1.0,1.0,1.0,100187.43,0
104871,Trevisano,725.0,France,Female,31.0,2.0,0.0,2.0,1.0,0.0,86621.48,0
104872,T'ang,507.0,France,Male,48.0,6.0,0.0,2.0,,0.0,117946.21,0
104873,Thompson,683.0,France,,29.0,3.0,0.0,2.0,1.0,1.0,5689.18,0
104874,Yermakov,703.0,France,Male,33.0,8.0,132623.76,1.0,1.0,1.0,67483.45,0
104875,Nwabugwu,690.0,France,Male,39.0,7.0,0.0,,,0.0,116086.79,1
104876,Yashina,659.0,France,Male,25.0,3.0,73376.01,1.0,,1.0,131690.66,0
104877,Iloerika,645.0,France,Male,,8.0,0.0,2.0,1.0,0.0,,0
104878,Shih,560.0,France,Male,38.0,5.0,0.0,2.0,1.0,0.0,166909.85,0
104879,Shaw,505.0,France,Female,37.0,6.0,0.0,2.0,1.0,1.0,147949.36,0
104880,Iweobiegbunam,687.0,France,Female,30.0,5.0,0.0,2.0,1.0,,121537.93,0
104881,Stevenson,703.0,Germany,Female,52.0,5.0,83609.09,1.0,1.0,0.0,172618.52,1
104882,Lucciano,757.0,Germany,Female,35.0,6.0,137445.86,1.0,1.0,,183573.08,1
104883,Nicholson,685.0,France,Male,,7.0,0.0,1.0,0.0,0.0,137645.72,0
104884,Uspensky,492.0,France,Male,30.0,2.0,0.0,,1.0,0.0,38772.65,0
104885,Pinto,727.0,Germany,Female,29.0,8.0,121573.14,1.0,1.0,0.0,175749.6,0
104886,Yobanna,709.0,France,Female,33.0,4.0,0.0,2.0,0.0,1.0,55879.74,0
104887,Fang,619.0,Spain,Female,31.0,8.0,0.0,2.0,1.0,1.0,71781.36,0
104888,Onuchukwu,,France,Male,36.0,3.0,0.0,1.0,1.0,1.0,19720.08,0
104889,Nwebube,582.0,France,Male,59.0,,0.0,2.0,1.0,1.0,187915.72,0
104890,Clements,554.0,France,Female,21.0,8.0,0.0,2.0,,0.0,161073.91,0
104891,Wood,615.0,France,Male,43.0,5.0,0.0,1.0,1.0,0.0,194479.22,1
104892,Genovese,699.0,Spain,Male,31.0,9.0,0.0,2.0,1.0,1.0,177528.93,0
104893,Shih,600.0,France,Male,,7.0,153871.03,1.0,1.0,1.0,147964.88,0
104894,Ebelegbulam,850.0,France,Female,43.0,1.0,0.0,2.0,1.0,0.0,37315.84,1
104895,Bischof,699.0,France,,44.0,,0.0,2.0,1.0,1.0,141872.52,0
104896,Ma,699.0,France,Female,31.0,6.0,0.0,1.0,1.0,1.0,63736.17,0
104897,Gorshkov,724.0,France,Female,34.0,2.0,95729.53,1.0,1.0,1.0,61805.72,0
104898,Loggia,743.0,Germany,Female,45.0,2.0,116971.02,1.0,1.0,1.0,171796.51,1
104899,Chikezie,601.0,Germany,Male,37.0,7.0,115444.34,1.0,1.0,1.0,90876.87,0
104900,Liao,705.0,France,Female,31.0,1.0,122814.85,1.0,1.0,0.0,167110.1,0
104901,Brown,584.0,Germany,Male,25.0,4.0,119998.29,1.0,1.0,0.0,115757.58,0
104902,Biryukov,647.0,France,Female,26.0,3.0,105598.03,1.0,,0.0,61599.3,0
104903,Chidubem,614.0,France,Male,33.0,9.0,0.0,2.0,1.0,0.0,171378.77,0
104904,Fan,735.0,France,Male,38.0,6.0,0.0,2.0,0.0,1.0,100925.58,0
104905,Toscani,632.0,,Male,39.0,10.0,0.0,2.0,1.0,,97949.73,0
104906,Ch'en,581.0,France,Male,33.0,3.0,0.0,2.0,1.0,1.0,,0
104907,Mancini,720.0,France,,,6.0,0.0,2.0,0.0,1.0,196374.0,1
104908,Tien,696.0,France,Male,35.0,3.0,0.0,1.0,0.0,0.0,75757.83,0
104909,Ndubueze,730.0,Spain,,37.0,3.0,0.0,2.0,1.0,0.0,52876.41,0
104910,Patterson,,France,Female,,2.0,157235.5,1.0,1.0,0.0,163983.81,0
104911,Manna,613.0,France,Female,44.0,9.0,0.0,,1.0,1.0,105162.63,0
104912,Mazzanti,679.0,France,Male,71.0,5.0,122570.77,1.0,1.0,1.0,114510.62,0
104913,Hayslett,633.0,France,,29.0,1.0,96645.54,2.0,0.0,0.0,117031.2,0
104914,Swearingen,717.0,,Female,30.0,6.0,81027.83,1.0,1.0,1.0,180598.31,0
104915,Nwankwo,,Spain,Male,31.0,10.0,132448.96,,1.0,0.0,161326.32,0
104916,Chukwuemeka,718.0,,Male,35.0,4.0,0.0,2.0,1.0,0.0,132333.33,0
104917,Nkemakolam,637.0,France,Female,,1.0,0.0,,1.0,1.0,147926.33,1
104918,T'ien,730.0,France,Male,32.0,7.0,0.0,2.0,0.0,0.0,90876.96,0
104919,Okechukwu,556.0,France,Female,,8.0,0.0,1.0,1.0,0.0,,1
104920,Onyemauchechukwu,723.0,Germany,Female,38.0,10.0,107921.55,,1.0,1.0,162944.33,1
104921,H?,537.0,France,Female,41.0,4.0,0.0,1.0,,0.0,171494.79,0
104922,Hao,831.0,Spain,Female,38.0,6.0,0.0,1.0,1.0,1.0,,0
104923,Bentley,582.0,France,,29.0,6.0,,1.0,1.0,0.0,77958.49,0
104924,Mazzanti,731.0,Spain,Male,28.0,2.0,0.0,1.0,1.0,0.0,,0
104925,O'Donnell,739.0,Spain,Male,36.0,5.0,0.0,2.0,,0.0,53478.02,0
104926,Ch'ang,589.0,Spain,Male,51.0,10.0,0.0,1.0,1.0,1.0,131308.14,1
104927,Okechukwu,708.0,France,Male,,3.0,0.0,2.0,1.0,1.0,198490.36,0
104928,Campbell,678.0,France,Female,38.0,6.0,118545.28,1.0,1.0,1.0,148840.73,0
104929,Trevisani,705.0,Germany,Male,33.0,6.0,108550.66,,1.0,0.0,132724.63,1
104930,Gell,645.0,Spain,Male,42.0,8.0,119302.06,1.0,1.0,0.0,119325.45,0
104931,Chiemela,431.0,Spain,Male,32.0,7.0,0.0,2.0,1.0,1.0,113080.07,0
104932,Tao,616.0,France,Male,38.0,8.0,0.0,2.0,1.0,0.0,40318.33,0
104933,Chidiebere,663.0,Germany,Male,45.0,4.0,105419.84,1.0,1.0,0.0,152498.35,1
104934,Onuora,543.0,France,Female,38.0,6.0,,2.0,0.0,0.0,114554.16,0
104935,Chikezie,630.0,Spain,Male,42.0,9.0,137910.45,1.0,1.0,,96748.47,0
104936,Chiang,661.0,Germany,Male,49.0,9.0,100779.06,1.0,1.0,0.0,47428.73,1
104937,Yeh,666.0,France,,38.0,5.0,149573.26,2.0,1.0,1.0,125055.99,1
104938,Henderson,632.0,France,Female,36.0,9.0,0.0,2.0,1.0,1.0,170039.71,0
104939,Maclean,562.0,Spain,,39.0,3.0,0.0,2.0,1.0,0.0,83460.92,0
104940,Ch'ien,653.0,Germany,Female,36.0,7.0,112300.02,,1.0,0.0,178360.96,1
104941,Harris,531.0,,Female,32.0,6.0,114729.5,2.0,1.0,0.0,127581.92,0
104942,T'ien,697.0,Germany,,,8.0,103586.68,1.0,0.0,0.0,70069.78,1
104943,Kuo,579.0,France,Male,40.0,2.0,0.0,2.0,1.0,0.0,187900.12,0
104944,Onwumelu,650.0,Spain,Male,42.0,5.0,98896.08,1.0,,1.0,163735.15,0
104945,Milano,538.0,Spain,Male,38.0,5.0,0.0,2.0,1.0,0.0,18348.33,0
104946,Scott,696.0,,Male,35.0,8.0,,2.0,0.0,,27496.51,0
104947,Yermakova,697.0,France,Female,34.0,8.0,0.0,2.0,1.0,0.0,121866.87,0
104948,Onyemere,,France,Male,33.0,5.0,0.0,1.0,1.0,1.0,117569.9,0
104949,Efremova,494.0,France,Male,,4.0,0.0,2.0,0.0,,161411.99,0
104950,Onuoha,793.0,France,,24.0,5.0,0.0,2.0,,0.0,150720.39,0
104951,Osonduagwuike,718.0,France,Male,45.0,9.0,0.0,2.0,0.0,0.0,199579.86,0
104952,Lucchese,543.0,France,Female,37.0,7.0,,2.0,1.0,0.0,,0
104953,Tseng,716.0,France,Female,35.0,8.0,67913.36,2.0,,1.0,38793.81,0
104954,White,633.0,Germany,Male,35.0,8.0,133783.64,,0.0,1.0,151319.5,0
104955,Black,501.0,France,Female,36.0,2.0,0.0,2.0,1.0,0.0,105570.88,0
104956,Kent,561.0,France,Female,36.0,10.0,93318.86,2.0,1.0,0.0,166362.14,0
104957,Black,634.0,France,Male,25.0,4.0,130933.74,1.0,1.0,0.0,119913.69,0
104958,Echezonachukwu,561.0,Spain,Male,32.0,,0.0,1.0,1.0,0.0,167927.91,0
104959,Mazzanti,663.0,Germany,,40.0,9.0,111074.2,2.0,1.0,1.0,121061.87,0
104960,Tung,515.0,France,Female,48.0,9.0,0.0,4.0,,0.0,21823.01,1
104961,Kao,639.0,Spain,Female,33.0,10.0,0.0,2.0,1.0,1.0,73585.18,0
104962,Manna,585.0,Spain,Female,32.0,1.0,133898.57,2.0,,0.0,125875.41,0
104963,Hsia,581.0,France,Male,31.0,2.0,96870.33,,1.0,1.0,57553.02,0
104964,Toscani,716.0,Spain,Male,47.0,8.0,0.0,1.0,1.0,1.0,30067.65,1
104965,O'Sullivan,604.0,France,Male,37.0,4.0,79272.53,2.0,1.0,0.0,146047.55,0
104966,Yobanna,714.0,Germany,Female,52.0,5.0,,1.0,1.0,1.0,4465.52,1
104967,Mao,588.0,France,Female,61.0,1.0,0.0,2.0,1.0,1.0,77867.09,0
104968,Lo Duca,771.0,Spain,Female,36.0,2.0,0.0,2.0,0.0,,,0
104969,Ritchie,707.0,France,,36.0,8.0,0.0,2.0,,0.0,83485.28,0
104970,K?,605.0,France,Male,37.0,9.0,0.0,1.0,1.0,1.0,103382.62,0
104971,Hampton,676.0,France,Female,36.0,8.0,0.0,2.0,1.0,1.0,151313.74,0
104972,Y?an,824.0,Germany,,34.0,9.0,,2.0,1.0,0.0,60905.94,0
104973,Lombardo,633.0,France,Male,25.0,2.0,0.0,,0.0,0.0,48349.16,0
104974,Milanesi,,France,Male,39.0,0.0,109922.61,1.0,1.0,1.0,12341.65,0
104975,Uspenskaya,639.0,Spain,Female,36.0,3.0,0.0,2.0,0.0,0.0,26881.45,0
104976,Chidi,585.0,France,Female,55.0,9.0,,2.0,0.0,1.0,88700.53,1
104977,Toscani,651.0,France,Male,39.0,1.0,0.0,2.0,,0.0,191415.57,0
104978,Ejikemeifeuwa,576.0,France,Male,40.0,8.0,0.0,2.0,1.0,1.0,88737.43,0
104979,T'ao,667.0,Spain,,38.0,2.0,,2.0,1.0,0.0,54800.83,0
104980,T'ao,605.0,Spain,,28.0,2.0,0.0,2.0,0.0,0.0,129192.55,0
104981,Kao,636.0,,Male,45.0,9.0,0.0,2.0,0.0,1.0,187816.59,0
104982,Lehr,670.0,Spain,Male,39.0,,0.0,2.0,1.0,1.0,152881.66,0
104983,Tsai,668.0,France,Female,38.0,5.0,133824.32,1.0,1.0,1.0,74333.35,0
104984,Ukaegbunam,685.0,France,Female,29.0,5.0,165491.95,1.0,1.0,0.0,126553.03,0
104985,Harker,582.0,Germany,,,10.0,141775.89,2.0,1.0,1.0,,0
104986,Lo Duca,627.0,France,Male,42.0,2.0,170698.46,1.0,1.0,,,0
104987,Palerma,658.0,France,Female,27.0,2.0,,2.0,0.0,0.0,10657.77,0
104988,Okeke,706.0,France,Female,23.0,7.0,0.0,1.0,1.0,0.0,11525.72,0
104989,Tien,661.0,Germany,Female,41.0,,107186.64,1.0,1.0,0.0,79464.99,0
104990,Pankhurst,847.0,,Male,29.0,2.0,108811.79,1.0,1.0,1.0,117608.57,0
104991,Dale,733.0,Germany,Male,42.0,5.0,92610.39,2.0,1.0,0.0,119274.12,1
104992,Tuan,,France,Male,37.0,4.0,0.0,2.0,1.0,1.0,166515.18,0
104993,Nnanna,537.0,Germany,Male,35.0,5.0,90307.1,1.0,0.0,0.0,64451.58,1
104994,Madukaego,653.0,France,Female,40.0,4.0,0.0,2.0,1.0,1.0,187902.51,0
104995,Mazzanti,694.0,France,Female,36.0,0.0,121574.69,2.0,1.0,1.0,105213.2,0
104996,Chiemenam,744.0,France,Female,58.0,1.0,139183.17,2.0,0.0,1.0,24985.04,0
104997,T'ao,809.0,France,Male,42.0,4.0,118103.43,1.0,,1.0,,0
104998,Davey,663.0,Spain,Male,45.0,8.0,0.0,2.0,1.0,1.0,140136.38,0
104999,Padovesi,632.0,Germany,Male,35.0,9.0,124233.24,1.0,0.0,1.0,168230.12,0
